-- MySQL dump 10.13  Distrib 5.5.25a, for Linux (i686)
--
-- Host: localhost    Database: ameliadb
-- ------------------------------------------------------
-- Server version	5.5.25a-log

/*!40101 SET @OLD_CHARACTER_SET_CLIENT=@@CHARACTER_SET_CLIENT */;
/*!40101 SET @OLD_CHARACTER_SET_RESULTS=@@CHARACTER_SET_RESULTS */;
/*!40101 SET @OLD_COLLATION_CONNECTION=@@COLLATION_CONNECTION */;
/*!40101 SET NAMES utf8 */;
/*!40103 SET @OLD_TIME_ZONE=@@TIME_ZONE */;
/*!40103 SET TIME_ZONE='+00:00' */;
/*!40014 SET @OLD_UNIQUE_CHECKS=@@UNIQUE_CHECKS, UNIQUE_CHECKS=0 */;
/*!40014 SET @OLD_FOREIGN_KEY_CHECKS=@@FOREIGN_KEY_CHECKS, FOREIGN_KEY_CHECKS=0 */;
/*!40101 SET @OLD_SQL_MODE=@@SQL_MODE, SQL_MODE='NO_AUTO_VALUE_ON_ZERO' */;
/*!40111 SET @OLD_SQL_NOTES=@@SQL_NOTES, SQL_NOTES=0 */;

--
-- Table structure for table `auth_group`
--

DROP TABLE IF EXISTS `auth_group`;
/*!40101 SET @saved_cs_client     = @@character_set_client */;
/*!40101 SET character_set_client = utf8 */;
CREATE TABLE `auth_group` (
  `id` int(11) NOT NULL AUTO_INCREMENT,
  `name` varchar(80) NOT NULL,
  PRIMARY KEY (`id`),
  UNIQUE KEY `name` (`name`)
) ENGINE=InnoDB DEFAULT CHARSET=utf8;
/*!40101 SET character_set_client = @saved_cs_client */;

--
-- Dumping data for table `auth_group`
--

LOCK TABLES `auth_group` WRITE;
/*!40000 ALTER TABLE `auth_group` DISABLE KEYS */;
/*!40000 ALTER TABLE `auth_group` ENABLE KEYS */;
UNLOCK TABLES;

--
-- Table structure for table `auth_group_permissions`
--

DROP TABLE IF EXISTS `auth_group_permissions`;
/*!40101 SET @saved_cs_client     = @@character_set_client */;
/*!40101 SET character_set_client = utf8 */;
CREATE TABLE `auth_group_permissions` (
  `id` int(11) NOT NULL AUTO_INCREMENT,
  `group_id` int(11) NOT NULL,
  `permission_id` int(11) NOT NULL,
  PRIMARY KEY (`id`),
  UNIQUE KEY `group_id` (`group_id`,`permission_id`),
  KEY `auth_group_permissions_425ae3c4` (`group_id`),
  KEY `auth_group_permissions_1e014c8f` (`permission_id`),
  CONSTRAINT `group_id_refs_id_3cea63fe` FOREIGN KEY (`group_id`) REFERENCES `auth_group` (`id`),
  CONSTRAINT `permission_id_refs_id_5886d21f` FOREIGN KEY (`permission_id`) REFERENCES `auth_permission` (`id`)
) ENGINE=InnoDB DEFAULT CHARSET=utf8;
/*!40101 SET character_set_client = @saved_cs_client */;

--
-- Dumping data for table `auth_group_permissions`
--

LOCK TABLES `auth_group_permissions` WRITE;
/*!40000 ALTER TABLE `auth_group_permissions` DISABLE KEYS */;
/*!40000 ALTER TABLE `auth_group_permissions` ENABLE KEYS */;
UNLOCK TABLES;

--
-- Table structure for table `auth_permission`
--

DROP TABLE IF EXISTS `auth_permission`;
/*!40101 SET @saved_cs_client     = @@character_set_client */;
/*!40101 SET character_set_client = utf8 */;
CREATE TABLE `auth_permission` (
  `id` int(11) NOT NULL AUTO_INCREMENT,
  `name` varchar(50) NOT NULL,
  `content_type_id` int(11) NOT NULL,
  `codename` varchar(100) NOT NULL,
  PRIMARY KEY (`id`),
  UNIQUE KEY `content_type_id` (`content_type_id`,`codename`),
  KEY `auth_permission_1bb8f392` (`content_type_id`),
  CONSTRAINT `content_type_id_refs_id_728de91f` FOREIGN KEY (`content_type_id`) REFERENCES `django_content_type` (`id`)
) ENGINE=InnoDB AUTO_INCREMENT=91 DEFAULT CHARSET=utf8;
/*!40101 SET character_set_client = @saved_cs_client */;

--
-- Dumping data for table `auth_permission`
--

LOCK TABLES `auth_permission` WRITE;
/*!40000 ALTER TABLE `auth_permission` DISABLE KEYS */;
INSERT INTO `auth_permission` VALUES (1,'Can add permission',1,'add_permission'),(2,'Can change permission',1,'change_permission'),(3,'Can delete permission',1,'delete_permission'),(4,'Can add group',2,'add_group'),(5,'Can change group',2,'change_group'),(6,'Can delete group',2,'delete_group'),(7,'Can add user',3,'add_user'),(8,'Can change user',3,'change_user'),(9,'Can delete user',3,'delete_user'),(10,'Can add content type',4,'add_contenttype'),(11,'Can change content type',4,'change_contenttype'),(12,'Can delete content type',4,'delete_contenttype'),(13,'Can add session',5,'add_session'),(14,'Can change session',5,'change_session'),(15,'Can delete session',5,'delete_session'),(16,'Can add site',6,'add_site'),(17,'Can change site',6,'change_site'),(18,'Can delete site',6,'delete_site'),(19,'Can add log entry',7,'add_logentry'),(20,'Can change log entry',7,'change_logentry'),(21,'Can delete log entry',7,'delete_logentry'),(22,'Can add migration history',8,'add_migrationhistory'),(23,'Can change migration history',8,'change_migrationhistory'),(24,'Can delete migration history',8,'delete_migrationhistory'),(25,'Can add kv store',9,'add_kvstore'),(26,'Can change kv store',9,'change_kvstore'),(27,'Can delete kv store',9,'delete_kvstore'),(28,'Can add Категория',10,'add_category'),(29,'Can change Категория',10,'change_category'),(30,'Can delete Категория',10,'delete_category'),(34,'Can add Контент для  страницы \"О нас\"',12,'add_aboutpage'),(35,'Can change Контент для  страницы \"О нас\"',12,'change_aboutpage'),(36,'Can delete Контент для  страницы \"О нас\"',12,'delete_aboutpage'),(37,'Can add Контент для  страницы \"Доставка\"',13,'add_deliverypage'),(38,'Can change Контент для  страницы \"Доставка\"',13,'change_deliverypage'),(39,'Can delete Контент для  страницы \"Доставка\"',13,'delete_deliverypage'),(40,'Can add Контент для  страницы \"Скидки\"',14,'add_discountspage'),(41,'Can change Контент для  страницы \"Скидки\"',14,'change_discountspage'),(42,'Can delete Контент для  страницы \"Скидки\"',14,'delete_discountspage'),(43,'Can add Контент для  страницы \"Оплата\"',15,'add_paymentpage'),(44,'Can change Контент для  страницы \"Оплата\"',15,'change_paymentpage'),(45,'Can delete Контент для  страницы \"Оплата\"',15,'delete_paymentpage'),(46,'Can add Новость',16,'add_news'),(47,'Can change Новость',16,'change_news'),(48,'Can delete Новость',16,'delete_news'),(49,'Can add Изображение новости',17,'add_newimage'),(50,'Can change Изображение новости',17,'change_newimage'),(51,'Can delete Изображение новости',17,'delete_newimage'),(52,'Can add Услуга',18,'add_services'),(53,'Can change Услуга',18,'change_services'),(54,'Can delete Услуга',18,'delete_services'),(55,'Can add slider item',19,'add_slideritem'),(56,'Can change slider item',19,'change_slideritem'),(57,'Can delete slider item',19,'delete_slideritem'),(58,'Can add Контент для главной страницы',20,'add_indexpage'),(59,'Can change Контент для главной страницы',20,'change_indexpage'),(60,'Can delete Контент для главной страницы',20,'delete_indexpage'),(61,'Can add Цветок',21,'add_flower'),(62,'Can change Цветок',21,'change_flower'),(63,'Can delete Цветок',21,'delete_flower'),(64,'Can add Букет',22,'add_bouquet'),(65,'Can change Букет',22,'change_bouquet'),(66,'Can delete Букет',22,'delete_bouquet'),(67,'Can add Элемент букета',23,'add_item'),(68,'Can change Элемент букета',23,'change_item'),(69,'Can delete Элемент букета',23,'delete_item'),(70,'Can add Звонок',24,'add_call'),(71,'Can change Звонок',24,'change_call'),(72,'Can delete Звонок',24,'delete_call'),(76,'Can add cart item',26,'add_cartitem'),(77,'Can change cart item',26,'change_cartitem'),(78,'Can delete cart item',26,'delete_cartitem'),(82,'Can add bouquet image',28,'add_bouquetimage'),(83,'Can change bouquet image',28,'change_bouquetimage'),(84,'Can delete bouquet image',28,'delete_bouquetimage'),(85,'Can add flower image',29,'add_flowerimage'),(86,'Can change flower image',29,'change_flowerimage'),(87,'Can delete flower image',29,'delete_flowerimage'),(88,'Can add order',30,'add_order'),(89,'Can change order',30,'change_order'),(90,'Can delete order',30,'delete_order');
/*!40000 ALTER TABLE `auth_permission` ENABLE KEYS */;
UNLOCK TABLES;

--
-- Table structure for table `auth_user`
--

DROP TABLE IF EXISTS `auth_user`;
/*!40101 SET @saved_cs_client     = @@character_set_client */;
/*!40101 SET character_set_client = utf8 */;
CREATE TABLE `auth_user` (
  `id` int(11) NOT NULL AUTO_INCREMENT,
  `username` varchar(30) NOT NULL,
  `first_name` varchar(30) NOT NULL,
  `last_name` varchar(30) NOT NULL,
  `email` varchar(75) NOT NULL,
  `password` varchar(128) NOT NULL,
  `is_staff` tinyint(1) NOT NULL,
  `is_active` tinyint(1) NOT NULL,
  `is_superuser` tinyint(1) NOT NULL,
  `last_login` datetime NOT NULL,
  `date_joined` datetime NOT NULL,
  PRIMARY KEY (`id`),
  UNIQUE KEY `username` (`username`)
) ENGINE=InnoDB AUTO_INCREMENT=25 DEFAULT CHARSET=utf8;
/*!40101 SET character_set_client = @saved_cs_client */;

--
-- Dumping data for table `auth_user`
--

LOCK TABLES `auth_user` WRITE;
/*!40000 ALTER TABLE `auth_user` DISABLE KEYS */;
INSERT INTO `auth_user` VALUES (1,'iurii','','','asdf@sdlfcomc.com','pbkdf2_sha256$10000$aVN3kUlXubIy$v0lUvV13RBk5XOY1N+ddmErEEeTOct8UJApzwrRI8xk=',1,1,1,'2012-12-26 17:17:51','2012-11-18 11:37:03'),(21,'j@gmail.com','','','j@gmail.com','pbkdf2_sha256$10000$Kkt1PYP2Qw3a$8xg1uOrLkjU2+DM7bGGTj6QJXyqnYqViOrJsSS0a69o=',0,1,0,'2012-12-25 15:29:18','2012-12-24 10:49:07'),(22,'r@gmail.com','','','r@gmail.com','pbkdf2_sha256$10000$SjGgFpwCGwby$86Z0TdZ4kuxZ3tG5X0rb4tFx+2mgCLLbns8w4jHxng4=',0,1,0,'2012-12-26 18:41:40','2012-12-25 11:19:05'),(23,'s@gmail.com','','','s@gmail.com','pbkdf2_sha256$10000$IljwFOMVmZJl$s6+Ash1IT/DWTik23r2i7kdUflMniVwGCfcGN512fyQ=',0,1,0,'2012-12-25 14:51:08','2012-12-25 14:51:08'),(24,'q@gmail.com','','','q@gmail.com','pbkdf2_sha256$10000$3xmNIzavDpl9$TWZeTT/ra/J92G2QQ0/mfXBX9N7Mtgot07yt62Ntrjo=',0,1,0,'2012-12-25 16:41:45','2012-12-25 16:41:45');
/*!40000 ALTER TABLE `auth_user` ENABLE KEYS */;
UNLOCK TABLES;

--
-- Table structure for table `auth_user_groups`
--

DROP TABLE IF EXISTS `auth_user_groups`;
/*!40101 SET @saved_cs_client     = @@character_set_client */;
/*!40101 SET character_set_client = utf8 */;
CREATE TABLE `auth_user_groups` (
  `id` int(11) NOT NULL AUTO_INCREMENT,
  `user_id` int(11) NOT NULL,
  `group_id` int(11) NOT NULL,
  PRIMARY KEY (`id`),
  UNIQUE KEY `user_id` (`user_id`,`group_id`),
  KEY `auth_user_groups_403f60f` (`user_id`),
  KEY `auth_user_groups_425ae3c4` (`group_id`),
  CONSTRAINT `group_id_refs_id_f116770` FOREIGN KEY (`group_id`) REFERENCES `auth_group` (`id`),
  CONSTRAINT `user_id_refs_id_7ceef80f` FOREIGN KEY (`user_id`) REFERENCES `auth_user` (`id`)
) ENGINE=InnoDB DEFAULT CHARSET=utf8;
/*!40101 SET character_set_client = @saved_cs_client */;

--
-- Dumping data for table `auth_user_groups`
--

LOCK TABLES `auth_user_groups` WRITE;
/*!40000 ALTER TABLE `auth_user_groups` DISABLE KEYS */;
/*!40000 ALTER TABLE `auth_user_groups` ENABLE KEYS */;
UNLOCK TABLES;

--
-- Table structure for table `auth_user_user_permissions`
--

DROP TABLE IF EXISTS `auth_user_user_permissions`;
/*!40101 SET @saved_cs_client     = @@character_set_client */;
/*!40101 SET character_set_client = utf8 */;
CREATE TABLE `auth_user_user_permissions` (
  `id` int(11) NOT NULL AUTO_INCREMENT,
  `user_id` int(11) NOT NULL,
  `permission_id` int(11) NOT NULL,
  PRIMARY KEY (`id`),
  UNIQUE KEY `user_id` (`user_id`,`permission_id`),
  KEY `auth_user_user_permissions_403f60f` (`user_id`),
  KEY `auth_user_user_permissions_1e014c8f` (`permission_id`),
  CONSTRAINT `permission_id_refs_id_67e79cb` FOREIGN KEY (`permission_id`) REFERENCES `auth_permission` (`id`),
  CONSTRAINT `user_id_refs_id_dfbab7d` FOREIGN KEY (`user_id`) REFERENCES `auth_user` (`id`)
) ENGINE=InnoDB DEFAULT CHARSET=utf8;
/*!40101 SET character_set_client = @saved_cs_client */;

--
-- Dumping data for table `auth_user_user_permissions`
--

LOCK TABLES `auth_user_user_permissions` WRITE;
/*!40000 ALTER TABLE `auth_user_user_permissions` DISABLE KEYS */;
/*!40000 ALTER TABLE `auth_user_user_permissions` ENABLE KEYS */;
UNLOCK TABLES;

--
-- Table structure for table `bouquets`
--

DROP TABLE IF EXISTS `bouquets`;
/*!40101 SET @saved_cs_client     = @@character_set_client */;
/*!40101 SET character_set_client = utf8 */;
CREATE TABLE `bouquets` (
  `id` int(11) NOT NULL AUTO_INCREMENT,
  `name` varchar(255) NOT NULL,
  `price` int(11) DEFAULT NULL,
  `is_new` tinyint(1) NOT NULL,
  `is_recommended` tinyint(1) NOT NULL,
  `is_active` tinyint(1) NOT NULL,
  `description` longtext NOT NULL,
  `category_id` int(11) NOT NULL,
  `created_at` datetime NOT NULL,
  `updated_at` datetime NOT NULL,
  `meta_description` varchar(255) NOT NULL,
  `meta_keywords` varchar(255) NOT NULL,
  `title` varchar(255) NOT NULL,
  `slug` varchar(50) NOT NULL,
  `promoblock` longtext NOT NULL,
  PRIMARY KEY (`id`),
  UNIQUE KEY `slug` (`slug`),
  KEY `bouquets_42dc49bc` (`category_id`),
  CONSTRAINT `category_id_refs_id_180ae0c1` FOREIGN KEY (`category_id`) REFERENCES `categories` (`id`)
) ENGINE=InnoDB AUTO_INCREMENT=11 DEFAULT CHARSET=utf8;
/*!40101 SET character_set_client = @saved_cs_client */;

--
-- Dumping data for table `bouquets`
--

LOCK TABLES `bouquets` WRITE;
/*!40000 ALTER TABLE `bouquets` DISABLE KEYS */;
INSERT INTO `bouquets` VALUES (1,'Рок жжот!',10,1,1,1,'Текстовое описание рока жжота',14,'2012-12-04 18:52:41','2012-12-15 14:43:36','','','','rok-zhzhot',''),(3,'Второй букет',1234,1,1,1,'Текстовое описание второго букета',13,'2012-12-09 10:40:45','2012-12-24 11:50:30','','','Второй букет','vtoroj-buket',''),(4,'Третий букет',234,1,1,1,'Текстовое описание третьего букета',13,'2012-12-09 10:41:28','2012-12-20 12:01:42','','','Третий букет','tretij-buket',''),(5,'Четвертый букет',345,1,1,1,'Текстовое описание четвертого букета',13,'2012-12-09 10:42:25','2012-12-09 12:02:03','','','','chetvertyj-buket',''),(6,'Пятый букет',234,1,0,1,'Текстовое описание пятого букета',13,'2012-12-09 12:14:33','2012-12-09 12:14:33','','Пятый букет','','pyatyj-buket',''),(7,'Шестой букет',654,1,0,1,'Текстовое описание шестого букета',13,'2012-12-09 12:18:27','2012-12-09 12:22:01','','','Шестой букет','shestoj-buket',''),(8,'Седьмой букет',456,0,1,1,'Текстовое описание седьмого букета',13,'2012-12-09 12:23:17','2012-12-09 12:23:17','','','','sedmoj-buket',''),(9,'Восьмой букет',567,0,1,1,'Текстовое описание восьмого букета букета',13,'2012-12-09 12:23:54','2012-12-09 12:36:21','','','','vosmoj-buket',''),(10,'Девятый букет',99,0,0,1,'Текстовое описание девятого букета',13,'2012-12-09 12:24:38','2012-12-25 13:51:05','','','','devyatyj-buket','');
/*!40000 ALTER TABLE `bouquets` ENABLE KEYS */;
UNLOCK TABLES;

--
-- Table structure for table `bouquets_sims`
--

DROP TABLE IF EXISTS `bouquets_sims`;
/*!40101 SET @saved_cs_client     = @@character_set_client */;
/*!40101 SET character_set_client = utf8 */;
CREATE TABLE `bouquets_sims` (
  `id` int(11) NOT NULL AUTO_INCREMENT,
  `from_bouquet_id` int(11) NOT NULL,
  `to_bouquet_id` int(11) NOT NULL,
  PRIMARY KEY (`id`),
  UNIQUE KEY `bouquets_sims_from_bouquet_id_288fdfed_uniq` (`from_bouquet_id`,`to_bouquet_id`),
  KEY `bouquets_sims_6ccce69a` (`from_bouquet_id`),
  KEY `bouquets_sims_3e78e97b` (`to_bouquet_id`),
  CONSTRAINT `from_bouquet_id_refs_id_6055db71` FOREIGN KEY (`from_bouquet_id`) REFERENCES `bouquets` (`id`),
  CONSTRAINT `to_bouquet_id_refs_id_6055db71` FOREIGN KEY (`to_bouquet_id`) REFERENCES `bouquets` (`id`)
) ENGINE=InnoDB AUTO_INCREMENT=269 DEFAULT CHARSET=utf8;
/*!40101 SET character_set_client = @saved_cs_client */;

--
-- Dumping data for table `bouquets_sims`
--

LOCK TABLES `bouquets_sims` WRITE;
/*!40000 ALTER TABLE `bouquets_sims` DISABLE KEYS */;
INSERT INTO `bouquets_sims` VALUES (243,3,5),(244,3,6),(245,3,7),(246,3,8),(247,3,9),(262,3,10),(219,4,5),(220,4,6),(221,4,7),(222,4,8),(223,4,9),(263,4,10),(249,5,3),(225,5,4),(24,5,6),(63,5,7),(74,5,8),(118,5,9),(264,5,10),(250,6,3),(226,6,4),(20,6,5),(64,6,7),(75,6,8),(119,6,9),(265,6,10),(251,7,3),(227,7,4),(58,7,5),(59,7,6),(76,7,8),(120,7,9),(266,7,10),(252,8,3),(228,8,4),(68,8,5),(69,8,6),(70,8,7),(121,8,9),(267,8,10),(253,9,3),(229,9,4),(110,9,5),(111,9,6),(112,9,7),(113,9,8),(268,9,10),(255,10,3),(256,10,4),(257,10,5),(258,10,6),(259,10,7),(260,10,8),(261,10,9);
/*!40000 ALTER TABLE `bouquets_sims` ENABLE KEYS */;
UNLOCK TABLES;

--
-- Table structure for table `calls`
--

DROP TABLE IF EXISTS `calls`;
/*!40101 SET @saved_cs_client     = @@character_set_client */;
/*!40101 SET character_set_client = utf8 */;
CREATE TABLE `calls` (
  `id` int(11) NOT NULL AUTO_INCREMENT,
  `name` varchar(94) NOT NULL,
  `phone_number` varchar(24) NOT NULL,
  `text` varchar(94) NOT NULL,
  `processed` tinyint(1) NOT NULL,
  `comments` longtext NOT NULL,
  `date` datetime NOT NULL,
  PRIMARY KEY (`id`)
) ENGINE=InnoDB AUTO_INCREMENT=57 DEFAULT CHARSET=utf8;
/*!40101 SET character_set_client = @saved_cs_client */;

--
-- Dumping data for table `calls`
--

LOCK TABLES `calls` WRITE;
/*!40000 ALTER TABLE `calls` DISABLE KEYS */;
INSERT INTO `calls` VALUES (36,'asd','1111','Получен звонок от asd. Перезвонить прямо сейчас по номеру 1111',0,'','2012-12-23 17:20:28'),(37,'hkhk','5555','Получен звонок от hkhk. Перезвонить с 10:00 до 12:00 по номеру 5555',0,'','2012-12-23 17:20:56'),(38,'','456456','Получен звонок от . Перезвонить с 10:00 до 10:00 по номеру 456456',0,'','2012-12-23 17:52:15'),(39,'','ghjg','Получен звонок от . Перезвонить прямо сейчас по номеру ghjg',0,'','2012-12-23 17:52:45'),(40,'fghf','5675','Получен звонок от fghf. Перезвонить с 10:00 до 10:00 по номеру 5675',0,'','2012-12-23 17:53:01'),(41,'bmbnmbnm','6666','Получен звонок от bmbnmbnm. Перезвонить с 10:00 до 12:00 по номеру 6666',0,'','2012-12-23 17:57:24'),(42,'','567567','Получен звонок от . Перезвонить прямо сейчас по номеру 567567',0,'','2012-12-23 18:27:17'),(43,'','567567','Получен звонок от . Перезвонить с 10:00 до 12:00 по номеру 567567',0,'','2012-12-23 18:28:38'),(44,'','567567','Получен звонок от . Перезвонить с 10:00 до 10:00 по номеру 567567',0,'','2012-12-23 18:52:15'),(45,'cnvbnvb','erte','Получен звонок от cnvbnvb. Перезвонить с 10:00 до 12:00 по номеру erte',0,'','2012-12-23 19:01:42'),(46,'','345344535','Получен звонок от . Перезвонить прямо сейчас по номеру 345344535',0,'','2012-12-23 19:33:19'),(47,'','456456456','Получен звонок от . Перезвонить прямо сейчас по номеру 456456456',0,'','2012-12-25 12:57:46'),(48,'','rtyrty','Получен звонок от . Перезвонить прямо сейчас по номеру rtyrty',0,'','2012-12-25 13:44:14'),(49,'','567575','Получен звонок от . Перезвонить с 10:00 до 10:00 по номеру 567575',0,'','2012-12-25 14:51:38'),(50,'','123123','Получен звонок от . Перезвонить с 10:00 до 12:00 по номеру 123123',0,'','2012-12-26 08:21:09'),(51,'','990909','Получен звонок от . Перезвонить прямо сейчас по номеру 990909',0,'','2012-12-26 15:14:12'),(52,'','456456','Получен звонок от . Перезвонить с 10:00 до 10:00 по номеру 456456',0,'','2012-12-26 17:37:44'),(53,'','456456','Получен звонок от . Перезвонить с 10:00 до 10:00 по номеру 456456',0,'','2012-12-26 17:38:08'),(54,'','456456','Получен звонок от . Перезвонить с 10:00 до 10:00 по номеру 456456',0,'','2012-12-26 17:38:21'),(55,'','3453453','Получен звонок от . Перезвонить прямо сейчас по номеру 3453453',0,'','2012-12-29 09:38:00'),(56,'kkkkkkkk','888888','Получен звонок от kkkkkkkk. Перезвонить прямо сейчас по номеру 888888',0,'','2012-12-29 10:33:33');
/*!40000 ALTER TABLE `calls` ENABLE KEYS */;
UNLOCK TABLES;

--
-- Table structure for table `cart.items`
--

DROP TABLE IF EXISTS `cart.items`;
/*!40101 SET @saved_cs_client     = @@character_set_client */;
/*!40101 SET character_set_client = utf8 */;
CREATE TABLE `cart.items` (
  `id` int(11) NOT NULL AUTO_INCREMENT,
  `bouquet_quantity` int(11) NOT NULL,
  `flower_quantity` int(11) NOT NULL,
  `bouquet_id` int(11) DEFAULT NULL,
  `flower_id` int(11) DEFAULT NULL,
  PRIMARY KEY (`id`),
  KEY `cart.items_3c0ee9bc` (`bouquet_id`),
  KEY `cart.items_194dbf75` (`flower_id`),
  CONSTRAINT `bouquet_id_refs_id_5c6ebb87` FOREIGN KEY (`bouquet_id`) REFERENCES `bouquets` (`id`),
  CONSTRAINT `flower_id_refs_id_746c77f8` FOREIGN KEY (`flower_id`) REFERENCES `flowers` (`id`)
) ENGINE=InnoDB DEFAULT CHARSET=utf8;
/*!40101 SET character_set_client = @saved_cs_client */;

--
-- Dumping data for table `cart.items`
--

LOCK TABLES `cart.items` WRITE;
/*!40000 ALTER TABLE `cart.items` DISABLE KEYS */;
/*!40000 ALTER TABLE `cart.items` ENABLE KEYS */;
UNLOCK TABLES;

--
-- Table structure for table `catalog_bouquetimage`
--

DROP TABLE IF EXISTS `catalog_bouquetimage`;
/*!40101 SET @saved_cs_client     = @@character_set_client */;
/*!40101 SET character_set_client = utf8 */;
CREATE TABLE `catalog_bouquetimage` (
  `id` int(11) NOT NULL AUTO_INCREMENT,
  `bouquet_id` int(11) NOT NULL,
  `image` varchar(100) NOT NULL,
  PRIMARY KEY (`id`),
  KEY `catalog_bouquetimage_3c0ee9bc` (`bouquet_id`),
  CONSTRAINT `bouquet_id_refs_id_569fdb63` FOREIGN KEY (`bouquet_id`) REFERENCES `bouquets` (`id`)
) ENGINE=InnoDB AUTO_INCREMENT=3 DEFAULT CHARSET=utf8;
/*!40101 SET character_set_client = @saved_cs_client */;

--
-- Dumping data for table `catalog_bouquetimage`
--

LOCK TABLES `catalog_bouquetimage` WRITE;
/*!40000 ALTER TABLE `catalog_bouquetimage` DISABLE KEYS */;
INSERT INTO `catalog_bouquetimage` VALUES (1,3,'flower_image/img-8_3.jpg'),(2,3,'flower_image/img-7_5.jpg');
/*!40000 ALTER TABLE `catalog_bouquetimage` ENABLE KEYS */;
UNLOCK TABLES;

--
-- Table structure for table `catalog_flowerimage`
--

DROP TABLE IF EXISTS `catalog_flowerimage`;
/*!40101 SET @saved_cs_client     = @@character_set_client */;
/*!40101 SET character_set_client = utf8 */;
CREATE TABLE `catalog_flowerimage` (
  `id` int(11) NOT NULL AUTO_INCREMENT,
  `flower_id` int(11) NOT NULL,
  `image` varchar(100) NOT NULL,
  PRIMARY KEY (`id`),
  KEY `catalog_flowerimage_194dbf75` (`flower_id`),
  CONSTRAINT `flower_id_refs_id_2d8f593f` FOREIGN KEY (`flower_id`) REFERENCES `flowers` (`id`)
) ENGINE=InnoDB AUTO_INCREMENT=14 DEFAULT CHARSET=utf8;
/*!40101 SET character_set_client = @saved_cs_client */;

--
-- Dumping data for table `catalog_flowerimage`
--

LOCK TABLES `catalog_flowerimage` WRITE;
/*!40000 ALTER TABLE `catalog_flowerimage` DISABLE KEYS */;
INSERT INTO `catalog_flowerimage` VALUES (1,7,'flower_image/img-1_6.jpg'),(2,7,'flower_image/img-2_5.jpg'),(3,7,'flower_image/img-3_6.jpg'),(4,7,'flower_image/img-4_2.jpg'),(5,3,'flower_image/big-img-1.jpg'),(6,3,'flower_image/big-img-2.jpg'),(7,3,'flower_image/big-img-3.jpg'),(8,3,'flower_image/big-img-4.jpg'),(9,1,'flower_image/big-img-2_1.jpg'),(10,1,'flower_image/big-img-4_1.jpg'),(11,2,'flower_image/big-img-2_2.jpg'),(12,2,'flower_image/big-img-3_2.jpg'),(13,2,'flower_image/big-img-4_2.jpg');
/*!40000 ALTER TABLE `catalog_flowerimage` ENABLE KEYS */;
UNLOCK TABLES;

--
-- Table structure for table `categories`
--

DROP TABLE IF EXISTS `categories`;
/*!40101 SET @saved_cs_client     = @@character_set_client */;
/*!40101 SET character_set_client = utf8 */;
CREATE TABLE `categories` (
  `id` int(11) NOT NULL AUTO_INCREMENT,
  `name` varchar(100) NOT NULL,
  `created_at` datetime NOT NULL,
  `updated_at` datetime NOT NULL,
  `meta_description` varchar(255) NOT NULL,
  `meta_keywords` varchar(255) NOT NULL,
  `title` varchar(255) NOT NULL,
  `slug` varchar(50) NOT NULL,
  `parent_id` int(11) DEFAULT NULL,
  `lft` int(10) unsigned NOT NULL,
  `rght` int(10) unsigned NOT NULL,
  `tree_id` int(10) unsigned NOT NULL,
  `level` int(10) unsigned NOT NULL,
  PRIMARY KEY (`id`),
  UNIQUE KEY `name` (`name`),
  UNIQUE KEY `slug` (`slug`),
  KEY `categories_63f17a16` (`parent_id`),
  KEY `categories_42b06ff6` (`lft`),
  KEY `categories_6eabc1a6` (`rght`),
  KEY `categories_102f80d8` (`tree_id`),
  KEY `categories_2a8f42e8` (`level`),
  CONSTRAINT `parent_id_refs_id_2d747e89` FOREIGN KEY (`parent_id`) REFERENCES `categories` (`id`)
) ENGINE=InnoDB AUTO_INCREMENT=25 DEFAULT CHARSET=utf8;
/*!40101 SET character_set_client = @saved_cs_client */;

--
-- Dumping data for table `categories`
--

LOCK TABLES `categories` WRITE;
/*!40000 ALTER TABLE `categories` DISABLE KEYS */;
INSERT INTO `categories` VALUES (3,'Цветы','2012-11-18 13:09:08','2012-11-18 16:46:37','','','','cvety',NULL,1,20,1,0),(4,'Розы','2012-11-18 13:09:32','2012-11-23 09:53:35','','','','rozy',3,2,7,1,1),(6,'Вазоны','2012-11-18 16:27:44','2012-11-18 16:27:44','','','','vazony',NULL,1,16,4,0),(7,'Кактусы','2012-11-18 16:28:33','2012-11-18 16:28:33','','','','kaktusy',6,2,15,4,1),(8,'Колючие кактусы','2012-11-18 16:29:12','2012-11-18 16:29:12','','','','kolyuchie-kaktusy',7,7,14,4,2),(9,'Кактусы без колючек','2012-11-18 16:29:45','2012-11-18 16:35:11','','','','kak-bez-kolyuchek',7,3,6,4,2),(10,'Красные розы','2012-11-20 15:46:12','2012-11-20 16:42:07','','','','krasnye-rozy',4,3,4,1,2),(11,'Черные розы','2012-11-20 15:46:26','2012-11-20 15:46:26','','','','chernye-rozy',4,5,6,1,2),(12,'Букеты','2012-11-20 15:59:40','2012-11-20 16:00:04','','','','bukety',NULL,1,6,3,0),(13,'Квадратные букеты','2012-11-20 16:00:24','2012-11-20 16:47:39','','','','kvadratnye-bukety',12,2,3,3,1),(14,'Круглые букеты','2012-11-20 16:00:37','2012-11-20 20:04:49','','','','krasnye-bukety',12,4,5,3,1),(15,'Очень очень колючие кактусы','2012-11-20 20:03:22','2012-11-20 20:03:22','','','','ochen-ochen-kolyuchie-kaktusy',8,8,13,4,3),(16,'Очень очень гладкие кактусы','2012-11-20 20:06:10','2012-11-20 20:06:10','','','','ochen-ochen-gladkie-kaktusy',9,4,5,4,3),(17,'Гвоздики','2012-11-23 09:51:50','2012-11-23 09:51:50','','','','gvozdiki',3,8,13,1,1),(18,'Красные гвоздики','2012-11-23 09:52:11','2012-11-23 10:18:51','','','','krasnye-gvozdikik',17,11,12,1,2),(19,'Белые гвоздики','2012-11-23 09:52:22','2012-11-23 09:53:01','','','','belye-gvozdiki',17,9,10,1,2),(20,'Ромашки','2012-11-23 10:44:23','2012-11-23 10:44:23','','','','romashki',3,14,19,1,1),(21,'Белые ромашки','2012-11-23 10:44:38','2012-11-23 10:44:38','','','','belye-romashki',20,15,16,1,2),(22,'Черные ромашки','2012-11-23 10:45:01','2012-11-23 10:45:01','','','','chernye-romashki',20,17,18,1,2),(23,'Прям с ядовитыми шипами','2012-11-26 15:09:01','2012-11-26 15:09:01','','','','pryam-s-yadovitymi-shipami',15,9,12,4,4),(24,'Полный ПЭ','2012-11-26 15:17:35','2012-11-26 15:17:35','','','','polnyj-pe',23,10,11,4,5);
/*!40000 ALTER TABLE `categories` ENABLE KEYS */;
UNLOCK TABLES;

--
-- Table structure for table `contman_aboutpage`
--

DROP TABLE IF EXISTS `contman_aboutpage`;
/*!40101 SET @saved_cs_client     = @@character_set_client */;
/*!40101 SET character_set_client = utf8 */;
CREATE TABLE `contman_aboutpage` (
  `id` int(11) NOT NULL AUTO_INCREMENT,
  `content` longtext NOT NULL,
  `meta_description` varchar(255) NOT NULL,
  `meta_keywords` varchar(255) NOT NULL,
  `title` varchar(255) NOT NULL,
  PRIMARY KEY (`id`)
) ENGINE=InnoDB AUTO_INCREMENT=3 DEFAULT CHARSET=utf8;
/*!40101 SET character_set_client = @saved_cs_client */;

--
-- Dumping data for table `contman_aboutpage`
--

LOCK TABLES `contman_aboutpage` WRITE;
/*!40000 ALTER TABLE `contman_aboutpage` DISABLE KEYS */;
INSERT INTO `contman_aboutpage` VALUES (2,'<p>About content<span>About content</span><span>About content</span><span>About content</span><span>About content</span><span>About content</span><span>About content</span><span>About content</span><span>About content</span><span>About content</span><span>About content</span><span>About content</span><span>About content</span><span>About content</span><span>About content</span><span>About content</span><span>About content</span><span>About content</span><span>About content</span><span>About content</span><span>About content</span><span>About content</span><span>About content</span><span>About content</span><span>About content</span><span>About content</span><span>About content</span><span>About content</span><span>About content</span><span>About content</span><span>About content</span><span>About content</span><span>About content</span><span>About content</span><span>About content</span><span>About content</span><span>About content</span><span>About content</span><span>About content</span><span>About content</span><span>About content</span><span>About content</span><span>About content</span><span>About content</span><span>About content</span><span>About content</span><span>About content</span><span>About content</span><span>About content</span><span>About content</span><span>About content</span><span>About content</span><span>About content</span><span>About content</span><span>About content</span><span>About content</span><span>About content</span><span>About content</span><span>About content</span><span>About content</span><span>About content</span><span>About content</span><span>About content</span><span>About content</span><span>About content</span></p>','','','О нас');
/*!40000 ALTER TABLE `contman_aboutpage` ENABLE KEYS */;
UNLOCK TABLES;

--
-- Table structure for table `contman_deliverypage`
--

DROP TABLE IF EXISTS `contman_deliverypage`;
/*!40101 SET @saved_cs_client     = @@character_set_client */;
/*!40101 SET character_set_client = utf8 */;
CREATE TABLE `contman_deliverypage` (
  `id` int(11) NOT NULL AUTO_INCREMENT,
  `content` longtext NOT NULL,
  `meta_description` varchar(255) NOT NULL,
  `meta_keywords` varchar(255) NOT NULL,
  `title` varchar(255) NOT NULL,
  PRIMARY KEY (`id`)
) ENGINE=InnoDB AUTO_INCREMENT=2 DEFAULT CHARSET=utf8;
/*!40101 SET character_set_client = @saved_cs_client */;

--
-- Dumping data for table `contman_deliverypage`
--

LOCK TABLES `contman_deliverypage` WRITE;
/*!40000 ALTER TABLE `contman_deliverypage` DISABLE KEYS */;
INSERT INTO `contman_deliverypage` VALUES (1,'<p><img src=\"/media/uploads/banner-1.jpg\" alt=\"\" width=\"560\" height=\"200\" /></p>','','','');
/*!40000 ALTER TABLE `contman_deliverypage` ENABLE KEYS */;
UNLOCK TABLES;

--
-- Table structure for table `contman_discountspage`
--

DROP TABLE IF EXISTS `contman_discountspage`;
/*!40101 SET @saved_cs_client     = @@character_set_client */;
/*!40101 SET character_set_client = utf8 */;
CREATE TABLE `contman_discountspage` (
  `id` int(11) NOT NULL AUTO_INCREMENT,
  `content` longtext NOT NULL,
  `meta_description` varchar(255) NOT NULL,
  `meta_keywords` varchar(255) NOT NULL,
  `title` varchar(255) NOT NULL,
  PRIMARY KEY (`id`)
) ENGINE=InnoDB DEFAULT CHARSET=utf8;
/*!40101 SET character_set_client = @saved_cs_client */;

--
-- Dumping data for table `contman_discountspage`
--

LOCK TABLES `contman_discountspage` WRITE;
/*!40000 ALTER TABLE `contman_discountspage` DISABLE KEYS */;
/*!40000 ALTER TABLE `contman_discountspage` ENABLE KEYS */;
UNLOCK TABLES;

--
-- Table structure for table `contman_indexpage`
--

DROP TABLE IF EXISTS `contman_indexpage`;
/*!40101 SET @saved_cs_client     = @@character_set_client */;
/*!40101 SET character_set_client = utf8 */;
CREATE TABLE `contman_indexpage` (
  `id` int(11) NOT NULL AUTO_INCREMENT,
  `content` longtext NOT NULL,
  `meta_description` varchar(255) NOT NULL,
  `meta_keywords` varchar(255) NOT NULL,
  `title` varchar(255) NOT NULL,
  PRIMARY KEY (`id`)
) ENGINE=InnoDB AUTO_INCREMENT=2 DEFAULT CHARSET=utf8;
/*!40101 SET character_set_client = @saved_cs_client */;

--
-- Dumping data for table `contman_indexpage`
--

LOCK TABLES `contman_indexpage` WRITE;
/*!40000 ALTER TABLE `contman_indexpage` DISABLE KEYS */;
INSERT INTO `contman_indexpage` VALUES (1,'<h3>О нас</h3>\r\n<p>Свадьба в Сибири до сих пор несет множество архаичных черт, практически ушедших из употребления в европейской части России. До сих пор сельские парни стараются перенести невесту на руках через семь мостов. Это зачастую приводит к тому, что весь свадебный день посвящается переездам от одного моста к другому. Cчитается дурной приметой, если букет невесты случайно возмет кто-нибудь из девушек, приглашенных на свадьбу.</p>\r\n<p>Считается, также, что нельзя фотографировать жениха и невесту отдельно друг от друга до церемонии бракосочетания. В домах со старыми традициями до сих пор мать связывает руку жениха и невесты платком, который снимается только перед входом в церковь на обряд венчания. Cуществует более современная модификация этого обряда - платок снимается перед входом в ЗАГС. Почти обязательным аттрибутом сибирской свадьбы является навешивание замка над обрывом или над рекой. Ключи от замка кидаются молодоженами в знак того, что сомкнутое более не разомкнуть.</p>','','','Главная');
/*!40000 ALTER TABLE `contman_indexpage` ENABLE KEYS */;
UNLOCK TABLES;

--
-- Table structure for table `contman_paymentpage`
--

DROP TABLE IF EXISTS `contman_paymentpage`;
/*!40101 SET @saved_cs_client     = @@character_set_client */;
/*!40101 SET character_set_client = utf8 */;
CREATE TABLE `contman_paymentpage` (
  `id` int(11) NOT NULL AUTO_INCREMENT,
  `content` longtext NOT NULL,
  `meta_description` varchar(255) NOT NULL,
  `meta_keywords` varchar(255) NOT NULL,
  `title` varchar(255) NOT NULL,
  PRIMARY KEY (`id`)
) ENGINE=InnoDB AUTO_INCREMENT=2 DEFAULT CHARSET=utf8;
/*!40101 SET character_set_client = @saved_cs_client */;

--
-- Dumping data for table `contman_paymentpage`
--

LOCK TABLES `contman_paymentpage` WRITE;
/*!40000 ALTER TABLE `contman_paymentpage` DISABLE KEYS */;
INSERT INTO `contman_paymentpage` VALUES (1,'<p>ывываыва</p>','','','Оплата');
/*!40000 ALTER TABLE `contman_paymentpage` ENABLE KEYS */;
UNLOCK TABLES;

--
-- Table structure for table `contman_slideritem`
--

DROP TABLE IF EXISTS `contman_slideritem`;
/*!40101 SET @saved_cs_client     = @@character_set_client */;
/*!40101 SET character_set_client = utf8 */;
CREATE TABLE `contman_slideritem` (
  `id` int(11) NOT NULL AUTO_INCREMENT,
  `image` varchar(100) NOT NULL,
  `slogan` varchar(55) NOT NULL,
  `pageObject_id` int(11) NOT NULL,
  PRIMARY KEY (`id`),
  KEY `contman_slideritem_677c384e` (`pageObject_id`),
  CONSTRAINT `pageObject_id_refs_id_4c677303` FOREIGN KEY (`pageObject_id`) REFERENCES `contman_indexpage` (`id`)
) ENGINE=InnoDB AUTO_INCREMENT=4 DEFAULT CHARSET=utf8;
/*!40101 SET character_set_client = @saved_cs_client */;

--
-- Dumping data for table `contman_slideritem`
--

LOCK TABLES `contman_slideritem` WRITE;
/*!40000 ALTER TABLE `contman_slideritem` DISABLE KEYS */;
INSERT INTO `contman_slideritem` VALUES (1,'slider_items/banner-1.jpg','Слоган №1',1),(2,'slider_items/banner-2.jpg','Слоган№2',1),(3,'slider_items/banner-3.jpg','Слоган №290',1);
/*!40000 ALTER TABLE `contman_slideritem` ENABLE KEYS */;
UNLOCK TABLES;

--
-- Table structure for table `django_admin_log`
--

DROP TABLE IF EXISTS `django_admin_log`;
/*!40101 SET @saved_cs_client     = @@character_set_client */;
/*!40101 SET character_set_client = utf8 */;
CREATE TABLE `django_admin_log` (
  `id` int(11) NOT NULL AUTO_INCREMENT,
  `action_time` datetime NOT NULL,
  `user_id` int(11) NOT NULL,
  `content_type_id` int(11) DEFAULT NULL,
  `object_id` longtext,
  `object_repr` varchar(200) NOT NULL,
  `action_flag` smallint(5) unsigned NOT NULL,
  `change_message` longtext NOT NULL,
  PRIMARY KEY (`id`),
  KEY `django_admin_log_403f60f` (`user_id`),
  KEY `django_admin_log_1bb8f392` (`content_type_id`),
  CONSTRAINT `content_type_id_refs_id_288599e6` FOREIGN KEY (`content_type_id`) REFERENCES `django_content_type` (`id`),
  CONSTRAINT `user_id_refs_id_c8665aa` FOREIGN KEY (`user_id`) REFERENCES `auth_user` (`id`)
) ENGINE=InnoDB AUTO_INCREMENT=222 DEFAULT CHARSET=utf8;
/*!40101 SET character_set_client = @saved_cs_client */;

--
-- Dumping data for table `django_admin_log`
--

LOCK TABLES `django_admin_log` WRITE;
/*!40000 ALTER TABLE `django_admin_log` DISABLE KEYS */;
INSERT INTO `django_admin_log` VALUES (1,'2012-11-18 12:06:29',1,10,'1','Category1',1,''),(3,'2012-11-18 12:24:44',1,10,'1','Category1',2,'Изменены name,description и slug для Позиция \"Красные Розы\".'),(4,'2012-11-18 12:26:07',1,10,'2','Цветы',1,''),(5,'2012-11-18 12:26:21',1,10,'1','Розы',2,'Изменен name и parent.'),(6,'2012-11-18 13:09:08',1,10,'3','Цветы',1,''),(7,'2012-11-18 13:09:18',1,10,'3','Цветы',2,'Ни одно поле не изменено.'),(8,'2012-11-18 13:09:32',1,10,'4','Розы',1,''),(9,'2012-11-18 13:10:30',1,10,'4','Розы',2,'Добавлен Позиция \"Красные розы\".'),(10,'2012-11-18 13:48:45',1,13,'1','',1,''),(11,'2012-11-18 13:55:52',1,13,'1','',2,'Изменен content.'),(12,'2012-11-18 16:13:39',1,10,'5','child',1,''),(13,'2012-11-18 16:27:44',1,10,'6','Вазоны',1,''),(14,'2012-11-18 16:28:33',1,10,'7','Кактусы',1,''),(15,'2012-11-18 16:29:12',1,10,'8','Колючие кактусы',1,''),(16,'2012-11-18 16:29:45',1,10,'9','Как без колючек',1,''),(17,'2012-11-18 16:35:11',1,10,'9','Кактусы без колючек',2,'Изменен name.'),(19,'2012-11-18 17:36:26',1,6,'1','127.0.0.1:8000',2,'Изменен domain и name.'),(20,'2012-11-18 17:38:03',1,12,'1','',1,''),(21,'2012-11-18 17:38:15',1,12,'1','',2,'Ни одно поле не изменено.'),(22,'2012-11-18 17:42:00',1,12,'2','2',1,''),(23,'2012-11-18 17:42:22',1,12,'1','1',3,''),(24,'2012-11-20 15:46:12',1,10,'10','Красные розы',1,''),(25,'2012-11-20 15:46:26',1,10,'11','Черные розы',1,''),(26,'2012-11-20 15:59:40',1,10,'12','Букеты',1,''),(27,'2012-11-20 16:00:04',1,10,'12','Букеты',2,'Ни одно поле не изменено.'),(28,'2012-11-20 16:00:24',1,10,'13','Квадратные букеты',1,''),(29,'2012-11-20 16:00:37',1,10,'14','Красные букеты',1,''),(30,'2012-11-20 16:40:38',1,10,'10','Красные розы',2,'Добавлен Позиция \"Первая позиции категории красных роз\".'),(31,'2012-11-20 16:40:56',1,10,'10','Красные розы',2,'Изменены name для Позиция \"Первая позиция категории красных роз\".'),(32,'2012-11-20 16:42:07',1,10,'10','Красные розы',2,'Добавлен Позиция \"Вторя позиция категории красных роз\".'),(37,'2012-11-20 16:46:12',1,10,'13','Квадратные букеты',2,'Добавлен Позиция \"Первая позиция квадратных букетов\".'),(38,'2012-11-20 16:47:39',1,10,'13','Квадратные букеты',2,'Добавлен Позиция \"Вторая позиция квадратных букетов\".'),(40,'2012-11-20 20:03:22',1,10,'15','Очень очень колючие кактусы',1,''),(41,'2012-11-20 20:04:49',1,10,'14','Круглые букеты',2,'Изменен name.'),(42,'2012-11-20 20:06:10',1,10,'16','Очень очень гладкие кактусы',1,''),(43,'2012-11-23 09:51:50',1,10,'17','Гвоздики',1,''),(44,'2012-11-23 09:52:11',1,10,'18','Красные гвоздикик',1,''),(45,'2012-11-23 09:52:22',1,10,'19','Белые гвоздики',1,''),(46,'2012-11-23 10:18:51',1,10,'18','Красные гвоздики',2,'Изменен name.'),(47,'2012-11-23 10:44:23',1,10,'20','Ромашки',1,''),(48,'2012-11-23 10:44:38',1,10,'21','Белые ромашки',1,''),(49,'2012-11-23 10:45:01',1,10,'22','Черные ромашки',1,''),(50,'2012-11-26 15:09:01',1,10,'23','Прям с ядовитыми шипами',1,''),(51,'2012-11-26 15:17:35',1,10,'24','Полный ПЭ',1,''),(52,'2012-11-27 13:49:23',1,16,'1','Первая новость',1,''),(53,'2012-11-27 13:50:35',1,16,'1','Первая новость',2,'Изменен text.'),(54,'2012-11-27 13:51:12',1,16,'2','Вторая новость',1,''),(55,'2012-11-27 14:00:59',1,16,'2','Вторая новость',2,'Изменен anounce.'),(56,'2012-11-27 14:01:25',1,16,'1','Первая новость',2,'Изменен anounce.'),(57,'2012-11-27 14:08:13',1,16,'3','Заголовок третьей новости',1,''),(58,'2012-11-27 14:09:49',1,16,'4','Заголовок четвертой новости',1,''),(59,'2012-11-27 15:09:39',1,18,'1','Первая услуга',1,''),(60,'2012-11-27 15:10:15',1,18,'2','Вторая услуга',1,''),(61,'2012-12-03 12:18:30',1,15,'1','1',1,''),(63,'2012-12-03 14:18:40',1,20,'1','1',1,''),(64,'2012-12-03 15:00:19',1,20,'1','1',2,'Изменен content.'),(65,'2012-12-03 15:02:39',1,20,'1','1',2,'Ни одно поле не изменено.'),(66,'2012-12-03 15:03:30',1,20,'1','1',2,'Изменен title.'),(67,'2012-12-03 15:09:42',1,20,'1','1',2,'Изменен content.'),(68,'2012-12-03 15:11:48',1,20,'1','1',2,'Изменен content.'),(69,'2012-12-03 15:27:03',1,20,'1','1',2,'Добавлен Элемент слайдера \"2\".'),(70,'2012-12-03 15:27:27',1,20,'1','1',2,'Добавлен Элемент слайдера \"3\".'),(71,'2012-12-03 15:29:15',1,20,'1','1',2,'Ни одно поле не изменено.'),(72,'2012-12-04 18:51:16',1,21,'1','Мимоза',1,''),(73,'2012-12-04 18:52:41',1,22,'1','Рок жжот!',1,''),(74,'2012-12-04 18:58:55',1,22,'1','Рок жжот!',2,'Добавлен Элемент букета \"Мимоза\".'),(75,'2012-12-07 12:39:47',1,21,'2','Фруктоза',1,''),(76,'2012-12-07 12:39:53',1,22,'1','Рок жжот!',2,'Добавлен Элемент букета \"Фруктоза\".'),(77,'2012-12-07 12:40:29',1,21,'1','Мимоза',2,'Изменен category.'),(78,'2012-12-09 10:17:29',1,21,'3','Глюкоза',1,''),(79,'2012-12-09 10:18:48',1,21,'4','Красная роза',1,''),(80,'2012-12-09 10:19:29',1,21,'5','Черная роза',1,''),(81,'2012-12-09 10:20:27',1,21,'6','Синяя роза',1,''),(82,'2012-12-09 10:20:46',1,21,'6','Синяя роза',2,'Изменен category.'),(83,'2012-12-09 10:22:26',1,22,'2','Первый букет',1,''),(84,'2012-12-09 10:40:45',1,22,'3','Второй букет',1,''),(85,'2012-12-09 10:41:28',1,22,'4','Третий букет',1,''),(86,'2012-12-09 10:42:25',1,22,'5','Четвертый букет',1,''),(87,'2012-12-09 12:02:03',1,22,'5','Четвертый букет',2,'Изменен price.'),(88,'2012-12-09 12:14:33',1,22,'6','Пятый букет',1,''),(89,'2012-12-09 12:18:27',1,22,'7','Шестой букет',1,''),(90,'2012-12-09 12:19:22',1,22,'7','Шестой букет',2,'Изменен is_active.'),(91,'2012-12-09 12:19:34',1,22,'7','Шестой букет',2,'Ни одно поле не изменено.'),(92,'2012-12-09 12:22:01',1,22,'7','Шестой букет',2,'Изменен is_active.'),(93,'2012-12-09 12:23:17',1,22,'8','Седьмой букет',1,''),(94,'2012-12-09 12:23:54',1,22,'9','Восьмой букет',1,''),(95,'2012-12-09 12:24:38',1,22,'10','Девятый букет',1,''),(96,'2012-12-09 12:36:21',1,22,'9','Восьмой букет',2,'Изменен price.'),(97,'2012-12-12 18:45:39',1,24,'1','sdfsdf',1,''),(98,'2012-12-12 18:45:50',1,24,'1','sdfsdf',3,''),(99,'2012-12-12 18:56:48',1,24,'3','jhgjhgjhg',3,''),(100,'2012-12-12 18:56:53',1,24,'2','lkjlkj',3,''),(101,'2012-12-13 13:55:13',1,3,'2','admin',3,''),(102,'2012-12-15 08:46:27',1,24,'5','Ritchie',3,''),(103,'2012-12-15 08:46:27',1,24,'4','hours',3,''),(104,'2012-12-15 09:26:02',1,21,'1','Мимоза',2,'Изменен image_first,image_second,image_third и image_fourth.'),(105,'2012-12-15 09:26:24',1,21,'1','Мимоза',2,'Изменен is_new.'),(106,'2012-12-15 09:26:54',1,21,'3','Глюкоза',2,'Изменен image_first,image_second,image_third и image_fourth.'),(107,'2012-12-15 09:31:05',1,24,'6','ghjgjghjg',2,'Ни одно поле не изменено.'),(108,'2012-12-15 10:02:36',1,24,'10','hkiyuiyui',3,''),(109,'2012-12-15 10:02:37',1,24,'9','tyutyutyu',3,''),(110,'2012-12-15 10:02:37',1,24,'8','vbnvbnv',3,''),(111,'2012-12-15 10:02:37',1,24,'7','vbnvbnv',3,''),(112,'2012-12-15 10:02:37',1,24,'6','ghjgjghjg',3,''),(113,'2012-12-15 10:08:15',1,24,'12','a',3,''),(114,'2012-12-15 10:08:15',1,24,'11','a',3,''),(115,'2012-12-15 10:10:56',1,24,'15','sdfsfd',3,''),(116,'2012-12-15 10:10:56',1,24,'14','цуываываыва',3,''),(117,'2012-12-15 10:10:56',1,24,'13','asd',3,''),(118,'2012-12-15 10:17:37',1,3,'2','Name one',3,''),(119,'2012-12-15 11:18:07',1,3,'4','ritchie',3,''),(120,'2012-12-15 11:18:07',1,3,'5','tony',3,''),(121,'2012-12-15 11:29:07',1,3,'6','ritchie',2,'Изменен password.'),(122,'2012-12-15 11:30:29',1,3,'6','ritchie',3,''),(123,'2012-12-15 11:35:25',1,3,'7','ritchie',2,'Изменен password.'),(124,'2012-12-15 11:36:57',1,3,'7','ritchie',2,'Изменен password.'),(125,'2012-12-15 11:40:42',1,3,'7','ritchie',3,''),(126,'2012-12-15 11:46:59',1,3,'8','ritchie',3,''),(127,'2012-12-15 11:52:13',1,3,'9','jimmi',2,'Изменен password и is_superuser.'),(128,'2012-12-15 11:52:26',1,3,'9','jimmi',2,'Изменен password.'),(129,'2012-12-15 11:52:44',1,3,'9','jimmi',2,'Изменен password.'),(130,'2012-12-15 11:53:44',1,3,'9','jimmi',2,'Изменен password и is_staff.'),(131,'2012-12-15 12:02:36',1,3,'9','jimmi',3,''),(142,'2012-12-15 14:43:36',1,22,'1','Рок жжот!',2,'Изменен price.'),(143,'2012-12-15 14:43:50',1,21,'1','Мимоза',2,'Изменен price.'),(147,'2012-12-20 10:41:52',1,21,'6','Синяя роза',2,'Изменен image_first,image_second,image_third и image_fourth.'),(148,'2012-12-20 11:00:07',1,21,'6','Синяя роза',2,'Ни одно поле не изменено.'),(149,'2012-12-20 11:01:22',1,21,'7','Тестовый цветок номер один',1,''),(150,'2012-12-20 11:03:11',1,22,'2','Первый букет',3,''),(151,'2012-12-20 11:03:45',1,22,'3','Второй букет',2,'Изменен image_first,image_second,image_third и image_fourth.'),(152,'2012-12-20 11:04:00',1,22,'3','Второй букет',2,'Добавлен Элемент букета \"Тестовый цветок номер один\".'),(153,'2012-12-20 11:05:14',1,22,'3','Второй букет',2,'Ни одно поле не изменено.'),(154,'2012-12-20 11:05:58',1,22,'3','Второй букет',2,'Добавлен Элемент букета \"Глюкоза\". Удален Элемент букета \"Тестовый цветок номер один\".'),(155,'2012-12-20 11:06:21',1,22,'3','Второй букет',2,'Удален Элемент букета \"Глюкоза\".'),(156,'2012-12-20 11:06:36',1,22,'3','Второй букет',2,'Добавлен Элемент букета \"Тестовый цветок номер один\".'),(157,'2012-12-20 11:07:10',1,22,'3','Второй букет',2,'Добавлен Элемент букета \"Фруктоза\".'),(158,'2012-12-20 11:20:56',1,22,'4','Третий букет',2,'Добавлен Элемент букета \"Тестовый цветок номер один\".'),(159,'2012-12-20 12:01:42',1,22,'4','Третий букет',2,'Изменены quantity для Элемент букета \"Тестовый цветок номер один\".'),(160,'2012-12-21 13:37:53',1,20,'1','1',2,'Изменен content.'),(161,'2012-12-23 15:04:04',1,3,'10','ritchie',3,''),(162,'2012-12-23 15:52:38',1,24,'11','ytjhgjghj',3,''),(163,'2012-12-23 15:52:38',1,24,'10','ytjhgjghj',3,''),(164,'2012-12-23 15:52:38',1,24,'9','54676576',3,''),(165,'2012-12-23 15:52:38',1,24,'8','08089',3,''),(166,'2012-12-23 15:52:38',1,24,'7','sdfsdfs',3,''),(167,'2012-12-23 15:52:38',1,24,'6','hjukhk',3,''),(168,'2012-12-23 15:52:38',1,24,'5','rtyr',3,''),(169,'2012-12-23 15:52:38',1,24,'4','rtyr',3,''),(170,'2012-12-23 15:52:38',1,24,'3','gfhfgh',3,''),(171,'2012-12-23 15:52:39',1,24,'2','dfgdfgdg',3,''),(172,'2012-12-23 15:52:39',1,24,'1','fghfghfhg',3,''),(173,'2012-12-23 16:49:41',1,24,'23','cvbcb',3,''),(174,'2012-12-23 16:49:41',1,24,'22','bnvnb',3,''),(175,'2012-12-23 16:49:41',1,24,'21','bnvnb',3,''),(176,'2012-12-23 16:49:41',1,24,'20','3333',3,''),(177,'2012-12-23 16:49:41',1,24,'19','m,.m,m',3,''),(178,'2012-12-23 16:49:41',1,24,'18','cxvbcvbcv',3,''),(179,'2012-12-23 16:49:41',1,24,'17','sdfsfd',3,''),(180,'2012-12-23 16:49:41',1,24,'16','vbnvbn',3,''),(181,'2012-12-23 16:49:41',1,24,'15','bnvb',3,''),(182,'2012-12-23 16:49:41',1,24,'14','567567',3,''),(183,'2012-12-23 16:49:41',1,24,'13','vnvbn',3,''),(184,'2012-12-23 16:49:41',1,24,'12','vb vbcvb',3,''),(185,'2012-12-23 17:14:08',1,24,'35','m,.m.,',3,''),(186,'2012-12-23 17:14:08',1,24,'34','bnmb',3,''),(187,'2012-12-23 17:14:08',1,24,'33','vbnvb',3,''),(188,'2012-12-23 17:14:08',1,24,'32','bvnv',3,''),(189,'2012-12-23 17:14:08',1,24,'31','vbnvbn',3,''),(190,'2012-12-23 17:14:08',1,24,'30','fghfghfgh',3,''),(191,'2012-12-23 17:14:09',1,24,'29','bnmbnm',3,''),(192,'2012-12-23 17:14:09',1,24,'28','ghjgg',3,''),(193,'2012-12-23 17:14:09',1,24,'27','jkljlk',3,''),(194,'2012-12-23 17:14:09',1,24,'26','nm,n,',3,''),(195,'2012-12-23 17:14:09',1,24,'25','vbnvvbnv',3,''),(196,'2012-12-23 17:14:09',1,24,'24','fhfhfgh',3,''),(197,'2012-12-23 19:32:02',1,3,'17','m',3,''),(198,'2012-12-24 10:48:46',1,3,'11','jimmy',3,''),(199,'2012-12-24 10:48:46',1,3,'18','r@gmail.com',3,''),(200,'2012-12-24 10:48:46',1,3,'20','s@gmail.com',3,''),(201,'2012-12-24 10:48:46',1,3,'19','t@gmail.com',3,''),(202,'2012-12-24 11:43:11',1,21,'7','Тестовый цветок номер один',2,'Добавлен Изображение цветка \"FlowerImage object\".'),(203,'2012-12-24 11:45:43',1,21,'7','Тестовый цветок номер один',2,'Добавлен Изображение цветка \"Изображение\".'),(204,'2012-12-24 11:47:20',1,21,'7','Тестовый цветок номер один',2,'Добавлен Изображение цветка \"Изображение\". Добавлен Изображение цветка \"Изображение\".'),(205,'2012-12-24 11:48:26',1,21,'7','Тестовый цветок номер один',2,'Ни одно поле не изменено.'),(206,'2012-12-24 11:48:55',1,22,'3','Второй букет',2,'Добавлен Изображение букета \"Изображение\". Добавлен Изображение букета \"Изображение\".'),(207,'2012-12-24 11:50:30',1,22,'3','Второй букет',2,'Изменен is_recommended.'),(208,'2012-12-24 11:53:42',1,21,'3','Глюкоза',2,'Добавлен Изображение цветка \"/media/flower_image/img-1_7.jpg\". Добавлен Изображение цветка \"/media/flower_image/img-2_6.jpg\". Добавлен Изображение цветка \"/media/flower_image/img-3_7.jpg\". Добавлен Изображение цветка \"/media/flower_image/img-4_3.jpg\".'),(209,'2012-12-25 09:51:49',1,21,'3','Глюкоза',2,'Изменены image для Изображение цветка \"/media/flower_image/big-img-1.jpg\".'),(210,'2012-12-25 10:00:18',1,21,'3','Глюкоза',2,'Изменены image для Изображение цветка \"/media/flower_image/big-img-2.jpg\". Изменены image для Изображение цветка \"/media/flower_image/big-img-3.jpg\". Изменены image для Изображение цветка \"/media/flower_image/big-img-3_1.jpg\".'),(211,'2012-12-25 10:00:28',1,21,'3','Глюкоза',2,'Изменены image для Изображение цветка \"/media/flower_image/big-img-4.jpg\".'),(212,'2012-12-25 10:02:51',1,21,'1','Мимоза',2,'Добавлен Изображение цветка \"/media/flower_image/big-img-2_1.jpg\". Добавлен Изображение цветка \"/media/flower_image/big-img-4_1.jpg\".'),(213,'2012-12-25 10:37:37',1,21,'2','Фруктоза',2,'Добавлен Изображение цветка \"/media/flower_image/big-img-2_2.jpg\". Добавлен Изображение цветка \"/media/flower_image/big-img-3_2.jpg\". Добавлен Изображение цветка \"/media/flower_image/big-img-4_2.jpg\".'),(214,'2012-12-25 11:01:16',1,21,'3','Глюкоза',2,'Изменен promoblock.'),(215,'2012-12-25 11:02:36',1,21,'3','Глюкоза',2,'Изменен description и promoblock.'),(216,'2012-12-25 11:02:37',1,21,'3','Глюкоза',2,'Ни одно поле не изменено.'),(217,'2012-12-25 11:43:45',1,21,'3','Глюкоза',2,'Изменен description.'),(218,'2012-12-25 13:08:59',1,21,'3','ГлюкоZZa',2,'Изменен name.'),(219,'2012-12-25 13:46:39',1,21,'1','Мимоза',2,'Изменен is_recommended.'),(220,'2012-12-25 13:50:00',1,21,'3','ГлюкоZZa',2,'Изменен is_new.'),(221,'2012-12-25 13:51:05',1,22,'10','Девятый букет',2,'Изменен is_new.');
/*!40000 ALTER TABLE `django_admin_log` ENABLE KEYS */;
UNLOCK TABLES;

--
-- Table structure for table `django_content_type`
--

DROP TABLE IF EXISTS `django_content_type`;
/*!40101 SET @saved_cs_client     = @@character_set_client */;
/*!40101 SET character_set_client = utf8 */;
CREATE TABLE `django_content_type` (
  `id` int(11) NOT NULL AUTO_INCREMENT,
  `name` varchar(100) NOT NULL,
  `app_label` varchar(100) NOT NULL,
  `model` varchar(100) NOT NULL,
  PRIMARY KEY (`id`),
  UNIQUE KEY `app_label` (`app_label`,`model`)
) ENGINE=InnoDB AUTO_INCREMENT=31 DEFAULT CHARSET=utf8;
/*!40101 SET character_set_client = @saved_cs_client */;

--
-- Dumping data for table `django_content_type`
--

LOCK TABLES `django_content_type` WRITE;
/*!40000 ALTER TABLE `django_content_type` DISABLE KEYS */;
INSERT INTO `django_content_type` VALUES (1,'permission','auth','permission'),(2,'group','auth','group'),(3,'user','auth','user'),(4,'content type','contenttypes','contenttype'),(5,'session','sessions','session'),(6,'site','sites','site'),(7,'log entry','admin','logentry'),(8,'migration history','south','migrationhistory'),(9,'kv store','thumbnail','kvstore'),(10,'Категория','catalog','category'),(12,'Контент для  страницы \"О нас\"','contman','aboutpage'),(13,'Контент для  страницы \"Доставка\"','contman','deliverypage'),(14,'Контент для  страницы \"Скидки\"','contman','discountspage'),(15,'Контент для  страницы \"Оплата\"','contman','paymentpage'),(16,'Новость','news','news'),(17,'Изображение новости','news','newimage'),(18,'Услуга','services','services'),(19,'slider item','contman','slideritem'),(20,'Контент для главной страницы','contman','indexpage'),(21,'Цветок','catalog','flower'),(22,'Букет','catalog','bouquet'),(23,'Элемент букета','catalog','item'),(24,'Звонок','calls','call'),(26,'cart item','cart','cartitem'),(28,'bouquet image','catalog','bouquetimage'),(29,'flower image','catalog','flowerimage'),(30,'order','cart','order');
/*!40000 ALTER TABLE `django_content_type` ENABLE KEYS */;
UNLOCK TABLES;

--
-- Table structure for table `django_session`
--

DROP TABLE IF EXISTS `django_session`;
/*!40101 SET @saved_cs_client     = @@character_set_client */;
/*!40101 SET character_set_client = utf8 */;
CREATE TABLE `django_session` (
  `session_key` varchar(40) NOT NULL,
  `session_data` longtext NOT NULL,
  `expire_date` datetime NOT NULL,
  PRIMARY KEY (`session_key`),
  KEY `django_session_3da3d3d8` (`expire_date`)
) ENGINE=InnoDB DEFAULT CHARSET=utf8;
/*!40101 SET character_set_client = @saved_cs_client */;

--
-- Dumping data for table `django_session`
--

LOCK TABLES `django_session` WRITE;
/*!40000 ALTER TABLE `django_session` DISABLE KEYS */;
INSERT INTO `django_session` VALUES ('00e2fd7931c7a5db9291be24473fe2ce','NTRiOTkzNmU4YjIyMTI0MzUwZGJlMTVhNTkwNjk1MmZkYWI1MGViNjqAAn1xAShVDV9hdXRoX3Vz\nZXJfaWSKAQFVEl9hdXRoX3VzZXJfYmFja2VuZFUpZGphbmdvLmNvbnRyaWIuYXV0aC5iYWNrZW5k\ncy5Nb2RlbEJhY2tlbmRVA2xwcEsBdS4=\n','2012-12-23 15:30:29'),('00ee26dc81001887db238de3239cdcf5','MjQzZDI4OTRiMTM5M2Q5ZmQ1NjlmZGVkNzJkNzZkNDA5Zjc1YjhhMzqAAn1xAS4=\n','2013-01-03 20:47:47'),('01e951c7790439ea516f7c561267a4a1','MjQzZDI4OTRiMTM5M2Q5ZmQ1NjlmZGVkNzJkNzZkNDA5Zjc1YjhhMzqAAn1xAS4=\n','2013-01-03 20:47:36'),('056609bd2980a0c8bb8e7b817d43c0b4','Y2JmNWM1MWVkNTkyYTY5ZTA5NjVhNWIyZjY4NmJlMTUyZGQ3NWIyMzqAAn1xAShVEl9hdXRoX3Vz\nZXJfYmFja2VuZHECVSlkamFuZ28uY29udHJpYi5hdXRoLmJhY2tlbmRzLk1vZGVsQmFja2VuZHED\nVQ1fYXV0aF91c2VyX2lkcQSKAQFVBGNhcnR9cQVjZGphbmdvLmRiLm1vZGVscy5iYXNlCm1vZGVs\nX3VucGlja2xlCnEGY2NhdGFsb2cubW9kZWxzCkZsb3dlcgpxB11jZGphbmdvLmRiLm1vZGVscy5i\nYXNlCnNpbXBsZV9jbGFzc19mYWN0b3J5CnEIh1JxCX1xCihVEG1ldGFfZGVzY3JpcHRpb25xC1gA\nAAAAVQRzbHVncQxYDAAAAHNpbnlheWEtcm96YVUNbWV0YV9rZXl3b3Jkc3ENWBMAAADQodC40L3R\nj9GPINGA0L7Qt9CwVQRuYW1lcQ5YEwAAANCh0LjQvdGP0Y8g0YDQvtC30LBVBXRpdGxlcQ9YAAAA\nAFUJaXNfYWN0aXZlcRCIVQpjcmVhdGVkX2F0cRFjZGF0ZXRpbWUKZGF0ZXRpbWUKcRJVCgfcDAkK\nFBsAAABjZGphbmdvLnV0aWxzLnRpbWV6b25lClVUQwpxEylScRSGUnEVVQxpbWFnZV9mb3VydGhx\nFlgYAAAAZmxvd2VyX2ltYWdlL2ltZy0xXzQuanBnVQZfc3RhdGVxF2NkamFuZ28uZGIubW9kZWxz\nLmJhc2UKTW9kZWxTdGF0ZQpxGCmBcRl9cRooVQZhZGRpbmdxG4lVAmRicRxVB2RlZmF1bHR1YlUG\naXNfbmV3cR2IVQp1cGRhdGVkX2F0cR5oElUKB9wMFAsABwAAAGgUhlJxH1UKcHJvbW9ibG9ja3Eg\nWAAAAABVDGltYWdlX3NlY29uZHEhWBgAAABmbG93ZXJfaW1hZ2UvaW1nLTVfNi5qcGdVC2ltYWdl\nX2ZpcnN0cSJYGAAAAGZsb3dlcl9pbWFnZS9pbWctNl8zLmpwZ1UCaWRxI4oBBlUOaXNfcmVjb21t\nZW5kZWRxJIlVC2NhdGVnb3J5X2lkcSWKAQRVBXByaWNlcSaKAuoAVQtpbWFnZV90aGlyZHEnWBgA\nAABmbG93ZXJfaW1hZ2UvaW1nLTdfNC5qcGdVC2Rlc2NyaXB0aW9ucShYNwAAANCi0LXQutGB0YLQ\nvtCy0L7QtSDQvtC/0LjRgdCw0L3QuNC1INGB0LjQvdC10Lkg0YDQvtC30Yt1YksBc3Uu\n','2013-01-03 18:45:41'),('06f1a8c328bba75faf0025f41a19d678','ODU3ZjU1ZjIyNjIwNDk2Y2E2YzVmMGYzNTYwMzM0OWIxNDMwMWMzMzqAAn1xAShVEl9hdXRoX3Vz\nZXJfYmFja2VuZHECVSlkamFuZ28uY29udHJpYi5hdXRoLmJhY2tlbmRzLk1vZGVsQmFja2VuZHED\nVQ1fYXV0aF91c2VyX2lkcQSKAQFVBGNhcnR9cQVjZGphbmdvLmRiLm1vZGVscy5iYXNlCm1vZGVs\nX3VucGlja2xlCnEGY2NhdGFsb2cubW9kZWxzCkZsb3dlcgpxB11jZGphbmdvLmRiLm1vZGVscy5i\nYXNlCnNpbXBsZV9jbGFzc19mYWN0b3J5CnEIh1JxCX1xCihVEG1ldGFfZGVzY3JpcHRpb25xC1gA\nAAAAVQRzbHVncQxYDAAAAHNpbnlheWEtcm96YVUNbWV0YV9rZXl3b3Jkc3ENWBMAAADQodC40L3R\nj9GPINGA0L7Qt9CwVQRuYW1lcQ5YEwAAANCh0LjQvdGP0Y8g0YDQvtC30LBVBXRpdGxlcQ9YAAAA\nAFUJaXNfYWN0aXZlcRCIVQpjcmVhdGVkX2F0cRFjZGF0ZXRpbWUKZGF0ZXRpbWUKcRJVCgfcDAkK\nFBsAAABjZGphbmdvLnV0aWxzLnRpbWV6b25lClVUQwpxEylScRSGUnEVVQxpbWFnZV9mb3VydGhx\nFlgYAAAAZmxvd2VyX2ltYWdlL2ltZy0xXzQuanBnVQZfc3RhdGVxF2NkamFuZ28uZGIubW9kZWxz\nLmJhc2UKTW9kZWxTdGF0ZQpxGCmBcRl9cRooVQZhZGRpbmdxG4lVAmRicRxVB2RlZmF1bHR1YlUG\naXNfbmV3cR2IVQp1cGRhdGVkX2F0cR5oElUKB9wMFAsABwAAAGgUhlJxH1UKcHJvbW9ibG9ja3Eg\nWAAAAABVDGltYWdlX3NlY29uZHEhWBgAAABmbG93ZXJfaW1hZ2UvaW1nLTVfNi5qcGdVC2ltYWdl\nX2ZpcnN0cSJYGAAAAGZsb3dlcl9pbWFnZS9pbWctNl8zLmpwZ1UCaWRxI4oBBlUOaXNfcmVjb21t\nZW5kZWRxJIlVC2NhdGVnb3J5X2lkcSWKAQRVBXByaWNlcSaKAuoAVQtpbWFnZV90aGlyZHEnWBgA\nAABmbG93ZXJfaW1hZ2UvaW1nLTdfNC5qcGdVC2Rlc2NyaXB0aW9ucShYNwAAANCi0LXQutGB0YLQ\nvtCy0L7QtSDQvtC/0LjRgdCw0L3QuNC1INGB0LjQvdC10Lkg0YDQvtC30Yt1YksDc3Uu\n','2013-01-03 19:12:24'),('0916fdffccc315def348229e46d01b58','NDAyZTRlMGY2ZDk3ZjExNjdlZTVkNjMzYzNmMDFlZTUzNDk3Mzk4MzqAAn1xAShVBGNhcnR9cQIo\nY2RqYW5nby5kYi5tb2RlbHMuYmFzZQptb2RlbF91bnBpY2tsZQpxA2NjYXRhbG9nLm1vZGVscwpC\nb3VxdWV0CnEEXWNkamFuZ28uZGIubW9kZWxzLmJhc2UKc2ltcGxlX2NsYXNzX2ZhY3RvcnkKcQWH\nUnEGfXEHKFUQbWV0YV9kZXNjcmlwdGlvbnEIWAAAAABVBHNsdWdxCVgMAAAAcHlhdHlqLWJ1a2V0\nVQ1tZXRhX2tleXdvcmRzcQpYFQAAANCf0Y/RgtGL0Lkg0LHRg9C60LXRglUEbmFtZXELWBUAAADQ\nn9GP0YLRi9C5INCx0YPQutC10YJVBXRpdGxlcQxYAAAAAFUJaXNfYWN0aXZlcQ2IVQpjcmVhdGVk\nX2F0cQ5jZGF0ZXRpbWUKZGF0ZXRpbWUKcQ9VCgfcDAkMDiEAAABjZGphbmdvLnV0aWxzLnRpbWV6\nb25lClVUQwpxEClScRGGUnESVQxpbWFnZV9mb3VydGhxE1gBAAAAMFUGX3N0YXRlcRRjZGphbmdv\nLmRiLm1vZGVscy5iYXNlCk1vZGVsU3RhdGUKcRUpgXEWfXEXKFUGYWRkaW5ncRiJVQJkYnEZVQdk\nZWZhdWx0dWJVBmlzX25ld3EaiFUKdXBkYXRlZF9hdHEbaA9VCgfcDAkMDiEAAABoEYZScRxVCnBy\nb21vYmxvY2txHVgAAAAAVQxpbWFnZV9zZWNvbmRxHlgBAAAAMFULaW1hZ2VfZmlyc3RxH1gBAAAA\nMFUCaWRxIIoBBlUOaXNfcmVjb21tZW5kZWRxIYlVC2NhdGVnb3J5X2lkcSKKAQ1VBXByaWNlcSOK\nAuoAVQtpbWFnZV90aGlyZHEkWAEAAAAwVQtkZXNjcmlwdGlvbnElWD0AAADQotC10LrRgdGC0L7Q\nstC+0LUg0L7Qv9C40YHQsNC90LjQtSDQv9GP0YLQvtCz0L4g0LHRg9C60LXRgtCwdWJLAmgDaARd\naAWHUnEmfXEnKGgIWAAAAABoCVgMAAAAdnRvcm9qLWJ1a2V0aApYAAAAAGgLWBcAAADQktGC0L7R\ngNC+0Lkg0LHRg9C60LXRgmgMWBcAAADQktGC0L7RgNC+0Lkg0LHRg9C60LXRgmgNiGgOaA9VCgfc\nDAkKKC0AAABoEClScSiGUnEpaBNYGgAAAGJvdXF1ZXRlX2ltYWdlL2ltZy02XzQuanBnaBRoFSmB\ncSp9cSsoaBiJaBlVB2RlZmF1bHR1YmgaiGgbaA9VCgfcDBQLBwoAAABoKIZScSxoHVgAAAAAaB5Y\nGgAAAGJvdXF1ZXRlX2ltYWdlL2ltZy01XzYuanBnaB9YGgAAAGJvdXF1ZXRlX2ltYWdlL2ltZy0z\nXzQuanBnaCCKAQNoIYloIooBDWgjigLSBGgkWBoAAABib3VxdWV0ZV9pbWFnZS9pbWctNl8zLmpw\nZ2glWD8AAADQotC10LrRgdGC0L7QstC+0LUg0L7Qv9C40YHQsNC90LjQtSDQstGC0L7RgNC+0LPQ\nviDQsdGD0LrQtdGC0LB1YksEaANoBF1oBYdScS19cS4oaAhYAAAAAGgJWBAAAABjaGV0dmVydHlq\nLWJ1a2V0aApYAAAAAGgLWB0AAADQp9C10YLQstC10YDRgtGL0Lkg0LHRg9C60LXRgmgMWAAAAABo\nDYhoDmgPVQoH3AwJCioZAAAAaBApUnEvhlJxMGgTWAEAAAAwaBRoFSmBcTF9cTIoaBiJaBlVB2Rl\nZmF1bHR1YmgaiGgbaA9VCgfcDAkMAgMAAABoL4ZScTNoHVgAAAAAaB5YAQAAADBoH1gBAAAAMGgg\nigEFaCGIaCKKAQ1oI4oCWQFoJFgBAAAAMGglWEUAAADQotC10LrRgdGC0L7QstC+0LUg0L7Qv9C4\n0YHQsNC90LjQtSDRh9C10YLQstC10YDRgtC+0LPQviDQsdGD0LrQtdGC0LB1YksBaANjY2F0YWxv\nZy5tb2RlbHMKRmxvd2VyCnE0XWgFh1JxNX1xNihoCFgAAAAAaAlYDAAAAHNpbnlheWEtcm96YWgK\nWBMAAADQodC40L3Rj9GPINGA0L7Qt9CwaAtYEwAAANCh0LjQvdGP0Y8g0YDQvtC30LBoDFgAAAAA\naA2IaA5oD1UKB9wMCQoUGwAAAGgQKVJxN4ZScThoE1gYAAAAZmxvd2VyX2ltYWdlL2ltZy0xXzQu\nanBnaBRoFSmBcTl9cTooaBiJaBlVB2RlZmF1bHR1YmgaiGgbaA9VCgfcDBQLAAcAAABoN4ZScTto\nHVgAAAAAaB5YGAAAAGZsb3dlcl9pbWFnZS9pbWctNV82LmpwZ2gfWBgAAABmbG93ZXJfaW1hZ2Uv\naW1nLTZfMy5qcGdoIIoBBmghiWgiigEEaCOKAuoAaCRYGAAAAGZsb3dlcl9pbWFnZS9pbWctN180\nLmpwZ2glWDcAAADQotC10LrRgdGC0L7QstC+0LUg0L7Qv9C40YHQsNC90LjQtSDRgdC40L3QtdC5\nINGA0L7Qt9GLdWJLA3VVA2xwcEsBdS4=\n','2013-01-03 17:29:02'),('09bb96b9ab29ced1000d87e5b2248018','MjQzZDI4OTRiMTM5M2Q5ZmQ1NjlmZGVkNzJkNzZkNDA5Zjc1YjhhMzqAAn1xAS4=\n','2013-01-03 19:24:55'),('0c80854dd3d8cb09211f56880cc97c93','MjQzZDI4OTRiMTM5M2Q5ZmQ1NjlmZGVkNzJkNzZkNDA5Zjc1YjhhMzqAAn1xAS4=\n','2013-01-03 20:08:56'),('0dac46987d38e799320532eaff8fd250','MjQzZDI4OTRiMTM5M2Q5ZmQ1NjlmZGVkNzJkNzZkNDA5Zjc1YjhhMzqAAn1xAS4=\n','2013-01-03 20:02:33'),('0e2647113f2ca1ca4bba274cdf9a45e1','NTI3MWY5ZjJhOTQxNmYzOTRhODE0NTc5M2VkNThlNzdiYzBhNjVkMDqAAn1xAShVEl9hdXRoX3Vz\nZXJfYmFja2VuZHECVSlkamFuZ28uY29udHJpYi5hdXRoLmJhY2tlbmRzLk1vZGVsQmFja2VuZHED\nVQ1fYXV0aF91c2VyX2lkcQSKAQFVBGNhcnR9cQVjZGphbmdvLmRiLm1vZGVscy5iYXNlCm1vZGVs\nX3VucGlja2xlCnEGY2NhdGFsb2cubW9kZWxzCkZsb3dlcgpxB11jZGphbmdvLmRiLm1vZGVscy5i\nYXNlCnNpbXBsZV9jbGFzc19mYWN0b3J5CnEIh1JxCX1xCihVEG1ldGFfZGVzY3JpcHRpb25xC1gA\nAAAAVQRzbHVncQxYDAAAAHNpbnlheWEtcm96YVUNbWV0YV9rZXl3b3Jkc3ENWBMAAADQodC40L3R\nj9GPINGA0L7Qt9CwVQRuYW1lcQ5YEwAAANCh0LjQvdGP0Y8g0YDQvtC30LBVBXRpdGxlcQ9YAAAA\nAFUJaXNfYWN0aXZlcRCIVQpjcmVhdGVkX2F0cRFjZGF0ZXRpbWUKZGF0ZXRpbWUKcRJVCgfcDAkK\nFBsAAABjZGphbmdvLnV0aWxzLnRpbWV6b25lClVUQwpxEylScRSGUnEVVQxpbWFnZV9mb3VydGhx\nFlgYAAAAZmxvd2VyX2ltYWdlL2ltZy0xXzQuanBnVQZfc3RhdGVxF2NkamFuZ28uZGIubW9kZWxz\nLmJhc2UKTW9kZWxTdGF0ZQpxGCmBcRl9cRooVQZhZGRpbmdxG4lVAmRicRxVB2RlZmF1bHR1YlUG\naXNfbmV3cR2IVQp1cGRhdGVkX2F0cR5oElUKB9wMFAsABwAAAGgUhlJxH1UKcHJvbW9ibG9ja3Eg\nWAAAAABVDGltYWdlX3NlY29uZHEhWBgAAABmbG93ZXJfaW1hZ2UvaW1nLTVfNi5qcGdVC2ltYWdl\nX2ZpcnN0cSJYGAAAAGZsb3dlcl9pbWFnZS9pbWctNl8zLmpwZ1UCaWRxI4oBBlUOaXNfcmVjb21t\nZW5kZWRxJIlVC2NhdGVnb3J5X2lkcSWKAQRVBXByaWNlcSaKAuoAVQtpbWFnZV90aGlyZHEnWBgA\nAABmbG93ZXJfaW1hZ2UvaW1nLTdfNC5qcGdVC2Rlc2NyaXB0aW9ucShYNwAAANCi0LXQutGB0YLQ\nvtCy0L7QtSDQvtC/0LjRgdCw0L3QuNC1INGB0LjQvdC10Lkg0YDQvtC30Yt1YksJc3Uu\n','2013-01-03 19:29:44'),('1285d2a887eaf49587daabcf304398a6','MjY5NmZlYjQ0ZWE3ODE2ZDMyMmRkOGI2MjM4YWZlNTc5NTMzOTJmMzqAAn1xAShVEl9hdXRoX3Vz\nZXJfYmFja2VuZHECVSlkamFuZ28uY29udHJpYi5hdXRoLmJhY2tlbmRzLk1vZGVsQmFja2VuZHED\nVQ1fYXV0aF91c2VyX2lkcQSKAQF1Lg==\n','2012-12-02 11:37:42'),('146757e47b0f289939e462954a38fa55','N2U2OTgxYzg5NDYzMjhlN2RmMTk4OTFlZjU0YTA0NWRkMWRiNzBmZDqAAn1xAShVEl9hdXRoX3Vz\nZXJfYmFja2VuZHECVSlkamFuZ28uY29udHJpYi5hdXRoLmJhY2tlbmRzLk1vZGVsQmFja2VuZHED\nVQ1fYXV0aF91c2VyX2lkcQSKAQFVBGNhcnR9cQUoY2RqYW5nby5kYi5tb2RlbHMuYmFzZQptb2Rl\nbF91bnBpY2tsZQpxBmNjYXRhbG9nLm1vZGVscwpGbG93ZXIKcQddY2RqYW5nby5kYi5tb2RlbHMu\nYmFzZQpzaW1wbGVfY2xhc3NfZmFjdG9yeQpxCIdScQl9cQooVRBtZXRhX2Rlc2NyaXB0aW9ucQtY\nAAAAAFUEc2x1Z3EMWA0AAABjaGVybmF5YS1yb3phVQ1tZXRhX2tleXdvcmRzcQ1YFQAAANCn0LXR\ngNC90LDRjyDRgNC+0LfQsFUEbmFtZXEOWBUAAADQp9C10YDQvdCw0Y8g0YDQvtC30LBVBXRpdGxl\ncQ9YAAAAAFUJaXNfYWN0aXZlcRCIVQpjcmVhdGVkX2F0cRFjZGF0ZXRpbWUKZGF0ZXRpbWUKcRJV\nCgfcDAkKEx0AAABjZGphbmdvLnV0aWxzLnRpbWV6b25lClVUQwpxEylScRSGUnEVVQxpbWFnZV9m\nb3VydGhxFlgBAAAAMFUGX3N0YXRlcRdjZGphbmdvLmRiLm1vZGVscy5iYXNlCk1vZGVsU3RhdGUK\ncRgpgXEZfXEaKFUGYWRkaW5ncRuJVQJkYnEcVQdkZWZhdWx0dWJVBmlzX25ld3EdiFUKdXBkYXRl\nZF9hdHEeaBJVCgfcDAkKEx0AAABoFIZScR9VCnByb21vYmxvY2txIFgAAAAAVQxpbWFnZV9zZWNv\nbmRxIVgBAAAAMFULaW1hZ2VfZmlyc3RxIlgBAAAAMFUCaWRxI4oBBVUOaXNfcmVjb21tZW5kZWRx\nJIlVC2NhdGVnb3J5X2lkcSWKAQRVBXByaWNlcSaKAlkBVQtpbWFnZV90aGlyZHEnWAEAAAAwVQtk\nZXNjcmlwdGlvbnEoWDkAAADQotC10LrRgdGC0L7QstC+0LUg0L7Qv9C40YHQsNC90LjQtSDRh9C1\n0YDQvdC+0Lkg0YDQvtC30Yt1YksCaAZoB11oCIdScSl9cSooaAtYAAAAAGgMWAwAAABzaW55YXlh\nLXJvemFoDVgTAAAA0KHQuNC90Y/RjyDRgNC+0LfQsGgOWBMAAADQodC40L3Rj9GPINGA0L7Qt9Cw\naA9YAAAAAGgQiGgRaBJVCgfcDAkKFBsAAABoEylScSuGUnEsaBZYGAAAAGZsb3dlcl9pbWFnZS9p\nbWctMV80LmpwZ2gXaBgpgXEtfXEuKGgbiWgcVQdkZWZhdWx0dWJoHYhoHmgSVQoH3AwUCwAHAAAA\naCuGUnEvaCBYAAAAAGghWBgAAABmbG93ZXJfaW1hZ2UvaW1nLTVfNi5qcGdoIlgYAAAAZmxvd2Vy\nX2ltYWdlL2ltZy02XzMuanBnaCOKAQZoJIloJYoBBGgmigLqAGgnWBgAAABmbG93ZXJfaW1hZ2Uv\naW1nLTdfNC5qcGdoKFg3AAAA0KLQtdC60YHRgtC+0LLQvtC1INC+0L/QuNGB0LDQvdC40LUg0YHQ\nuNC90LXQuSDRgNC+0LfRi3ViSwF1dS4=\n','2013-01-03 21:43:35'),('1534aabb2a1139d90f40edf40c6868e3','MjQzZDI4OTRiMTM5M2Q5ZmQ1NjlmZGVkNzJkNzZkNDA5Zjc1YjhhMzqAAn1xAS4=\n','2013-01-03 22:15:48'),('160d09ac7a1bc1430bcfb63c13ca84d1','MjQzZDI4OTRiMTM5M2Q5ZmQ1NjlmZGVkNzJkNzZkNDA5Zjc1YjhhMzqAAn1xAS4=\n','2013-01-03 19:26:07'),('16567c84600412bf2bbd61e21cad5f42','MjQzZDI4OTRiMTM5M2Q5ZmQ1NjlmZGVkNzJkNzZkNDA5Zjc1YjhhMzqAAn1xAS4=\n','2013-01-03 20:02:33'),('17bce8fdb8da8229aa0644f84adb3539','MjQzZDI4OTRiMTM5M2Q5ZmQ1NjlmZGVkNzJkNzZkNDA5Zjc1YjhhMzqAAn1xAS4=\n','2013-01-03 19:24:28'),('190f65940544ebd5179fe9228618b2b9','MjQzZDI4OTRiMTM5M2Q5ZmQ1NjlmZGVkNzJkNzZkNDA5Zjc1YjhhMzqAAn1xAS4=\n','2013-01-03 17:44:52'),('1942c58f21cf415354bc264f09dcba18','MjQzZDI4OTRiMTM5M2Q5ZmQ1NjlmZGVkNzJkNzZkNDA5Zjc1YjhhMzqAAn1xAS4=\n','2013-01-03 20:42:59'),('19ed7b90fbf697a2f9a0a7294be0ba2b','MjQzZDI4OTRiMTM5M2Q5ZmQ1NjlmZGVkNzJkNzZkNDA5Zjc1YjhhMzqAAn1xAS4=\n','2013-01-03 20:14:13'),('1a71963df71be01261044c9c587a9de8','NTNkYzcxMTllY2JjYzFmOTZiMTM1YmJjNDdmOWY4ZGVhM2Y5NTY5ODqAAn1xAVUEY2FydHECfXED\nY2RqYW5nby5kYi5tb2RlbHMuYmFzZQptb2RlbF91bnBpY2tsZQpxBGNjYXRhbG9nLm1vZGVscwpG\nbG93ZXIKcQVdY2RqYW5nby5kYi5tb2RlbHMuYmFzZQpzaW1wbGVfY2xhc3NfZmFjdG9yeQpxBodS\ncQd9cQgoVRBtZXRhX2Rlc2NyaXB0aW9ucQlYAAAAAFUKY3JlYXRlZF9hdHEKY2RhdGV0aW1lCmRh\ndGV0aW1lCnELVQoH3AwEEjMQAAAAY2RqYW5nby51dGlscy50aW1lem9uZQpVVEMKcQwpUnENhlJx\nDlUEc2x1Z3EPWAYAAABtaW1vemFVDW1ldGFfa2V5d29yZHNxEFgAAAAAVQRuYW1lcRFYDAAAANCc\n0LjQvNC+0LfQsFUFdGl0bGVxElgMAAAA0JzQuNC80L7Qt9CwVQlpc19hY3RpdmVxE4hVBXByaWNl\ncRSKARRVDGltYWdlX2ZvdXJ0aHEVWBgAAABmbG93ZXJfaW1hZ2UvaW1nLTVfMy5qcGdVBl9zdGF0\nZXEWY2RqYW5nby5kYi5tb2RlbHMuYmFzZQpNb2RlbFN0YXRlCnEXKYFxGH1xGShVBmFkZGluZ3Ea\niVUCZGJxG1UHZGVmYXVsdHEcdWJVBmlzX25ld3EdiVUKdXBkYXRlZF9hdHEeaAtVCgfcDA8OKzIA\nAABoDYZScR9VCnByb21vYmxvY2txIFgAAAAAVQxpbWFnZV9zZWNvbmRxIVgYAAAAZmxvd2VyX2lt\nYWdlL2ltZy0yXzMuanBnVQtpbWFnZV9maXJzdHEiWBgAAABmbG93ZXJfaW1hZ2UvaW1nLTFfMy5q\ncGdVDmlzX3JlY29tbWVuZGVkcSOIVQtjYXRlZ29yeV9pZHEkigEPVQJpZHEligEBVQtpbWFnZV90\naGlyZHEmWBgAAABmbG93ZXJfaW1hZ2UvaW1nLTNfNC5qcGdVC2Rlc2NyaXB0aW9ucSdYMAAAANCi\n0LXQutGB0YLQvtCy0L7QtSDQvtC/0LjRgdCw0L3QuNC1INC80LjQvNC+0LfRi3ViSwFzcy4=\n','2013-01-03 12:03:24'),('1bcaf5e8298086e116dd8f136b78ac95','MjQzZDI4OTRiMTM5M2Q5ZmQ1NjlmZGVkNzJkNzZkNDA5Zjc1YjhhMzqAAn1xAS4=\n','2013-01-03 22:15:48'),('1da16a30d0989ee91b9a41ebd7e885b4','MjQzZDI4OTRiMTM5M2Q5ZmQ1NjlmZGVkNzJkNzZkNDA5Zjc1YjhhMzqAAn1xAS4=\n','2013-01-03 20:42:59'),('1dd2c2c3e1a4d37cd1de3890823b93ec','MjQzZDI4OTRiMTM5M2Q5ZmQ1NjlmZGVkNzJkNzZkNDA5Zjc1YjhhMzqAAn1xAS4=\n','2013-01-04 09:37:33'),('1e22431a941a0b33d7cc69efafad908a','MjY5NmZlYjQ0ZWE3ODE2ZDMyMmRkOGI2MjM4YWZlNTc5NTMzOTJmMzqAAn1xAShVEl9hdXRoX3Vz\nZXJfYmFja2VuZHECVSlkamFuZ28uY29udHJpYi5hdXRoLmJhY2tlbmRzLk1vZGVsQmFja2VuZHED\nVQ1fYXV0aF91c2VyX2lkcQSKAQF1Lg==\n','2013-01-04 09:37:33'),('1ed6669692963a0326f0b130b10af927','MjQzZDI4OTRiMTM5M2Q5ZmQ1NjlmZGVkNzJkNzZkNDA5Zjc1YjhhMzqAAn1xAS4=\n','2013-01-03 20:47:36'),('210117c6cf30bcac9c889b442c0e3045','MjQzZDI4OTRiMTM5M2Q5ZmQ1NjlmZGVkNzJkNzZkNDA5Zjc1YjhhMzqAAn1xAS4=\n','2013-01-03 20:39:27'),('265530d35bb67d7af5c86fd88dddd7f9','MjQzZDI4OTRiMTM5M2Q5ZmQ1NjlmZGVkNzJkNzZkNDA5Zjc1YjhhMzqAAn1xAS4=\n','2013-01-03 20:47:36'),('2664fdd00ed4b6250810624cc6138e68','OGJkYjE4ODhlMzgzYzU5NDFjMDIxOWUwZTZmODVmNTBhZmM4M2M3MjqAAn1xAShVBGNhcnR9cQJj\nZGphbmdvLmRiLm1vZGVscy5iYXNlCm1vZGVsX3VucGlja2xlCnEDY2NhdGFsb2cubW9kZWxzCkZs\nb3dlcgpxBF1jZGphbmdvLmRiLm1vZGVscy5iYXNlCnNpbXBsZV9jbGFzc19mYWN0b3J5CnEFh1Jx\nBn1xByhVEG1ldGFfZGVzY3JpcHRpb25xCFgAAAAAVQRzbHVncQlYGgAAAHRlc3RvdnlqLWN2ZXRv\nay1ub21lci1vZGluVQ1tZXRhX2tleXdvcmRzcQpYAAAAAFUEbmFtZXELWDEAAADQotC10YHRgtC+\n0LLRi9C5INGG0LLQtdGC0L7QuiDQvdC+0LzQtdGAINC+0LTQuNC9VQV0aXRsZXEMWAAAAABVCWlz\nX2FjdGl2ZXENiFUKY3JlYXRlZF9hdHEOY2RhdGV0aW1lCmRhdGV0aW1lCnEPVQoH3AwUCwEWAAAA\nY2RqYW5nby51dGlscy50aW1lem9uZQpVVEMKcRApUnERhlJxElUMaW1hZ2VfZm91cnRocRNYGAAA\nAGZsb3dlcl9pbWFnZS9pbWctNV83LmpwZ1UGX3N0YXRlcRRjZGphbmdvLmRiLm1vZGVscy5iYXNl\nCk1vZGVsU3RhdGUKcRUpgXEWfXEXKFUGYWRkaW5ncRiJVQJkYnEZVQdkZWZhdWx0dWJVBmlzX25l\nd3EaiFUKdXBkYXRlZF9hdHEbaA9VCgfcDBQLARYAAABoEYZScRxVCnByb21vYmxvY2txHVgVAAAA\n0KLRg9GCINC60L7QvdGC0LXQvdGCVQxpbWFnZV9zZWNvbmRxHlgYAAAAZmxvd2VyX2ltYWdlL2lt\nZy0yXzQuanBnVQtpbWFnZV9maXJzdHEfWBgAAABmbG93ZXJfaW1hZ2UvaW1nLTFfNS5qcGdVAmlk\ncSCKAQdVDmlzX3JlY29tbWVuZGVkcSGIVQtjYXRlZ29yeV9pZHEiigEDVQVwcmljZXEjigEUVQtp\nbWFnZV90aGlyZHEkWBgAAABmbG93ZXJfaW1hZ2UvaW1nLTNfNS5qcGdVC2Rlc2NyaXB0aW9ucSVY\nRAAAANCi0LXQutGB0YLQvtCy0L7QtSDQvtC/0LjRgdCw0L3QuNC1INGG0LLQtdGC0LrQsCDQvdC+\n0LzQtdGAINC+0LTQuNC9dWJLAXNVA2xwcHEmSwF1Lg==\n','2013-01-03 11:57:53'),('27e346acd4d7a9c10777dae6351259c3','MjQzZDI4OTRiMTM5M2Q5ZmQ1NjlmZGVkNzJkNzZkNDA5Zjc1YjhhMzqAAn1xAS4=\n','2013-01-03 18:48:42'),('27ff377969d8b268a45f22666cd92192','MjQzZDI4OTRiMTM5M2Q5ZmQ1NjlmZGVkNzJkNzZkNDA5Zjc1YjhhMzqAAn1xAS4=\n','2013-01-03 21:44:27'),('282c5d06293d489a68473bfaffb8355d','MjQzZDI4OTRiMTM5M2Q5ZmQ1NjlmZGVkNzJkNzZkNDA5Zjc1YjhhMzqAAn1xAS4=\n','2013-01-03 19:26:07'),('2a9eaaaf4a1cb323cb3c5363220640b7','MjQzZDI4OTRiMTM5M2Q5ZmQ1NjlmZGVkNzJkNzZkNDA5Zjc1YjhhMzqAAn1xAS4=\n','2013-01-03 20:14:14'),('2cc9b47d70e997e91d8b249b23022143','MmY5ZGI5MDI3MTQ4YmMwMDcwZWY5OGNkMTE5MDZiNGI2ZjI3OTNiYTqAAn1xAShVEl9hdXRoX3Vz\nZXJfYmFja2VuZHECVSlkamFuZ28uY29udHJpYi5hdXRoLmJhY2tlbmRzLk1vZGVsQmFja2VuZHED\nVQ1fYXV0aF91c2VyX2lkcQSKAQFVBGNhcnR9cQVjZGphbmdvLmRiLm1vZGVscy5iYXNlCm1vZGVs\nX3VucGlja2xlCnEGY2NhdGFsb2cubW9kZWxzCkZsb3dlcgpxB11jZGphbmdvLmRiLm1vZGVscy5i\nYXNlCnNpbXBsZV9jbGFzc19mYWN0b3J5CnEIh1JxCX1xCihVEG1ldGFfZGVzY3JpcHRpb25xC1gA\nAAAAVQRzbHVncQxYDAAAAHNpbnlheWEtcm96YVUNbWV0YV9rZXl3b3Jkc3ENWBMAAADQodC40L3R\nj9GPINGA0L7Qt9CwVQRuYW1lcQ5YEwAAANCh0LjQvdGP0Y8g0YDQvtC30LBVBXRpdGxlcQ9YAAAA\nAFUJaXNfYWN0aXZlcRCIVQpjcmVhdGVkX2F0cRFjZGF0ZXRpbWUKZGF0ZXRpbWUKcRJVCgfcDAkK\nFBsAAABjZGphbmdvLnV0aWxzLnRpbWV6b25lClVUQwpxEylScRSGUnEVVQxpbWFnZV9mb3VydGhx\nFlgYAAAAZmxvd2VyX2ltYWdlL2ltZy0xXzQuanBnVQZfc3RhdGVxF2NkamFuZ28uZGIubW9kZWxz\nLmJhc2UKTW9kZWxTdGF0ZQpxGCmBcRl9cRooVQZhZGRpbmdxG4lVAmRicRxVB2RlZmF1bHR1YlUG\naXNfbmV3cR2IVQp1cGRhdGVkX2F0cR5oElUKB9wMFAsABwAAAGgUhlJxH1UKcHJvbW9ibG9ja3Eg\nWAAAAABVDGltYWdlX3NlY29uZHEhWBgAAABmbG93ZXJfaW1hZ2UvaW1nLTVfNi5qcGdVC2ltYWdl\nX2ZpcnN0cSJYGAAAAGZsb3dlcl9pbWFnZS9pbWctNl8zLmpwZ1UCaWRxI4oBBlUOaXNfcmVjb21t\nZW5kZWRxJIlVC2NhdGVnb3J5X2lkcSWKAQRVBXByaWNlcSaKAuoAVQtpbWFnZV90aGlyZHEnWBgA\nAABmbG93ZXJfaW1hZ2UvaW1nLTdfNC5qcGdVC2Rlc2NyaXB0aW9ucShYNwAAANCi0LXQutGB0YLQ\nvtCy0L7QtSDQvtC/0LjRgdCw0L3QuNC1INGB0LjQvdC10Lkg0YDQvtC30Yt1YksGc3Uu\n','2013-01-03 19:49:25'),('2d4fc8824b959d17940541596cef369d','MjQzZDI4OTRiMTM5M2Q5ZmQ1NjlmZGVkNzJkNzZkNDA5Zjc1YjhhMzqAAn1xAS4=\n','2013-01-03 20:08:56'),('2dc6d3fcd371e0a7a1d1903bf79268c1','YjA5MTI3NTkzOTRkNmJiODE1OTIyMTk1ZGE1MTkyMTM1MDBkZjA5NzqAAn1xAShVEl9hdXRoX3Vz\nZXJfYmFja2VuZHECVSlkamFuZ28uY29udHJpYi5hdXRoLmJhY2tlbmRzLk1vZGVsQmFja2VuZHED\nVQ1fYXV0aF91c2VyX2lkcQSKAQFVBGNhcnR9cQVjZGphbmdvLmRiLm1vZGVscy5iYXNlCm1vZGVs\nX3VucGlja2xlCnEGY2NhdGFsb2cubW9kZWxzCkZsb3dlcgpxB11jZGphbmdvLmRiLm1vZGVscy5i\nYXNlCnNpbXBsZV9jbGFzc19mYWN0b3J5CnEIh1JxCX1xCihVEG1ldGFfZGVzY3JpcHRpb25xC1gA\nAAAAVQRzbHVncQxYDAAAAHNpbnlheWEtcm96YVUNbWV0YV9rZXl3b3Jkc3ENWBMAAADQodC40L3R\nj9GPINGA0L7Qt9CwVQRuYW1lcQ5YEwAAANCh0LjQvdGP0Y8g0YDQvtC30LBVBXRpdGxlcQ9YAAAA\nAFUJaXNfYWN0aXZlcRCIVQpjcmVhdGVkX2F0cRFjZGF0ZXRpbWUKZGF0ZXRpbWUKcRJVCgfcDAkK\nFBsAAABjZGphbmdvLnV0aWxzLnRpbWV6b25lClVUQwpxEylScRSGUnEVVQxpbWFnZV9mb3VydGhx\nFlgYAAAAZmxvd2VyX2ltYWdlL2ltZy0xXzQuanBnVQZfc3RhdGVxF2NkamFuZ28uZGIubW9kZWxz\nLmJhc2UKTW9kZWxTdGF0ZQpxGCmBcRl9cRooVQZhZGRpbmdxG4lVAmRicRxVB2RlZmF1bHR1YlUG\naXNfbmV3cR2IVQp1cGRhdGVkX2F0cR5oElUKB9wMFAsABwAAAGgUhlJxH1UKcHJvbW9ibG9ja3Eg\nWAAAAABVDGltYWdlX3NlY29uZHEhWBgAAABmbG93ZXJfaW1hZ2UvaW1nLTVfNi5qcGdVC2ltYWdl\nX2ZpcnN0cSJYGAAAAGZsb3dlcl9pbWFnZS9pbWctNl8zLmpwZ1UCaWRxI4oBBlUOaXNfcmVjb21t\nZW5kZWRxJIlVC2NhdGVnb3J5X2lkcSWKAQRVBXByaWNlcSaKAuoAVQtpbWFnZV90aGlyZHEnWBgA\nAABmbG93ZXJfaW1hZ2UvaW1nLTdfNC5qcGdVC2Rlc2NyaXB0aW9ucShYNwAAANCi0LXQutGB0YLQ\nvtCy0L7QtSDQvtC/0LjRgdCw0L3QuNC1INGB0LjQvdC10Lkg0YDQvtC30Yt1YksBc1UDbHBwSwF1\nLg==\n','2013-01-03 12:01:16'),('2f4a6c2cd458f008af1d2498a24e0718','MjQzZDI4OTRiMTM5M2Q5ZmQ1NjlmZGVkNzJkNzZkNDA5Zjc1YjhhMzqAAn1xAS4=\n','2013-01-03 20:43:22'),('2f630c3acb26be9ba9291b8c9069db7b','MjQzZDI4OTRiMTM5M2Q5ZmQ1NjlmZGVkNzJkNzZkNDA5Zjc1YjhhMzqAAn1xAS4=\n','2013-01-03 22:15:48'),('31380c3ef37f2715b303ad35329f866e','YmIxZDQxN2U4MzI1YjExMGMzN2JlNzJjMGYyY2NjMTFlODhjMWQ0NzqAAn1xAVUDbHBwSwFzLg==\n','2012-12-23 09:42:25'),('316f5d42f3aad71bd51317e773ca7e0e','MjY5NmZlYjQ0ZWE3ODE2ZDMyMmRkOGI2MjM4YWZlNTc5NTMzOTJmMzqAAn1xAShVEl9hdXRoX3Vz\nZXJfYmFja2VuZHECVSlkamFuZ28uY29udHJpYi5hdXRoLmJhY2tlbmRzLk1vZGVsQmFja2VuZHED\nVQ1fYXV0aF91c2VyX2lkcQSKAQF1Lg==\n','2013-01-03 18:40:17'),('3393a7c6d7b4b1034efeace0c19bad93','MTExYjlmODAxYTQzZjVhN2Y3YTZhNjA4OTRlYmM0NDI1ODFkNWJhMjqAAn1xAShVEl9hdXRoX3Vz\nZXJfYmFja2VuZHECVSlkamFuZ28uY29udHJpYi5hdXRoLmJhY2tlbmRzLk1vZGVsQmFja2VuZHED\nVQ1fYXV0aF91c2VyX2lkcQSKAQFVBGNhcnR9cQVjZGphbmdvLmRiLm1vZGVscy5iYXNlCm1vZGVs\nX3VucGlja2xlCnEGY2NhdGFsb2cubW9kZWxzCkZsb3dlcgpxB11jZGphbmdvLmRiLm1vZGVscy5i\nYXNlCnNpbXBsZV9jbGFzc19mYWN0b3J5CnEIh1JxCX1xCihVEG1ldGFfZGVzY3JpcHRpb25xC1gA\nAAAAVQRzbHVncQxYDAAAAHNpbnlheWEtcm96YVUNbWV0YV9rZXl3b3Jkc3ENWBMAAADQodC40L3R\nj9GPINGA0L7Qt9CwVQRuYW1lcQ5YEwAAANCh0LjQvdGP0Y8g0YDQvtC30LBVBXRpdGxlcQ9YAAAA\nAFUJaXNfYWN0aXZlcRCIVQpjcmVhdGVkX2F0cRFjZGF0ZXRpbWUKZGF0ZXRpbWUKcRJVCgfcDAkK\nFBsAAABjZGphbmdvLnV0aWxzLnRpbWV6b25lClVUQwpxEylScRSGUnEVVQxpbWFnZV9mb3VydGhx\nFlgYAAAAZmxvd2VyX2ltYWdlL2ltZy0xXzQuanBnVQZfc3RhdGVxF2NkamFuZ28uZGIubW9kZWxz\nLmJhc2UKTW9kZWxTdGF0ZQpxGCmBcRl9cRooVQZhZGRpbmdxG4lVAmRicRxVB2RlZmF1bHR1YlUG\naXNfbmV3cR2IVQp1cGRhdGVkX2F0cR5oElUKB9wMFAsABwAAAGgUhlJxH1UKcHJvbW9ibG9ja3Eg\nWAAAAABVDGltYWdlX3NlY29uZHEhWBgAAABmbG93ZXJfaW1hZ2UvaW1nLTVfNi5qcGdVC2ltYWdl\nX2ZpcnN0cSJYGAAAAGZsb3dlcl9pbWFnZS9pbWctNl8zLmpwZ1UCaWRxI4oBBlUOaXNfcmVjb21t\nZW5kZWRxJIlVC2NhdGVnb3J5X2lkcSWKAQRVBXByaWNlcSaKAuoAVQtpbWFnZV90aGlyZHEnWBgA\nAABmbG93ZXJfaW1hZ2UvaW1nLTdfNC5qcGdVC2Rlc2NyaXB0aW9ucShYNwAAANCi0LXQutGB0YLQ\nvtCy0L7QtSDQvtC/0LjRgdCw0L3QuNC1INGB0LjQvdC10Lkg0YDQvtC30Yt1YksKc3Uu\n','2013-01-03 18:56:06'),('33a9e236979a1ab898aa4c46192943b6','NjZhOTBmODkzODgxM2UyNjdiMjAxNTYwZDljODcwYzY0OTk4OGQ2ZjqAAn1xAShVEl9hdXRoX3Vz\nZXJfYmFja2VuZHECVSlkamFuZ28uY29udHJpYi5hdXRoLmJhY2tlbmRzLk1vZGVsQmFja2VuZHED\nVQ1fYXV0aF91c2VyX2lkcQSKAQtVBGNhcnR9cQVjZGphbmdvLmRiLm1vZGVscy5iYXNlCm1vZGVs\nX3VucGlja2xlCnEGY2NhdGFsb2cubW9kZWxzCkZsb3dlcgpxB11jZGphbmdvLmRiLm1vZGVscy5i\nYXNlCnNpbXBsZV9jbGFzc19mYWN0b3J5CnEIh1JxCX1xCihVEG1ldGFfZGVzY3JpcHRpb25xC1gA\nAAAAVQRzbHVncQxYDQAAAGNoZXJuYXlhLXJvemFVDW1ldGFfa2V5d29yZHNxDVgVAAAA0KfQtdGA\n0L3QsNGPINGA0L7Qt9CwVQRuYW1lcQ5YFQAAANCn0LXRgNC90LDRjyDRgNC+0LfQsFUFdGl0bGVx\nD1gAAAAAVQlpc19hY3RpdmVxEIhVCmNyZWF0ZWRfYXRxEWNkYXRldGltZQpkYXRldGltZQpxElUK\nB9wMCQoTHQAAAGNkamFuZ28udXRpbHMudGltZXpvbmUKVVRDCnETKVJxFIZScRVVDGltYWdlX2Zv\ndXJ0aHEWWAEAAAAwVQZfc3RhdGVxF2NkamFuZ28uZGIubW9kZWxzLmJhc2UKTW9kZWxTdGF0ZQpx\nGCmBcRl9cRooVQZhZGRpbmdxG4lVAmRicRxVB2RlZmF1bHR1YlUGaXNfbmV3cR2IVQp1cGRhdGVk\nX2F0cR5oElUKB9wMCQoTHQAAAGgUhlJxH1UKcHJvbW9ibG9ja3EgWAAAAABVDGltYWdlX3NlY29u\nZHEhWAEAAAAwVQtpbWFnZV9maXJzdHEiWAEAAAAwVQJpZHEjigEFVQ5pc19yZWNvbW1lbmRlZHEk\niVULY2F0ZWdvcnlfaWRxJYoBBFUFcHJpY2VxJooCWQFVC2ltYWdlX3RoaXJkcSdYAQAAADBVC2Rl\nc2NyaXB0aW9ucShYOQAAANCi0LXQutGB0YLQvtCy0L7QtSDQvtC/0LjRgdCw0L3QuNC1INGH0LXR\ngNC90L7QuSDRgNC+0LfRi3ViSwhzdS4=\n','2013-01-03 19:35:07'),('3787283d5fe02067f5723a29c31ac615','MGVmMmQ0YTNjYTI1YjFiODhmNTQyM2M3NjhjNGRhYTBkMmZjNGZiNjqAAn1xAShVEl9hdXRoX3Vz\nZXJfYmFja2VuZHECVSlkamFuZ28uY29udHJpYi5hdXRoLmJhY2tlbmRzLk1vZGVsQmFja2VuZHED\nVQ1fYXV0aF91c2VyX2lkcQSKARZ1Lg==\n','2013-01-09 15:10:35'),('3787bd166ac2489e6d16a2acb50b27a5','MjQzZDI4OTRiMTM5M2Q5ZmQ1NjlmZGVkNzJkNzZkNDA5Zjc1YjhhMzqAAn1xAS4=\n','2013-01-03 20:47:47'),('3be04d4df13c7306dbf1802e3c425c67','MjQzZDI4OTRiMTM5M2Q5ZmQ1NjlmZGVkNzJkNzZkNDA5Zjc1YjhhMzqAAn1xAS4=\n','2013-01-03 20:08:56'),('3cc5012b408d360165ee945836794a34','NjRhZTY0ZWMyYjFiY2ViNjBlMjcyMDZhYTZkMTE1OWNmNmQzM2ZjYjqAAn1xAShVEl9hdXRoX3Vz\nZXJfYmFja2VuZHECVSlkamFuZ28uY29udHJpYi5hdXRoLmJhY2tlbmRzLk1vZGVsQmFja2VuZHED\nVQ1fYXV0aF91c2VyX2lkcQSKAQFVBGNhcnR9cQVjZGphbmdvLmRiLm1vZGVscy5iYXNlCm1vZGVs\nX3VucGlja2xlCnEGY2NhdGFsb2cubW9kZWxzCkZsb3dlcgpxB11jZGphbmdvLmRiLm1vZGVscy5i\nYXNlCnNpbXBsZV9jbGFzc19mYWN0b3J5CnEIh1JxCX1xCihVEG1ldGFfZGVzY3JpcHRpb25xC1gA\nAAAAVQRzbHVncQxYCAAAAGdseXVrb3phVQ1tZXRhX2tleXdvcmRzcQ1YAAAAAFUEbmFtZXEOWA4A\nAADQk9C70Y7QutC+0LfQsFUFdGl0bGVxD1gOAAAA0JPQu9GO0LrQvtC30LBVCWlzX2FjdGl2ZXEQ\niFUKY3JlYXRlZF9hdHERY2RhdGV0aW1lCmRhdGV0aW1lCnESVQoH3AwJChEdAAAAY2RqYW5nby51\ndGlscy50aW1lem9uZQpVVEMKcRMpUnEUhlJxFVUMaW1hZ2VfZm91cnRocRZYGAAAAGZsb3dlcl9p\nbWFnZS9pbWctN18zLmpwZ1UGX3N0YXRlcRdjZGphbmdvLmRiLm1vZGVscy5iYXNlCk1vZGVsU3Rh\ndGUKcRgpgXEZfXEaKFUGYWRkaW5ncRuJVQJkYnEcVQdkZWZhdWx0dWJVBmlzX25ld3EdiFUKdXBk\nYXRlZF9hdHEeaBJVCgfcDA8JGjYAAABoFIZScR9VCnByb21vYmxvY2txIFgAAAAAVQxpbWFnZV9z\nZWNvbmRxIVgYAAAAZmxvd2VyX2ltYWdlL2ltZy01XzUuanBnVQtpbWFnZV9maXJzdHEiWBgAAABm\nbG93ZXJfaW1hZ2UvaW1nLTVfNC5qcGdVAmlkcSOKAQNVDmlzX3JlY29tbWVuZGVkcSSIVQtjYXRl\nZ29yeV9pZHEligEPVQVwcmljZXEmigENVQtpbWFnZV90aGlyZHEnWBgAAABmbG93ZXJfaW1hZ2Uv\naW1nLTZfMi5qcGdVC2Rlc2NyaXB0aW9ucShYMgAAANCi0LXQutGB0YLQvtCy0L7QtSDQvtC/0LjR\ngdCw0L3QuNC1INCz0LvRjtC60L7Qt9GLdWJLBnN1Lg==\n','2013-01-03 19:26:07'),('41f68e0e7bd0ec37d6a9898568b56e76','MjQzZDI4OTRiMTM5M2Q5ZmQ1NjlmZGVkNzJkNzZkNDA5Zjc1YjhhMzqAAn1xAS4=\n','2013-01-03 20:43:22'),('42f6fddb62a8b1e5540ee6c964904018','MjQzZDI4OTRiMTM5M2Q5ZmQ1NjlmZGVkNzJkNzZkNDA5Zjc1YjhhMzqAAn1xAS4=\n','2013-01-03 20:47:47'),('4498f454911774952e1100dc786a23e7','MjQzZDI4OTRiMTM5M2Q5ZmQ1NjlmZGVkNzJkNzZkNDA5Zjc1YjhhMzqAAn1xAS4=\n','2013-01-04 09:42:20'),('461463371e13cdb00721187c7d5cd5f3','MjQzZDI4OTRiMTM5M2Q5ZmQ1NjlmZGVkNzJkNzZkNDA5Zjc1YjhhMzqAAn1xAS4=\n','2013-01-03 20:47:36'),('481ecf2ca89bf9f062c4b5c8e06bae14','MjQzZDI4OTRiMTM5M2Q5ZmQ1NjlmZGVkNzJkNzZkNDA5Zjc1YjhhMzqAAn1xAS4=\n','2013-01-03 20:39:27'),('4997ea9dc7d6529ac310ce52b0e4f90a','ZTg1NmRkZTQ2ZjQwODU5MjIyNDY4ZDYxY2UzOWY0MDA5MjkzOTIwODqAAn1xAShVEl9hdXRoX3Vz\nZXJfYmFja2VuZFUpZGphbmdvLmNvbnRyaWIuYXV0aC5iYWNrZW5kcy5Nb2RlbEJhY2tlbmRVDV9h\ndXRoX3VzZXJfaWSKAQFVBGNhcnR9cQJjZGphbmdvLmRiLm1vZGVscy5iYXNlCm1vZGVsX3VucGlj\na2xlCnEDY2NhdGFsb2cubW9kZWxzCkZsb3dlcgpxBF1jZGphbmdvLmRiLm1vZGVscy5iYXNlCnNp\nbXBsZV9jbGFzc19mYWN0b3J5CnEFh1JxBn1xByhVEG1ldGFfZGVzY3JpcHRpb25xCFgAAAAAVQRz\nbHVncQlYDAAAAHNpbnlheWEtcm96YVUNbWV0YV9rZXl3b3Jkc3EKWBMAAADQodC40L3Rj9GPINGA\n0L7Qt9CwVQRuYW1lcQtYEwAAANCh0LjQvdGP0Y8g0YDQvtC30LBVBXRpdGxlcQxYAAAAAFUJaXNf\nYWN0aXZlcQ2IVQpjcmVhdGVkX2F0cQ5jZGF0ZXRpbWUKZGF0ZXRpbWUKcQ9VCgfcDAkKFBsAAABj\nZGphbmdvLnV0aWxzLnRpbWV6b25lClVUQwpxEClScRGGUnESVQxpbWFnZV9mb3VydGhxE1gYAAAA\nZmxvd2VyX2ltYWdlL2ltZy0xXzQuanBnVQZfc3RhdGVxFGNkamFuZ28uZGIubW9kZWxzLmJhc2UK\nTW9kZWxTdGF0ZQpxFSmBcRZ9cRcoVQZhZGRpbmdxGIlVAmRicRlVB2RlZmF1bHR1YlUGaXNfbmV3\ncRqIVQp1cGRhdGVkX2F0cRtoD1UKB9wMFAsABwAAAGgRhlJxHFUKcHJvbW9ibG9ja3EdWAAAAABV\nDGltYWdlX3NlY29uZHEeWBgAAABmbG93ZXJfaW1hZ2UvaW1nLTVfNi5qcGdVC2ltYWdlX2ZpcnN0\ncR9YGAAAAGZsb3dlcl9pbWFnZS9pbWctNl8zLmpwZ1UCaWRxIIoBBlUOaXNfcmVjb21tZW5kZWRx\nIYlVC2NhdGVnb3J5X2lkcSKKAQRVBXByaWNlcSOKAuoAVQtpbWFnZV90aGlyZHEkWBgAAABmbG93\nZXJfaW1hZ2UvaW1nLTdfNC5qcGdVC2Rlc2NyaXB0aW9ucSVYNwAAANCi0LXQutGB0YLQvtCy0L7Q\ntSDQvtC/0LjRgdCw0L3QuNC1INGB0LjQvdC10Lkg0YDQvtC30Yt1YksBc1UDbHBwSwF1Lg==\n','2013-01-04 14:36:41'),('4b37a324806b64d45e376cd5271a5036','MjY5NmZlYjQ0ZWE3ODE2ZDMyMmRkOGI2MjM4YWZlNTc5NTMzOTJmMzqAAn1xAShVEl9hdXRoX3Vz\nZXJfYmFja2VuZHECVSlkamFuZ28uY29udHJpYi5hdXRoLmJhY2tlbmRzLk1vZGVsQmFja2VuZHED\nVQ1fYXV0aF91c2VyX2lkcQSKAQF1Lg==\n','2013-01-03 20:47:47'),('4c75a48511c4e564b0bcdc3bd010250b','NTNhNWVlMzdjM2M2MzgzYjM1NDc2MTJmYjI3NDgyYmIxZDRmMjllMTqAAn1xAShVBGNhcnR9cQIo\nY2RqYW5nby5kYi5tb2RlbHMuYmFzZQptb2RlbF91bnBpY2tsZQpxA2NjYXRhbG9nLm1vZGVscwpG\nbG93ZXIKcQRdY2RqYW5nby5kYi5tb2RlbHMuYmFzZQpzaW1wbGVfY2xhc3NfZmFjdG9yeQpxBYdS\ncQZ9cQcoVRBtZXRhX2Rlc2NyaXB0aW9ucQhYAAAAAFUEc2x1Z3EJWA0AAABrcmFzbmF5YS1yb3ph\nVQ1tZXRhX2tleXdvcmRzcQpYAAAAAFUEbmFtZXELWBcAAADQmtGA0LDRgdC90LDRjyDRgNC+0LfQ\nsFUFdGl0bGVxDFgXAAAA0JrRgNCw0YHQvdCw0Y8g0YDQvtC30LBVCWlzX2FjdGl2ZXENiFUKY3Jl\nYXRlZF9hdHEOY2RhdGV0aW1lCmRhdGV0aW1lCnEPVQoH3AwJChIwAAAAY2RqYW5nby51dGlscy50\naW1lem9uZQpVVEMKcRApUnERhlJxElUMaW1hZ2VfZm91cnRocRNYAQAAADBVBl9zdGF0ZXEUY2Rq\nYW5nby5kYi5tb2RlbHMuYmFzZQpNb2RlbFN0YXRlCnEVKYFxFn1xFyhVBmFkZGluZ3EYiVUCZGJx\nGVUHZGVmYXVsdHViVQZpc19uZXdxGolVCnVwZGF0ZWRfYXRxG2gPVQoH3AwJChIwAAAAaBGGUnEc\nVQpwcm9tb2Jsb2NrcR1YAAAAAFUMaW1hZ2Vfc2Vjb25kcR5YAQAAADBVC2ltYWdlX2ZpcnN0cR9Y\nAQAAADBVAmlkcSCKAQRVDmlzX3JlY29tbWVuZGVkcSGIVQtjYXRlZ29yeV9pZHEiigEEVQVwcmlj\nZXEjigJZAVULaW1hZ2VfdGhpcmRxJFgBAAAAMFULZGVzY3JpcHRpb25xJVg7AAAA0KLQtdC60YHR\ngtC+0LLQvtC1INC+0L/QuNGB0LDQvdC40LUg0LrRgNCw0YHQvdC+0Lkg0YDQvtC30Yt1YksCaANo\nBF1oBYdScSZ9cScoaAhYAAAAAGgJWAwAAABzaW55YXlhLXJvemFoClgTAAAA0KHQuNC90Y/RjyDR\ngNC+0LfQsGgLWBMAAADQodC40L3Rj9GPINGA0L7Qt9CwaAxYAAAAAGgNiGgOaA9VCgfcDAkKFBsA\nAABoEClScSiGUnEpaBNYGAAAAGZsb3dlcl9pbWFnZS9pbWctMV80LmpwZ2gUaBUpgXEqfXErKGgY\niWgZVQdkZWZhdWx0dWJoGohoG2gPVQoH3AwUCwAHAAAAaCiGUnEsaB1YAAAAAGgeWBgAAABmbG93\nZXJfaW1hZ2UvaW1nLTVfNi5qcGdoH1gYAAAAZmxvd2VyX2ltYWdlL2ltZy02XzMuanBnaCCKAQZo\nIYloIooBBGgjigLqAGgkWBgAAABmbG93ZXJfaW1hZ2UvaW1nLTdfNC5qcGdoJVg3AAAA0KLQtdC6\n0YHRgtC+0LLQvtC1INC+0L/QuNGB0LDQvdC40LUg0YHQuNC90LXQuSDRgNC+0LfRi3ViSwFoA2gE\nXWgFh1JxLX1xLihoCFgAAAAAaAlYGgAAAHRlc3RvdnlqLWN2ZXRvay1ub21lci1vZGluaApYAAAA\nAGgLWDEAAADQotC10YHRgtC+0LLRi9C5INGG0LLQtdGC0L7QuiDQvdC+0LzQtdGAINC+0LTQuNC9\naAxYAAAAAGgNiGgOaA9VCgfcDBQLARYAAABoEClScS+GUnEwaBNYGAAAAGZsb3dlcl9pbWFnZS9p\nbWctNV83LmpwZ2gUaBUpgXExfXEyKGgYiWgZVQdkZWZhdWx0dWJoGohoG2gPVQoH3AwUCwEWAAAA\naC+GUnEzaB1YFQAAANCi0YPRgiDQutC+0L3RgtC10L3RgmgeWBgAAABmbG93ZXJfaW1hZ2UvaW1n\nLTJfNC5qcGdoH1gYAAAAZmxvd2VyX2ltYWdlL2ltZy0xXzUuanBnaCCKAQdoIYhoIooBA2gjigEU\naCRYGAAAAGZsb3dlcl9pbWFnZS9pbWctM181LmpwZ2glWEQAAADQotC10LrRgdGC0L7QstC+0LUg\n0L7Qv9C40YHQsNC90LjQtSDRhtCy0LXRgtC60LAg0L3QvtC80LXRgCDQvtC00LjQvXViSwF1VQ1f\nYXV0aF91c2VyX2lkigEBVRJfYXV0aF91c2VyX2JhY2tlbmRVKWRqYW5nby5jb250cmliLmF1dGgu\nYmFja2VuZHMuTW9kZWxCYWNrZW5kVQNscHBLAXUu\n','2013-01-03 21:46:08'),('4c8c5044f41f5bb2422a39e0eac6c2f4','MjQzZDI4OTRiMTM5M2Q5ZmQ1NjlmZGVkNzJkNzZkNDA5Zjc1YjhhMzqAAn1xAS4=\n','2013-01-03 19:24:55'),('4e0317e7a77639d7a07ec0c23c8d1c21','MjQzZDI4OTRiMTM5M2Q5ZmQ1NjlmZGVkNzJkNzZkNDA5Zjc1YjhhMzqAAn1xAS4=\n','2013-01-03 19:26:07'),('4fa9f5ab5880347c76153ec8d8b941ae','MjQzZDI4OTRiMTM5M2Q5ZmQ1NjlmZGVkNzJkNzZkNDA5Zjc1YjhhMzqAAn1xAS4=\n','2013-01-03 20:43:22'),('51c874cac8beaf8e0d2a68b06ff90f93','MzBkMmIzMzFlZDBmNzM3ZjAwMTlkOWRmYTg2N2I3OGMxN2Q5MWNjNTqAAn1xAShVEl9hdXRoX3Vz\nZXJfYmFja2VuZHECVSlkamFuZ28uY29udHJpYi5hdXRoLmJhY2tlbmRzLk1vZGVsQmFja2VuZHED\nVQ1fYXV0aF91c2VyX2lkcQSKAQFVBGNhcnR9cQVjZGphbmdvLmRiLm1vZGVscy5iYXNlCm1vZGVs\nX3VucGlja2xlCnEGY2NhdGFsb2cubW9kZWxzCkZsb3dlcgpxB11jZGphbmdvLmRiLm1vZGVscy5i\nYXNlCnNpbXBsZV9jbGFzc19mYWN0b3J5CnEIh1JxCX1xCihVEG1ldGFfZGVzY3JpcHRpb25xC1gA\nAAAAVQRzbHVncQxYDAAAAHNpbnlheWEtcm96YVUNbWV0YV9rZXl3b3Jkc3ENWBMAAADQodC40L3R\nj9GPINGA0L7Qt9CwVQRuYW1lcQ5YEwAAANCh0LjQvdGP0Y8g0YDQvtC30LBVBXRpdGxlcQ9YAAAA\nAFUJaXNfYWN0aXZlcRCIVQpjcmVhdGVkX2F0cRFjZGF0ZXRpbWUKZGF0ZXRpbWUKcRJVCgfcDAkK\nFBsAAABjZGphbmdvLnV0aWxzLnRpbWV6b25lClVUQwpxEylScRSGUnEVVQxpbWFnZV9mb3VydGhx\nFlgYAAAAZmxvd2VyX2ltYWdlL2ltZy0xXzQuanBnVQZfc3RhdGVxF2NkamFuZ28uZGIubW9kZWxz\nLmJhc2UKTW9kZWxTdGF0ZQpxGCmBcRl9cRooVQZhZGRpbmdxG4lVAmRicRxVB2RlZmF1bHR1YlUG\naXNfbmV3cR2IVQp1cGRhdGVkX2F0cR5oElUKB9wMFAsABwAAAGgUhlJxH1UKcHJvbW9ibG9ja3Eg\nWAAAAABVDGltYWdlX3NlY29uZHEhWBgAAABmbG93ZXJfaW1hZ2UvaW1nLTVfNi5qcGdVC2ltYWdl\nX2ZpcnN0cSJYGAAAAGZsb3dlcl9pbWFnZS9pbWctNl8zLmpwZ1UCaWRxI4oBBlUOaXNfcmVjb21t\nZW5kZWRxJIlVC2NhdGVnb3J5X2lkcSWKAQRVBXByaWNlcSaKAuoAVQtpbWFnZV90aGlyZHEnWBgA\nAABmbG93ZXJfaW1hZ2UvaW1nLTdfNC5qcGdVC2Rlc2NyaXB0aW9ucShYNwAAANCi0LXQutGB0YLQ\nvtCy0L7QtSDQvtC/0LjRgdCw0L3QuNC1INGB0LjQvdC10Lkg0YDQvtC30Yt1YksCc3Uu\n','2013-01-03 20:08:55'),('533e26c0962b9048ba923399344ea53e','MjQzZDI4OTRiMTM5M2Q5ZmQ1NjlmZGVkNzJkNzZkNDA5Zjc1YjhhMzqAAn1xAS4=\n','2013-01-04 09:42:21'),('573a0c0c4b85c4d094335ad3d3adeed3','OTYwZGViNjRkZDIzZmQxNGUwNmE4MjgwNDA2ZTUwZGJhMWI1NWM0MDqAAn1xAShVEl9hdXRoX3Vz\nZXJfYmFja2VuZHECVSlkamFuZ28uY29udHJpYi5hdXRoLmJhY2tlbmRzLk1vZGVsQmFja2VuZHED\nVQ1fYXV0aF91c2VyX2lkcQSKAQFVBGNhcnR9cQVjZGphbmdvLmRiLm1vZGVscy5iYXNlCm1vZGVs\nX3VucGlja2xlCnEGY2NhdGFsb2cubW9kZWxzCkZsb3dlcgpxB11jZGphbmdvLmRiLm1vZGVscy5i\nYXNlCnNpbXBsZV9jbGFzc19mYWN0b3J5CnEIh1JxCX1xCihVEG1ldGFfZGVzY3JpcHRpb25xC1gA\nAAAAVQRzbHVncQxYDQAAAGNoZXJuYXlhLXJvemFVDW1ldGFfa2V5d29yZHNxDVgVAAAA0KfQtdGA\n0L3QsNGPINGA0L7Qt9CwVQRuYW1lcQ5YFQAAANCn0LXRgNC90LDRjyDRgNC+0LfQsFUFdGl0bGVx\nD1gAAAAAVQlpc19hY3RpdmVxEIhVCmNyZWF0ZWRfYXRxEWNkYXRldGltZQpkYXRldGltZQpxElUK\nB9wMCQoTHQAAAGNkamFuZ28udXRpbHMudGltZXpvbmUKVVRDCnETKVJxFIZScRVVDGltYWdlX2Zv\ndXJ0aHEWWAEAAAAwVQZfc3RhdGVxF2NkamFuZ28uZGIubW9kZWxzLmJhc2UKTW9kZWxTdGF0ZQpx\nGCmBcRl9cRooVQZhZGRpbmdxG4lVAmRicRxVB2RlZmF1bHR1YlUGaXNfbmV3cR2IVQp1cGRhdGVk\nX2F0cR5oElUKB9wMCQoTHQAAAGgUhlJxH1UKcHJvbW9ibG9ja3EgWAAAAABVDGltYWdlX3NlY29u\nZHEhWAEAAAAwVQtpbWFnZV9maXJzdHEiWAEAAAAwVQJpZHEjigEFVQ5pc19yZWNvbW1lbmRlZHEk\niVULY2F0ZWdvcnlfaWRxJYoBBFUFcHJpY2VxJooCWQFVC2ltYWdlX3RoaXJkcSdYAQAAADBVC2Rl\nc2NyaXB0aW9ucShYOQAAANCi0LXQutGB0YLQvtCy0L7QtSDQvtC/0LjRgdCw0L3QuNC1INGH0LXR\ngNC90L7QuSDRgNC+0LfRi3ViSwFzdS4=\n','2013-01-03 18:44:04'),('5832064669388239ea8beb12f5b06a5c','MjQzZDI4OTRiMTM5M2Q5ZmQ1NjlmZGVkNzJkNzZkNDA5Zjc1YjhhMzqAAn1xAS4=\n','2013-01-03 20:47:36'),('5a2c3eabc8092fa0f2edb60c713f83d7','YzMzOTZhMjhkMTJhYmRmZDkwMGUzNzQyM2NlYjdjZjlmYjUxMzY2YjqAAn1xAShVBGNhcnR9cQIo\nY2RqYW5nby5kYi5tb2RlbHMuYmFzZQptb2RlbF91bnBpY2tsZQpxA2NjYXRhbG9nLm1vZGVscwpG\nbG93ZXIKcQRdY2RqYW5nby5kYi5tb2RlbHMuYmFzZQpzaW1wbGVfY2xhc3NfZmFjdG9yeQpxBYdS\ncQZ9cQcoVRBtZXRhX2Rlc2NyaXB0aW9ucQhYAAAAAFUEc2x1Z3EJWA0AAABjaGVybmF5YS1yb3ph\nVQ1tZXRhX2tleXdvcmRzcQpYFQAAANCn0LXRgNC90LDRjyDRgNC+0LfQsFUEbmFtZXELWBUAAADQ\np9C10YDQvdCw0Y8g0YDQvtC30LBVBXRpdGxlcQxYAAAAAFUJaXNfYWN0aXZlcQ2IVQpjcmVhdGVk\nX2F0cQ5jZGF0ZXRpbWUKZGF0ZXRpbWUKcQ9VCgfcDAkKEx0AAABjZGphbmdvLnV0aWxzLnRpbWV6\nb25lClVUQwpxEClScRGGUnESVQZfc3RhdGVxE2NkamFuZ28uZGIubW9kZWxzLmJhc2UKTW9kZWxT\ndGF0ZQpxFCmBcRV9cRYoVQZhZGRpbmdxF4lVAmRicRhVB2RlZmF1bHRxGXViVQZpc19uZXdxGohV\nCnVwZGF0ZWRfYXRxG2gPVQoH3AwJChMdAAAAaBGGUnEcVQpwcm9tb2Jsb2NrcR1YAAAAAFUCaWRx\nHooBBVUOaXNfcmVjb21tZW5kZWRxH4lVC2NhdGVnb3J5X2lkcSCKAQRVBXByaWNlcSGKAlkBVQtk\nZXNjcmlwdGlvbnEiWDkAAADQotC10LrRgdGC0L7QstC+0LUg0L7Qv9C40YHQsNC90LjQtSDRh9C1\n0YDQvdC+0Lkg0YDQvtC30Yt1YksIaANoBF1oBYdScSN9cSQoaAhYAAAAAGgJWAwAAABzaW55YXlh\nLXJvemFoClgTAAAA0KHQuNC90Y/RjyDRgNC+0LfQsGgLWBMAAADQodC40L3Rj9GPINGA0L7Qt9Cw\naAxYAAAAAGgNiGgOaA9VCgfcDAkKFBsAAABoEYZScSVoE2gUKYFxJn1xJyhoF4loGGgZdWJoGoho\nG2gPVQoH3AwUCwAHAAAAaBGGUnEoaB1YAAAAAGgeigEGaB+JaCCKAQRoIYoC6gBoIlg3AAAA0KLQ\ntdC60YHRgtC+0LLQvtC1INC+0L/QuNGB0LDQvdC40LUg0YHQuNC90LXQuSDRgNC+0LfRi3ViSwJ1\nVQ1fYXV0aF91c2VyX2lkigEWVRJfYXV0aF91c2VyX2JhY2tlbmRVKWRqYW5nby5jb250cmliLmF1\ndGguYmFja2VuZHMuTW9kZWxCYWNrZW5kVQNscHBLAXUu\n','2013-01-12 11:21:14'),('5a5c8d71417e3356aa76830878fe4b95','MjQzZDI4OTRiMTM5M2Q5ZmQ1NjlmZGVkNzJkNzZkNDA5Zjc1YjhhMzqAAn1xAS4=\n','2013-01-03 20:39:27'),('5ab345720581fd457fcd4ca3a1c29895','MjY5NmZlYjQ0ZWE3ODE2ZDMyMmRkOGI2MjM4YWZlNTc5NTMzOTJmMzqAAn1xAShVEl9hdXRoX3Vz\nZXJfYmFja2VuZHECVSlkamFuZ28uY29udHJpYi5hdXRoLmJhY2tlbmRzLk1vZGVsQmFja2VuZHED\nVQ1fYXV0aF91c2VyX2lkcQSKAQF1Lg==\n','2012-12-08 15:42:59'),('5bfa29dde3ae4aec06603e717ec154ac','MjQzZDI4OTRiMTM5M2Q5ZmQ1NjlmZGVkNzJkNzZkNDA5Zjc1YjhhMzqAAn1xAS4=\n','2012-12-29 11:30:42'),('5d08d1a099225fbef997147418378bd4','MjQzZDI4OTRiMTM5M2Q5ZmQ1NjlmZGVkNzJkNzZkNDA5Zjc1YjhhMzqAAn1xAS4=\n','2013-01-03 20:47:36'),('5d9f756a11f24c095416c6beb5f56e4f','MjQzZDI4OTRiMTM5M2Q5ZmQ1NjlmZGVkNzJkNzZkNDA5Zjc1YjhhMzqAAn1xAS4=\n','2013-01-03 21:43:36'),('601e354d1bfd7df0758f302556185c84','MjQzZDI4OTRiMTM5M2Q5ZmQ1NjlmZGVkNzJkNzZkNDA5Zjc1YjhhMzqAAn1xAS4=\n','2013-01-03 20:14:13'),('6060e896fb6f2820935d2fbb508881e6','MmNiMzIyYzZjYjc2YmQyNmQ0Y2Y0N2U4YTdhY2Q4Y2VlOGRjNTVkMDqAAn1xAShVBGNhcnRxAolV\nEl9hdXRoX3VzZXJfYmFja2VuZHEDVSlkamFuZ28uY29udHJpYi5hdXRoLmJhY2tlbmRzLk1vZGVs\nQmFja2VuZHEEVQ1fYXV0aF91c2VyX2lkcQWKAQF1Lg==\n','2013-01-03 20:02:33'),('62b12b86cc304b7df92b8475ff60012b','MjQzZDI4OTRiMTM5M2Q5ZmQ1NjlmZGVkNzJkNzZkNDA5Zjc1YjhhMzqAAn1xAS4=\n','2013-01-03 22:15:48'),('62e617e95f107b6812495ed39d52f9ec','MjQzZDI4OTRiMTM5M2Q5ZmQ1NjlmZGVkNzJkNzZkNDA5Zjc1YjhhMzqAAn1xAS4=\n','2013-01-03 20:39:27'),('6307a0645a9c188e0772a87e34f06d1a','MjQzZDI4OTRiMTM5M2Q5ZmQ1NjlmZGVkNzJkNzZkNDA5Zjc1YjhhMzqAAn1xAS4=\n','2013-01-03 20:08:56'),('660f16391d67430db8588ddeb2f5c33d','MjQzZDI4OTRiMTM5M2Q5ZmQ1NjlmZGVkNzJkNzZkNDA5Zjc1YjhhMzqAAn1xAS4=\n','2013-01-03 21:43:36'),('6786f00b7be9a0e14cbd380b0e404a5f','MjQzZDI4OTRiMTM5M2Q5ZmQ1NjlmZGVkNzJkNzZkNDA5Zjc1YjhhMzqAAn1xAS4=\n','2013-01-03 19:24:28'),('67cfafc929b9141e21681d42d71a0eb2','MzBkMmIzMzFlZDBmNzM3ZjAwMTlkOWRmYTg2N2I3OGMxN2Q5MWNjNTqAAn1xAShVEl9hdXRoX3Vz\nZXJfYmFja2VuZHECVSlkamFuZ28uY29udHJpYi5hdXRoLmJhY2tlbmRzLk1vZGVsQmFja2VuZHED\nVQ1fYXV0aF91c2VyX2lkcQSKAQFVBGNhcnR9cQVjZGphbmdvLmRiLm1vZGVscy5iYXNlCm1vZGVs\nX3VucGlja2xlCnEGY2NhdGFsb2cubW9kZWxzCkZsb3dlcgpxB11jZGphbmdvLmRiLm1vZGVscy5i\nYXNlCnNpbXBsZV9jbGFzc19mYWN0b3J5CnEIh1JxCX1xCihVEG1ldGFfZGVzY3JpcHRpb25xC1gA\nAAAAVQRzbHVncQxYDAAAAHNpbnlheWEtcm96YVUNbWV0YV9rZXl3b3Jkc3ENWBMAAADQodC40L3R\nj9GPINGA0L7Qt9CwVQRuYW1lcQ5YEwAAANCh0LjQvdGP0Y8g0YDQvtC30LBVBXRpdGxlcQ9YAAAA\nAFUJaXNfYWN0aXZlcRCIVQpjcmVhdGVkX2F0cRFjZGF0ZXRpbWUKZGF0ZXRpbWUKcRJVCgfcDAkK\nFBsAAABjZGphbmdvLnV0aWxzLnRpbWV6b25lClVUQwpxEylScRSGUnEVVQxpbWFnZV9mb3VydGhx\nFlgYAAAAZmxvd2VyX2ltYWdlL2ltZy0xXzQuanBnVQZfc3RhdGVxF2NkamFuZ28uZGIubW9kZWxz\nLmJhc2UKTW9kZWxTdGF0ZQpxGCmBcRl9cRooVQZhZGRpbmdxG4lVAmRicRxVB2RlZmF1bHR1YlUG\naXNfbmV3cR2IVQp1cGRhdGVkX2F0cR5oElUKB9wMFAsABwAAAGgUhlJxH1UKcHJvbW9ibG9ja3Eg\nWAAAAABVDGltYWdlX3NlY29uZHEhWBgAAABmbG93ZXJfaW1hZ2UvaW1nLTVfNi5qcGdVC2ltYWdl\nX2ZpcnN0cSJYGAAAAGZsb3dlcl9pbWFnZS9pbWctNl8zLmpwZ1UCaWRxI4oBBlUOaXNfcmVjb21t\nZW5kZWRxJIlVC2NhdGVnb3J5X2lkcSWKAQRVBXByaWNlcSaKAuoAVQtpbWFnZV90aGlyZHEnWBgA\nAABmbG93ZXJfaW1hZ2UvaW1nLTdfNC5qcGdVC2Rlc2NyaXB0aW9ucShYNwAAANCi0LXQutGB0YLQ\nvtCy0L7QtSDQvtC/0LjRgdCw0L3QuNC1INGB0LjQvdC10Lkg0YDQvtC30Yt1YksCc3Uu\n','2013-01-03 18:38:58'),('67e466b63d0681f7a66003dacb55be75','MjQzZDI4OTRiMTM5M2Q5ZmQ1NjlmZGVkNzJkNzZkNDA5Zjc1YjhhMzqAAn1xAS4=\n','2013-01-03 19:24:55'),('68e206d9abe2a00d6a220c49a99ff1c7','MjQzZDI4OTRiMTM5M2Q5ZmQ1NjlmZGVkNzJkNzZkNDA5Zjc1YjhhMzqAAn1xAS4=\n','2013-01-03 22:15:48'),('6a50d4979d56dfdaf864a61e4e7d1820','NjVkNjA2NGVhOTQxOWRiMWRmMWFkOTMxNGI3OTQwZGU5OGM1NjFhYTqAAn1xAVUEY2FydH1xAmNk\namFuZ28uZGIubW9kZWxzLmJhc2UKbW9kZWxfdW5waWNrbGUKcQNjY2F0YWxvZy5tb2RlbHMKRmxv\nd2VyCnEEXWNkamFuZ28uZGIubW9kZWxzLmJhc2UKc2ltcGxlX2NsYXNzX2ZhY3RvcnkKcQWHUnEG\nfXEHKFUQbWV0YV9kZXNjcmlwdGlvbnEIWAAAAABVBHNsdWdxCVgMAAAAc2lueWF5YS1yb3phVQ1t\nZXRhX2tleXdvcmRzcQpYEwAAANCh0LjQvdGP0Y8g0YDQvtC30LBVBG5hbWVxC1gTAAAA0KHQuNC9\n0Y/RjyDRgNC+0LfQsFUFdGl0bGVxDFgAAAAAVQlpc19hY3RpdmVxDYhVCmNyZWF0ZWRfYXRxDmNk\nYXRldGltZQpkYXRldGltZQpxD1UKB9wMCQoUGwAAAGNkamFuZ28udXRpbHMudGltZXpvbmUKVVRD\nCnEQKVJxEYZScRJVDGltYWdlX2ZvdXJ0aHETWBgAAABmbG93ZXJfaW1hZ2UvaW1nLTFfNC5qcGdV\nBl9zdGF0ZXEUY2RqYW5nby5kYi5tb2RlbHMuYmFzZQpNb2RlbFN0YXRlCnEVKYFxFn1xFyhVBmFk\nZGluZ3EYiVUCZGJxGVUHZGVmYXVsdHViVQZpc19uZXdxGohVCnVwZGF0ZWRfYXRxG2gPVQoH3AwU\nCwAHAAAAaBGGUnEcVQpwcm9tb2Jsb2NrcR1YAAAAAFUMaW1hZ2Vfc2Vjb25kcR5YGAAAAGZsb3dl\ncl9pbWFnZS9pbWctNV82LmpwZ1ULaW1hZ2VfZmlyc3RxH1gYAAAAZmxvd2VyX2ltYWdlL2ltZy02\nXzMuanBnVQJpZHEgigEGVQ5pc19yZWNvbW1lbmRlZHEhiVULY2F0ZWdvcnlfaWRxIooBBFUFcHJp\nY2VxI4oC6gBVC2ltYWdlX3RoaXJkcSRYGAAAAGZsb3dlcl9pbWFnZS9pbWctN180LmpwZ1ULZGVz\nY3JpcHRpb25xJVg3AAAA0KLQtdC60YHRgtC+0LLQvtC1INC+0L/QuNGB0LDQvdC40LUg0YHQuNC9\n0LXQuSDRgNC+0LfRi3ViSwJzcy4=\n','2013-01-03 19:45:44'),('6b7d9d0cac080adac963d7d1db313996','MjU0YzlhYmVlMDMwNjE4MWU1YmQ5ZGY1MDM0MWM3YTg5MzgyNWQyODqAAn1xAShVEl9hdXRoX3Vz\nZXJfYmFja2VuZHECVSlkamFuZ28uY29udHJpYi5hdXRoLmJhY2tlbmRzLk1vZGVsQmFja2VuZHED\nVQ1fYXV0aF91c2VyX2lkcQSKAQFVBGNhcnR9cQUoY2RqYW5nby5kYi5tb2RlbHMuYmFzZQptb2Rl\nbF91bnBpY2tsZQpxBmNjYXRhbG9nLm1vZGVscwpGbG93ZXIKcQddY2RqYW5nby5kYi5tb2RlbHMu\nYmFzZQpzaW1wbGVfY2xhc3NfZmFjdG9yeQpxCIdScQl9cQooVRBtZXRhX2Rlc2NyaXB0aW9ucQtY\nAAAAAFUEc2x1Z3EMWA0AAABjaGVybmF5YS1yb3phVQ1tZXRhX2tleXdvcmRzcQ1YFQAAANCn0LXR\ngNC90LDRjyDRgNC+0LfQsFUEbmFtZXEOWBUAAADQp9C10YDQvdCw0Y8g0YDQvtC30LBVBXRpdGxl\ncQ9YAAAAAFUJaXNfYWN0aXZlcRCIVQpjcmVhdGVkX2F0cRFjZGF0ZXRpbWUKZGF0ZXRpbWUKcRJV\nCgfcDAkKEx0AAABjZGphbmdvLnV0aWxzLnRpbWV6b25lClVUQwpxEylScRSGUnEVVQxpbWFnZV9m\nb3VydGhxFlgBAAAAMFUGX3N0YXRlcRdjZGphbmdvLmRiLm1vZGVscy5iYXNlCk1vZGVsU3RhdGUK\ncRgpgXEZfXEaKFUGYWRkaW5ncRuJVQJkYnEcVQdkZWZhdWx0dWJVBmlzX25ld3EdiFUKdXBkYXRl\nZF9hdHEeaBJVCgfcDAkKEx0AAABoFIZScR9VCnByb21vYmxvY2txIFgAAAAAVQxpbWFnZV9zZWNv\nbmRxIVgBAAAAMFULaW1hZ2VfZmlyc3RxIlgBAAAAMFUCaWRxI4oBBVUOaXNfcmVjb21tZW5kZWRx\nJIlVC2NhdGVnb3J5X2lkcSWKAQRVBXByaWNlcSaKAlkBVQtpbWFnZV90aGlyZHEnWAEAAAAwVQtk\nZXNjcmlwdGlvbnEoWDkAAADQotC10LrRgdGC0L7QstC+0LUg0L7Qv9C40YHQsNC90LjQtSDRh9C1\n0YDQvdC+0Lkg0YDQvtC30Yt1YksCaAZoB11oCIdScSl9cSooaAtYAAAAAGgMWBoAAAB0ZXN0b3Z5\nai1jdmV0b2stbm9tZXItb2RpbmgNWAAAAABoDlgxAAAA0KLQtdGB0YLQvtCy0YvQuSDRhtCy0LXR\ngtC+0Log0L3QvtC80LXRgCDQvtC00LjQvWgPWAAAAABoEIhoEWgSVQoH3AwUCwEWAAAAaBMpUnEr\nhlJxLGgWWBgAAABmbG93ZXJfaW1hZ2UvaW1nLTVfNy5qcGdoF2gYKYFxLX1xLihoG4loHFUHZGVm\nYXVsdHViaB2IaB5oElUKB9wMFAsBFgAAAGgrhlJxL2ggWBUAAADQotGD0YIg0LrQvtC90YLQtdC9\n0YJoIVgYAAAAZmxvd2VyX2ltYWdlL2ltZy0yXzQuanBnaCJYGAAAAGZsb3dlcl9pbWFnZS9pbWct\nMV81LmpwZ2gjigEHaCSIaCWKAQNoJooBFGgnWBgAAABmbG93ZXJfaW1hZ2UvaW1nLTNfNS5qcGdo\nKFhEAAAA0KLQtdC60YHRgtC+0LLQvtC1INC+0L/QuNGB0LDQvdC40LUg0YbQstC10YLQutCwINC9\n0L7QvNC10YAg0L7QtNC40L11YksBdVUDbHBwSwF1Lg==\n','2013-01-03 21:44:27'),('6c60965bbe9c7362c402424dedf28a86','MzBkMmIzMzFlZDBmNzM3ZjAwMTlkOWRmYTg2N2I3OGMxN2Q5MWNjNTqAAn1xAShVEl9hdXRoX3Vz\nZXJfYmFja2VuZHECVSlkamFuZ28uY29udHJpYi5hdXRoLmJhY2tlbmRzLk1vZGVsQmFja2VuZHED\nVQ1fYXV0aF91c2VyX2lkcQSKAQFVBGNhcnR9cQVjZGphbmdvLmRiLm1vZGVscy5iYXNlCm1vZGVs\nX3VucGlja2xlCnEGY2NhdGFsb2cubW9kZWxzCkZsb3dlcgpxB11jZGphbmdvLmRiLm1vZGVscy5i\nYXNlCnNpbXBsZV9jbGFzc19mYWN0b3J5CnEIh1JxCX1xCihVEG1ldGFfZGVzY3JpcHRpb25xC1gA\nAAAAVQRzbHVncQxYDAAAAHNpbnlheWEtcm96YVUNbWV0YV9rZXl3b3Jkc3ENWBMAAADQodC40L3R\nj9GPINGA0L7Qt9CwVQRuYW1lcQ5YEwAAANCh0LjQvdGP0Y8g0YDQvtC30LBVBXRpdGxlcQ9YAAAA\nAFUJaXNfYWN0aXZlcRCIVQpjcmVhdGVkX2F0cRFjZGF0ZXRpbWUKZGF0ZXRpbWUKcRJVCgfcDAkK\nFBsAAABjZGphbmdvLnV0aWxzLnRpbWV6b25lClVUQwpxEylScRSGUnEVVQxpbWFnZV9mb3VydGhx\nFlgYAAAAZmxvd2VyX2ltYWdlL2ltZy0xXzQuanBnVQZfc3RhdGVxF2NkamFuZ28uZGIubW9kZWxz\nLmJhc2UKTW9kZWxTdGF0ZQpxGCmBcRl9cRooVQZhZGRpbmdxG4lVAmRicRxVB2RlZmF1bHR1YlUG\naXNfbmV3cR2IVQp1cGRhdGVkX2F0cR5oElUKB9wMFAsABwAAAGgUhlJxH1UKcHJvbW9ibG9ja3Eg\nWAAAAABVDGltYWdlX3NlY29uZHEhWBgAAABmbG93ZXJfaW1hZ2UvaW1nLTVfNi5qcGdVC2ltYWdl\nX2ZpcnN0cSJYGAAAAGZsb3dlcl9pbWFnZS9pbWctNl8zLmpwZ1UCaWRxI4oBBlUOaXNfcmVjb21t\nZW5kZWRxJIlVC2NhdGVnb3J5X2lkcSWKAQRVBXByaWNlcSaKAuoAVQtpbWFnZV90aGlyZHEnWBgA\nAABmbG93ZXJfaW1hZ2UvaW1nLTdfNC5qcGdVC2Rlc2NyaXB0aW9ucShYNwAAANCi0LXQutGB0YLQ\nvtCy0L7QtSDQvtC/0LjRgdCw0L3QuNC1INGB0LjQvdC10Lkg0YDQvtC30Yt1YksCc3Uu\n','2013-01-03 19:24:55'),('6d4b6263c35e0c4da9379073d29e7725','MjY5NmZlYjQ0ZWE3ODE2ZDMyMmRkOGI2MjM4YWZlNTc5NTMzOTJmMzqAAn1xAShVEl9hdXRoX3Vz\nZXJfYmFja2VuZHECVSlkamFuZ28uY29udHJpYi5hdXRoLmJhY2tlbmRzLk1vZGVsQmFja2VuZHED\nVQ1fYXV0aF91c2VyX2lkcQSKAQF1Lg==\n','2013-01-03 20:42:59'),('6ddf42de98f1eaee61a3b2f39dcb03d7','Y2JmNWM1MWVkNTkyYTY5ZTA5NjVhNWIyZjY4NmJlMTUyZGQ3NWIyMzqAAn1xAShVEl9hdXRoX3Vz\nZXJfYmFja2VuZHECVSlkamFuZ28uY29udHJpYi5hdXRoLmJhY2tlbmRzLk1vZGVsQmFja2VuZHED\nVQ1fYXV0aF91c2VyX2lkcQSKAQFVBGNhcnR9cQVjZGphbmdvLmRiLm1vZGVscy5iYXNlCm1vZGVs\nX3VucGlja2xlCnEGY2NhdGFsb2cubW9kZWxzCkZsb3dlcgpxB11jZGphbmdvLmRiLm1vZGVscy5i\nYXNlCnNpbXBsZV9jbGFzc19mYWN0b3J5CnEIh1JxCX1xCihVEG1ldGFfZGVzY3JpcHRpb25xC1gA\nAAAAVQRzbHVncQxYDAAAAHNpbnlheWEtcm96YVUNbWV0YV9rZXl3b3Jkc3ENWBMAAADQodC40L3R\nj9GPINGA0L7Qt9CwVQRuYW1lcQ5YEwAAANCh0LjQvdGP0Y8g0YDQvtC30LBVBXRpdGxlcQ9YAAAA\nAFUJaXNfYWN0aXZlcRCIVQpjcmVhdGVkX2F0cRFjZGF0ZXRpbWUKZGF0ZXRpbWUKcRJVCgfcDAkK\nFBsAAABjZGphbmdvLnV0aWxzLnRpbWV6b25lClVUQwpxEylScRSGUnEVVQxpbWFnZV9mb3VydGhx\nFlgYAAAAZmxvd2VyX2ltYWdlL2ltZy0xXzQuanBnVQZfc3RhdGVxF2NkamFuZ28uZGIubW9kZWxz\nLmJhc2UKTW9kZWxTdGF0ZQpxGCmBcRl9cRooVQZhZGRpbmdxG4lVAmRicRxVB2RlZmF1bHR1YlUG\naXNfbmV3cR2IVQp1cGRhdGVkX2F0cR5oElUKB9wMFAsABwAAAGgUhlJxH1UKcHJvbW9ibG9ja3Eg\nWAAAAABVDGltYWdlX3NlY29uZHEhWBgAAABmbG93ZXJfaW1hZ2UvaW1nLTVfNi5qcGdVC2ltYWdl\nX2ZpcnN0cSJYGAAAAGZsb3dlcl9pbWFnZS9pbWctNl8zLmpwZ1UCaWRxI4oBBlUOaXNfcmVjb21t\nZW5kZWRxJIlVC2NhdGVnb3J5X2lkcSWKAQRVBXByaWNlcSaKAuoAVQtpbWFnZV90aGlyZHEnWBgA\nAABmbG93ZXJfaW1hZ2UvaW1nLTdfNC5qcGdVC2Rlc2NyaXB0aW9ucShYNwAAANCi0LXQutGB0YLQ\nvtCy0L7QtSDQvtC/0LjRgdCw0L3QuNC1INGB0LjQvdC10Lkg0YDQvtC30Yt1YksBc3Uu\n','2013-01-03 18:35:54'),('6ea5503939cf938886fc1d7a44fd5195','OTZkNmE4OWJlY2FlNDk2MzgyNWMyNjczNzVjMTUzYzRkNGVhMjBjMDqAAn1xAShVEl9hdXRoX3Vz\nZXJfYmFja2VuZHECVSlkamFuZ28uY29udHJpYi5hdXRoLmJhY2tlbmRzLk1vZGVsQmFja2VuZHED\nVQ1fYXV0aF91c2VyX2lkcQSKARVVBGNhcnR9cQVjZGphbmdvLmRiLm1vZGVscy5iYXNlCm1vZGVs\nX3VucGlja2xlCnEGY2NhdGFsb2cubW9kZWxzCkZsb3dlcgpxB11jZGphbmdvLmRiLm1vZGVscy5i\nYXNlCnNpbXBsZV9jbGFzc19mYWN0b3J5CnEIh1JxCX1xCihVEG1ldGFfZGVzY3JpcHRpb25xC1gA\nAAAAVQRzbHVncQxYDQAAAGNoZXJuYXlhLXJvemFVDW1ldGFfa2V5d29yZHNxDVgVAAAA0KfQtdGA\n0L3QsNGPINGA0L7Qt9CwVQRuYW1lcQ5YFQAAANCn0LXRgNC90LDRjyDRgNC+0LfQsFUFdGl0bGVx\nD1gAAAAAVQlpc19hY3RpdmVxEIhVCmNyZWF0ZWRfYXRxEWNkYXRldGltZQpkYXRldGltZQpxElUK\nB9wMCQoTHQAAAGNkamFuZ28udXRpbHMudGltZXpvbmUKVVRDCnETKVJxFIZScRVVBl9zdGF0ZXEW\nY2RqYW5nby5kYi5tb2RlbHMuYmFzZQpNb2RlbFN0YXRlCnEXKYFxGH1xGShVBmFkZGluZ3EaiVUC\nZGJxG1UHZGVmYXVsdHViVQZpc19uZXdxHIhVCnVwZGF0ZWRfYXRxHWgSVQoH3AwJChMdAAAAaBSG\nUnEeVQpwcm9tb2Jsb2NrcR9YAAAAAFUCaWRxIIoBBVUOaXNfcmVjb21tZW5kZWRxIYlVC2NhdGVn\nb3J5X2lkcSKKAQRVBXByaWNlcSOKAlkBVQtkZXNjcmlwdGlvbnEkWDkAAADQotC10LrRgdGC0L7Q\nstC+0LUg0L7Qv9C40YHQsNC90LjQtSDRh9C10YDQvdC+0Lkg0YDQvtC30Yt1YksBc3Uu\n','2013-01-08 15:29:18'),('6fa68d445c054ebcc4664686d3aa4158','MjQzZDI4OTRiMTM5M2Q5ZmQ1NjlmZGVkNzJkNzZkNDA5Zjc1YjhhMzqAAn1xAS4=\n','2013-01-04 09:37:33'),('6fe8a431122e83d4b45f7b613d047771','MjQzZDI4OTRiMTM5M2Q5ZmQ1NjlmZGVkNzJkNzZkNDA5Zjc1YjhhMzqAAn1xAS4=\n','2013-01-04 09:37:33'),('717aa84f3591142cc14fb86e86f1cbe3','MjQzZDI4OTRiMTM5M2Q5ZmQ1NjlmZGVkNzJkNzZkNDA5Zjc1YjhhMzqAAn1xAS4=\n','2013-01-04 09:42:20'),('722bb00164d44a1b812907601d316c81','MjQzZDI4OTRiMTM5M2Q5ZmQ1NjlmZGVkNzJkNzZkNDA5Zjc1YjhhMzqAAn1xAS4=\n','2013-01-03 19:24:28'),('72bd9aa2536d505db9ba51aaed4aa049','MjQzZDI4OTRiMTM5M2Q5ZmQ1NjlmZGVkNzJkNzZkNDA5Zjc1YjhhMzqAAn1xAS4=\n','2013-01-03 19:26:08'),('740b91e26aade41c0e420e07bea67564','ZWZjMTJhYmExZjI5MzRjYTRmZWMwYzMyNGRjM2U0NGVhYzkwMTA0MjqAAn1xAShVBGNhcnR9cQIo\nY2RqYW5nby5kYi5tb2RlbHMuYmFzZQptb2RlbF91bnBpY2tsZQpxA2NjYXRhbG9nLm1vZGVscwpG\nbG93ZXIKcQRdY2RqYW5nby5kYi5tb2RlbHMuYmFzZQpzaW1wbGVfY2xhc3NfZmFjdG9yeQpxBYdS\ncQZ9cQcoVRBtZXRhX2Rlc2NyaXB0aW9ucQhYAAAAAFUEc2x1Z3EJWAgAAABnbHl1a296YVUNbWV0\nYV9rZXl3b3Jkc3EKWAAAAABVBG5hbWVxC1gOAAAA0JPQu9GO0LrQvtC30LBVBXRpdGxlcQxYDgAA\nANCT0LvRjtC60L7Qt9CwVQlpc19hY3RpdmVxDYhVCmNyZWF0ZWRfYXRxDmNkYXRldGltZQpkYXRl\ndGltZQpxD1UKB9wMCQoRHQAAAGNkamFuZ28udXRpbHMudGltZXpvbmUKVVRDCnEQKVJxEYZScRJV\nDGltYWdlX2ZvdXJ0aHETWBgAAABmbG93ZXJfaW1hZ2UvaW1nLTdfMy5qcGdVBl9zdGF0ZXEUY2Rq\nYW5nby5kYi5tb2RlbHMuYmFzZQpNb2RlbFN0YXRlCnEVKYFxFn1xFyhVBmFkZGluZ3EYiVUCZGJx\nGVUHZGVmYXVsdHViVQZpc19uZXdxGohVCnVwZGF0ZWRfYXRxG2gPVQoH3AwPCRo2AAAAaBGGUnEc\nVQpwcm9tb2Jsb2NrcR1YAAAAAFUMaW1hZ2Vfc2Vjb25kcR5YGAAAAGZsb3dlcl9pbWFnZS9pbWct\nNV81LmpwZ1ULaW1hZ2VfZmlyc3RxH1gYAAAAZmxvd2VyX2ltYWdlL2ltZy01XzQuanBnVQJpZHEg\nigEDVQ5pc19yZWNvbW1lbmRlZHEhiFULY2F0ZWdvcnlfaWRxIooBD1UFcHJpY2VxI4oBDVULaW1h\nZ2VfdGhpcmRxJFgYAAAAZmxvd2VyX2ltYWdlL2ltZy02XzIuanBnVQtkZXNjcmlwdGlvbnElWDIA\nAADQotC10LrRgdGC0L7QstC+0LUg0L7Qv9C40YHQsNC90LjQtSDQs9C70Y7QutC+0LfRi3ViSwFo\nA2gEXWgFh1JxJn1xJyhoCFgAAAAAaAlYDQAAAGNoZXJuYXlhLXJvemFoClgVAAAA0KfQtdGA0L3Q\nsNGPINGA0L7Qt9CwaAtYFQAAANCn0LXRgNC90LDRjyDRgNC+0LfQsGgMWAAAAABoDYhoDmgPVQoH\n3AwJChMdAAAAaBApUnEohlJxKWgTWAEAAAAwaBRoFSmBcSp9cSsoaBiJaBlVB2RlZmF1bHR1Ymga\niGgbaA9VCgfcDAkKEx0AAABoKIZScSxoHVgAAAAAaB5YAQAAADBoH1gBAAAAMGggigEFaCGJaCKK\nAQRoI4oCWQFoJFgBAAAAMGglWDkAAADQotC10LrRgdGC0L7QstC+0LUg0L7Qv9C40YHQsNC90LjQ\ntSDRh9C10YDQvdC+0Lkg0YDQvtC30Yt1YksCaANoBF1oBYdScS19cS4oaAhYAAAAAGgJWAwAAABz\naW55YXlhLXJvemFoClgTAAAA0KHQuNC90Y/RjyDRgNC+0LfQsGgLWBMAAADQodC40L3Rj9GPINGA\n0L7Qt9CwaAxYAAAAAGgNiGgOaA9VCgfcDAkKFBsAAABoEClScS+GUnEwaBNYGAAAAGZsb3dlcl9p\nbWFnZS9pbWctMV80LmpwZ2gUaBUpgXExfXEyKGgYiWgZVQdkZWZhdWx0dWJoGohoG2gPVQoH3AwU\nCwAHAAAAaC+GUnEzaB1YAAAAAGgeWBgAAABmbG93ZXJfaW1hZ2UvaW1nLTVfNi5qcGdoH1gYAAAA\nZmxvd2VyX2ltYWdlL2ltZy02XzMuanBnaCCKAQZoIYloIooBBGgjigLqAGgkWBgAAABmbG93ZXJf\naW1hZ2UvaW1nLTdfNC5qcGdoJVg3AAAA0KLQtdC60YHRgtC+0LLQvtC1INC+0L/QuNGB0LDQvdC4\n0LUg0YHQuNC90LXQuSDRgNC+0LfRi3ViSwFoA2gEXWgFh1JxNH1xNShoCFgAAAAAaAlYGgAAAHRl\nc3RvdnlqLWN2ZXRvay1ub21lci1vZGluaApYAAAAAGgLWDEAAADQotC10YHRgtC+0LLRi9C5INGG\n0LLQtdGC0L7QuiDQvdC+0LzQtdGAINC+0LTQuNC9aAxYAAAAAGgNiGgOaA9VCgfcDBQLARYAAABo\nEClScTaGUnE3aBNYGAAAAGZsb3dlcl9pbWFnZS9pbWctNV83LmpwZ2gUaBUpgXE4fXE5KGgYiWgZ\nVQdkZWZhdWx0dWJoGohoG2gPVQoH3AwUCwEWAAAAaDaGUnE6aB1YFQAAANCi0YPRgiDQutC+0L3R\ngtC10L3RgmgeWBgAAABmbG93ZXJfaW1hZ2UvaW1nLTJfNC5qcGdoH1gYAAAAZmxvd2VyX2ltYWdl\nL2ltZy0xXzUuanBnaCCKAQdoIYhoIooBA2gjigEUaCRYGAAAAGZsb3dlcl9pbWFnZS9pbWctM181\nLmpwZ2glWEQAAADQotC10LrRgdGC0L7QstC+0LUg0L7Qv9C40YHQsNC90LjQtSDRhtCy0LXRgtC6\n0LAg0L3QvtC80LXRgCDQvtC00LjQvXViSwF1VQ1fYXV0aF91c2VyX2lkigEBVRJfYXV0aF91c2Vy\nX2JhY2tlbmRVKWRqYW5nby5jb250cmliLmF1dGguYmFja2VuZHMuTW9kZWxCYWNrZW5kVQNscHBL\nAXUu\n','2013-01-03 17:04:20'),('741700b150ef63ffe6a08998b627d89f','NzZkYjQ1M2YwNDI4NzgyMmY3ZDY0MmI3ZTU0NGY5ZTNjMTY0NDMyZjqAAn1xAVUEY2FydH1xAmNk\namFuZ28uZGIubW9kZWxzLmJhc2UKbW9kZWxfdW5waWNrbGUKcQNjY2F0YWxvZy5tb2RlbHMKRmxv\nd2VyCnEEXWNkamFuZ28uZGIubW9kZWxzLmJhc2UKc2ltcGxlX2NsYXNzX2ZhY3RvcnkKcQWHUnEG\nfXEHKFUQbWV0YV9kZXNjcmlwdGlvbnEIWAAAAABVBHNsdWdxCVgMAAAAc2lueWF5YS1yb3phVQ1t\nZXRhX2tleXdvcmRzcQpYEwAAANCh0LjQvdGP0Y8g0YDQvtC30LBVBG5hbWVxC1gTAAAA0KHQuNC9\n0Y/RjyDRgNC+0LfQsFUFdGl0bGVxDFgAAAAAVQlpc19hY3RpdmVxDYhVCmNyZWF0ZWRfYXRxDmNk\nYXRldGltZQpkYXRldGltZQpxD1UKB9wMCQoUGwAAAGNkamFuZ28udXRpbHMudGltZXpvbmUKVVRD\nCnEQKVJxEYZScRJVDGltYWdlX2ZvdXJ0aHETWBgAAABmbG93ZXJfaW1hZ2UvaW1nLTFfNC5qcGdV\nBl9zdGF0ZXEUY2RqYW5nby5kYi5tb2RlbHMuYmFzZQpNb2RlbFN0YXRlCnEVKYFxFn1xFyhVBmFk\nZGluZ3EYiVUCZGJxGVUHZGVmYXVsdHViVQZpc19uZXdxGohVCnVwZGF0ZWRfYXRxG2gPVQoH3AwU\nCwAHAAAAaBGGUnEcVQpwcm9tb2Jsb2NrcR1YAAAAAFUMaW1hZ2Vfc2Vjb25kcR5YGAAAAGZsb3dl\ncl9pbWFnZS9pbWctNV82LmpwZ1ULaW1hZ2VfZmlyc3RxH1gYAAAAZmxvd2VyX2ltYWdlL2ltZy02\nXzMuanBnVQJpZHEgigEGVQ5pc19yZWNvbW1lbmRlZHEhiVULY2F0ZWdvcnlfaWRxIooBBFUFcHJp\nY2VxI4oC6gBVC2ltYWdlX3RoaXJkcSRYGAAAAGZsb3dlcl9pbWFnZS9pbWctN180LmpwZ1ULZGVz\nY3JpcHRpb25xJVg3AAAA0KLQtdC60YHRgtC+0LLQvtC1INC+0L/QuNGB0LDQvdC40LUg0YHQuNC9\n0LXQuSDRgNC+0LfRi3ViSwVzcy4=\n','2013-01-03 19:43:23'),('749081f1b5e50f2166dbf2016a1db1be','MjQzZDI4OTRiMTM5M2Q5ZmQ1NjlmZGVkNzJkNzZkNDA5Zjc1YjhhMzqAAn1xAS4=\n','2013-01-03 20:47:36'),('771430a081cfc85e4110d73ca0896708','MjQzZDI4OTRiMTM5M2Q5ZmQ1NjlmZGVkNzJkNzZkNDA5Zjc1YjhhMzqAAn1xAS4=\n','2013-01-06 14:42:43'),('782b8111e7ac07e7e5b370e7f154ac20','Y2JmNWM1MWVkNTkyYTY5ZTA5NjVhNWIyZjY4NmJlMTUyZGQ3NWIyMzqAAn1xAShVEl9hdXRoX3Vz\nZXJfYmFja2VuZHECVSlkamFuZ28uY29udHJpYi5hdXRoLmJhY2tlbmRzLk1vZGVsQmFja2VuZHED\nVQ1fYXV0aF91c2VyX2lkcQSKAQFVBGNhcnR9cQVjZGphbmdvLmRiLm1vZGVscy5iYXNlCm1vZGVs\nX3VucGlja2xlCnEGY2NhdGFsb2cubW9kZWxzCkZsb3dlcgpxB11jZGphbmdvLmRiLm1vZGVscy5i\nYXNlCnNpbXBsZV9jbGFzc19mYWN0b3J5CnEIh1JxCX1xCihVEG1ldGFfZGVzY3JpcHRpb25xC1gA\nAAAAVQRzbHVncQxYDAAAAHNpbnlheWEtcm96YVUNbWV0YV9rZXl3b3Jkc3ENWBMAAADQodC40L3R\nj9GPINGA0L7Qt9CwVQRuYW1lcQ5YEwAAANCh0LjQvdGP0Y8g0YDQvtC30LBVBXRpdGxlcQ9YAAAA\nAFUJaXNfYWN0aXZlcRCIVQpjcmVhdGVkX2F0cRFjZGF0ZXRpbWUKZGF0ZXRpbWUKcRJVCgfcDAkK\nFBsAAABjZGphbmdvLnV0aWxzLnRpbWV6b25lClVUQwpxEylScRSGUnEVVQxpbWFnZV9mb3VydGhx\nFlgYAAAAZmxvd2VyX2ltYWdlL2ltZy0xXzQuanBnVQZfc3RhdGVxF2NkamFuZ28uZGIubW9kZWxz\nLmJhc2UKTW9kZWxTdGF0ZQpxGCmBcRl9cRooVQZhZGRpbmdxG4lVAmRicRxVB2RlZmF1bHR1YlUG\naXNfbmV3cR2IVQp1cGRhdGVkX2F0cR5oElUKB9wMFAsABwAAAGgUhlJxH1UKcHJvbW9ibG9ja3Eg\nWAAAAABVDGltYWdlX3NlY29uZHEhWBgAAABmbG93ZXJfaW1hZ2UvaW1nLTVfNi5qcGdVC2ltYWdl\nX2ZpcnN0cSJYGAAAAGZsb3dlcl9pbWFnZS9pbWctNl8zLmpwZ1UCaWRxI4oBBlUOaXNfcmVjb21t\nZW5kZWRxJIlVC2NhdGVnb3J5X2lkcSWKAQRVBXByaWNlcSaKAuoAVQtpbWFnZV90aGlyZHEnWBgA\nAABmbG93ZXJfaW1hZ2UvaW1nLTdfNC5qcGdVC2Rlc2NyaXB0aW9ucShYNwAAANCi0LXQutGB0YLQ\nvtCy0L7QtSDQvtC/0LjRgdCw0L3QuNC1INGB0LjQvdC10Lkg0YDQvtC30Yt1YksBc3Uu\n','2013-01-03 18:46:04'),('7abe4c73a27f05cdc3ae867820f6380e','MjQzZDI4OTRiMTM5M2Q5ZmQ1NjlmZGVkNzJkNzZkNDA5Zjc1YjhhMzqAAn1xAS4=\n','2013-01-03 20:14:13'),('7c21eb44f2864a32f828c8bd280f7d65','MjQzZDI4OTRiMTM5M2Q5ZmQ1NjlmZGVkNzJkNzZkNDA5Zjc1YjhhMzqAAn1xAS4=\n','2013-01-03 19:26:07'),('7deed15c27219e7826a892a113c48f1a','MjQzZDI4OTRiMTM5M2Q5ZmQ1NjlmZGVkNzJkNzZkNDA5Zjc1YjhhMzqAAn1xAS4=\n','2013-01-03 18:03:16'),('7dfafdbcb231c5bd74ac68f1fc4970c3','MjQzZDI4OTRiMTM5M2Q5ZmQ1NjlmZGVkNzJkNzZkNDA5Zjc1YjhhMzqAAn1xAS4=\n','2013-01-03 21:44:27'),('7e12304ef250780e450054ebffe11abd','ZDkxZTRhMTQyOWJhOGZhODlkZjZiNmE4YThiMDI0OWVhZGEzOTJhOTqAAn1xAShVEl9hdXRoX3Vz\nZXJfYmFja2VuZHECVSlkamFuZ28uY29udHJpYi5hdXRoLmJhY2tlbmRzLk1vZGVsQmFja2VuZHED\nVQ1fYXV0aF91c2VyX2lkcQSKAQFVBGNhcnR9cQUoY2RqYW5nby5kYi5tb2RlbHMuYmFzZQptb2Rl\nbF91bnBpY2tsZQpxBmNjYXRhbG9nLm1vZGVscwpGbG93ZXIKcQddY2RqYW5nby5kYi5tb2RlbHMu\nYmFzZQpzaW1wbGVfY2xhc3NfZmFjdG9yeQpxCIdScQl9cQooVRBtZXRhX2Rlc2NyaXB0aW9ucQtY\nAAAAAFUEc2x1Z3EMWA0AAABrcmFzbmF5YS1yb3phVQ1tZXRhX2tleXdvcmRzcQ1YAAAAAFUEbmFt\nZXEOWBcAAADQmtGA0LDRgdC90LDRjyDRgNC+0LfQsFUFdGl0bGVxD1gXAAAA0JrRgNCw0YHQvdCw\n0Y8g0YDQvtC30LBVCWlzX2FjdGl2ZXEQiFUKY3JlYXRlZF9hdHERY2RhdGV0aW1lCmRhdGV0aW1l\nCnESVQoH3AwJChIwAAAAY2RqYW5nby51dGlscy50aW1lem9uZQpVVEMKcRMpUnEUhlJxFVUMaW1h\nZ2VfZm91cnRocRZYAQAAADBVBl9zdGF0ZXEXY2RqYW5nby5kYi5tb2RlbHMuYmFzZQpNb2RlbFN0\nYXRlCnEYKYFxGX1xGihVBmFkZGluZ3EbiVUCZGJxHFUHZGVmYXVsdHViVQZpc19uZXdxHYlVCnVw\nZGF0ZWRfYXRxHmgSVQoH3AwJChIwAAAAaBSGUnEfVQpwcm9tb2Jsb2NrcSBYAAAAAFUMaW1hZ2Vf\nc2Vjb25kcSFYAQAAADBVC2ltYWdlX2ZpcnN0cSJYAQAAADBVAmlkcSOKAQRVDmlzX3JlY29tbWVu\nZGVkcSSIVQtjYXRlZ29yeV9pZHEligEEVQVwcmljZXEmigJZAVULaW1hZ2VfdGhpcmRxJ1gBAAAA\nMFULZGVzY3JpcHRpb25xKFg7AAAA0KLQtdC60YHRgtC+0LLQvtC1INC+0L/QuNGB0LDQvdC40LUg\n0LrRgNCw0YHQvdC+0Lkg0YDQvtC30Yt1YksCaAZoB11oCIdScSl9cSooaAtYAAAAAGgMWA0AAABj\naGVybmF5YS1yb3phaA1YFQAAANCn0LXRgNC90LDRjyDRgNC+0LfQsGgOWBUAAADQp9C10YDQvdCw\n0Y8g0YDQvtC30LBoD1gAAAAAaBCIaBFoElUKB9wMCQoTHQAAAGgTKVJxK4ZScSxoFlgBAAAAMGgX\naBgpgXEtfXEuKGgbiWgcVQdkZWZhdWx0dWJoHYhoHmgSVQoH3AwJChMdAAAAaCuGUnEvaCBYAAAA\nAGghWAEAAAAwaCJYAQAAADBoI4oBBWgkiWgligEEaCaKAlkBaCdYAQAAADBoKFg5AAAA0KLQtdC6\n0YHRgtC+0LLQvtC1INC+0L/QuNGB0LDQvdC40LUg0YfQtdGA0L3QvtC5INGA0L7Qt9GLdWJLAXV1\nLg==\n','2013-01-03 18:57:21'),('7f140e67c8165572ca6f1aa3938bf9db','MjQzZDI4OTRiMTM5M2Q5ZmQ1NjlmZGVkNzJkNzZkNDA5Zjc1YjhhMzqAAn1xAS4=\n','2013-01-03 19:24:28'),('810ff8d8563bfe19a25fc8a796cd73b4','MjQzZDI4OTRiMTM5M2Q5ZmQ1NjlmZGVkNzJkNzZkNDA5Zjc1YjhhMzqAAn1xAS4=\n','2013-01-03 20:39:27'),('841b5f1bef03120f43d1762345209317','NDU5NGVmZGFiMDA5YTk1YTFjYTc5MmU3OTcxMGU2ZDhlMGFiODQ1ZDqAAn1xAVUEY2FydH1xAmNk\namFuZ28uZGIubW9kZWxzLmJhc2UKbW9kZWxfdW5waWNrbGUKcQNjY2F0YWxvZy5tb2RlbHMKRmxv\nd2VyCnEEXWNkamFuZ28uZGIubW9kZWxzLmJhc2UKc2ltcGxlX2NsYXNzX2ZhY3RvcnkKcQWHUnEG\nfXEHKFUQbWV0YV9kZXNjcmlwdGlvbnEIWAAAAABVBHNsdWdxCVgIAAAAZ2x5dWtvemFVDW1ldGFf\na2V5d29yZHNxClgAAAAAVQRuYW1lcQtYDgAAANCT0LvRjtC60L7Qt9CwVQV0aXRsZXEMWA4AAADQ\nk9C70Y7QutC+0LfQsFUJaXNfYWN0aXZlcQ2IVQpjcmVhdGVkX2F0cQ5jZGF0ZXRpbWUKZGF0ZXRp\nbWUKcQ9VCgfcDAkKER0AAABjZGphbmdvLnV0aWxzLnRpbWV6b25lClVUQwpxEClScRGGUnESVQxp\nbWFnZV9mb3VydGhxE1gYAAAAZmxvd2VyX2ltYWdlL2ltZy03XzMuanBnVQZfc3RhdGVxFGNkamFu\nZ28uZGIubW9kZWxzLmJhc2UKTW9kZWxTdGF0ZQpxFSmBcRZ9cRcoVQZhZGRpbmdxGIlVAmRicRlV\nB2RlZmF1bHR1YlUGaXNfbmV3cRqIVQp1cGRhdGVkX2F0cRtoD1UKB9wMDwkaNgAAAGgRhlJxHFUK\ncHJvbW9ibG9ja3EdWAAAAABVDGltYWdlX3NlY29uZHEeWBgAAABmbG93ZXJfaW1hZ2UvaW1nLTVf\nNS5qcGdVC2ltYWdlX2ZpcnN0cR9YGAAAAGZsb3dlcl9pbWFnZS9pbWctNV80LmpwZ1UCaWRxIIoB\nA1UOaXNfcmVjb21tZW5kZWRxIYhVC2NhdGVnb3J5X2lkcSKKAQ9VBXByaWNlcSOKAQ1VC2ltYWdl\nX3RoaXJkcSRYGAAAAGZsb3dlcl9pbWFnZS9pbWctNl8yLmpwZ1ULZGVzY3JpcHRpb25xJVgyAAAA\n0KLQtdC60YHRgtC+0LLQvtC1INC+0L/QuNGB0LDQvdC40LUg0LPQu9GO0LrQvtC30Yt1YksCc3Mu\n','2013-01-03 18:15:48'),('85b78bd289a86cb5ee5b1f0c9dbec5c4','NjYxNzE4ZGI5YjEzYmZjZmMwZDk2N2NiYjI0ODliMjY1N2RkY2IwMTqAAn1xAShVEl9hdXRoX3Vz\nZXJfYmFja2VuZHECVSlkamFuZ28uY29udHJpYi5hdXRoLmJhY2tlbmRzLk1vZGVsQmFja2VuZHED\nVQ1fYXV0aF91c2VyX2lkcQSKAQtVBGNhcnR9cQVjZGphbmdvLmRiLm1vZGVscy5iYXNlCm1vZGVs\nX3VucGlja2xlCnEGY2NhdGFsb2cubW9kZWxzCkZsb3dlcgpxB11jZGphbmdvLmRiLm1vZGVscy5i\nYXNlCnNpbXBsZV9jbGFzc19mYWN0b3J5CnEIh1JxCX1xCihVEG1ldGFfZGVzY3JpcHRpb25xC1gA\nAAAAVQRzbHVncQxYDAAAAHNpbnlheWEtcm96YVUNbWV0YV9rZXl3b3Jkc3ENWBMAAADQodC40L3R\nj9GPINGA0L7Qt9CwVQRuYW1lcQ5YEwAAANCh0LjQvdGP0Y8g0YDQvtC30LBVBXRpdGxlcQ9YAAAA\nAFUJaXNfYWN0aXZlcRCIVQpjcmVhdGVkX2F0cRFjZGF0ZXRpbWUKZGF0ZXRpbWUKcRJVCgfcDAkK\nFBsAAABjZGphbmdvLnV0aWxzLnRpbWV6b25lClVUQwpxEylScRSGUnEVVQxpbWFnZV9mb3VydGhx\nFlgYAAAAZmxvd2VyX2ltYWdlL2ltZy0xXzQuanBnVQZfc3RhdGVxF2NkamFuZ28uZGIubW9kZWxz\nLmJhc2UKTW9kZWxTdGF0ZQpxGCmBcRl9cRooVQZhZGRpbmdxG4lVAmRicRxVB2RlZmF1bHR1YlUG\naXNfbmV3cR2IVQp1cGRhdGVkX2F0cR5oElUKB9wMFAsABwAAAGgUhlJxH1UKcHJvbW9ibG9ja3Eg\nWAAAAABVDGltYWdlX3NlY29uZHEhWBgAAABmbG93ZXJfaW1hZ2UvaW1nLTVfNi5qcGdVC2ltYWdl\nX2ZpcnN0cSJYGAAAAGZsb3dlcl9pbWFnZS9pbWctNl8zLmpwZ1UCaWRxI4oBBlUOaXNfcmVjb21t\nZW5kZWRxJIlVC2NhdGVnb3J5X2lkcSWKAQRVBXByaWNlcSaKAuoAVQtpbWFnZV90aGlyZHEnWBgA\nAABmbG93ZXJfaW1hZ2UvaW1nLTdfNC5qcGdVC2Rlc2NyaXB0aW9ucShYNwAAANCi0LXQutGB0YLQ\nvtCy0L7QtSDQvtC/0LjRgdCw0L3QuNC1INGB0LjQvdC10Lkg0YDQvtC30Yt1YksBc3Uu\n','2013-01-03 19:07:42'),('86587471038dd1445922ee3c5e688b99','MjQzZDI4OTRiMTM5M2Q5ZmQ1NjlmZGVkNzJkNzZkNDA5Zjc1YjhhMzqAAn1xAS4=\n','2013-01-03 20:47:47'),('87a70d4d9c298078d2a2251af4c2071a','MjQzZDI4OTRiMTM5M2Q5ZmQ1NjlmZGVkNzJkNzZkNDA5Zjc1YjhhMzqAAn1xAS4=\n','2013-01-03 20:08:56'),('87c368262664f6c01e8bed082418b662','MjQzZDI4OTRiMTM5M2Q5ZmQ1NjlmZGVkNzJkNzZkNDA5Zjc1YjhhMzqAAn1xAS4=\n','2013-01-03 21:43:36'),('8af552564dc4d184f8842b2bd7f9fa33','MjQzZDI4OTRiMTM5M2Q5ZmQ1NjlmZGVkNzJkNzZkNDA5Zjc1YjhhMzqAAn1xAS4=\n','2013-01-03 19:26:08'),('8b3439b0f5b2848056650320e7383e0b','ODc1NTRhMDNmN2I0NDViYjBlYzgyMGZjMWNkMjA5N2VlNTliOGE0YzqAAn1xAShVBGNhcnR9cQIo\nY2RqYW5nby5kYi5tb2RlbHMuYmFzZQptb2RlbF91bnBpY2tsZQpxA2NjYXRhbG9nLm1vZGVscwpG\nbG93ZXIKcQRdY2RqYW5nby5kYi5tb2RlbHMuYmFzZQpzaW1wbGVfY2xhc3NfZmFjdG9yeQpxBYdS\ncQZ9cQcoVRBtZXRhX2Rlc2NyaXB0aW9ucQhYAAAAAFUEc2x1Z3EJWAYAAABtaW1vemFVDW1ldGFf\na2V5d29yZHNxClgAAAAAVQRuYW1lcQtYDAAAANCc0LjQvNC+0LfQsFUFdGl0bGVxDFgMAAAA0JzQ\nuNC80L7Qt9CwVQlpc19hY3RpdmVxDYhVCmNyZWF0ZWRfYXRxDmNkYXRldGltZQpkYXRldGltZQpx\nD1UKB9wMBBIzEAAAAGNkamFuZ28udXRpbHMudGltZXpvbmUKVVRDCnEQKVJxEYZScRJVDGltYWdl\nX2ZvdXJ0aHETWBgAAABmbG93ZXJfaW1hZ2UvaW1nLTVfMy5qcGdVBl9zdGF0ZXEUY2RqYW5nby5k\nYi5tb2RlbHMuYmFzZQpNb2RlbFN0YXRlCnEVKYFxFn1xFyhVBmFkZGluZ3EYiVUCZGJxGVUHZGVm\nYXVsdHViVQZpc19uZXdxGolVCnVwZGF0ZWRfYXRxG2gPVQoH3AwPDisyAAAAaBGGUnEcVQpwcm9t\nb2Jsb2NrcR1YAAAAAFUMaW1hZ2Vfc2Vjb25kcR5YGAAAAGZsb3dlcl9pbWFnZS9pbWctMl8zLmpw\nZ1ULaW1hZ2VfZmlyc3RxH1gYAAAAZmxvd2VyX2ltYWdlL2ltZy0xXzMuanBnVQJpZHEgigEBVQ5p\nc19yZWNvbW1lbmRlZHEhiFULY2F0ZWdvcnlfaWRxIooBD1UFcHJpY2VxI4oBFFULaW1hZ2VfdGhp\ncmRxJFgYAAAAZmxvd2VyX2ltYWdlL2ltZy0zXzQuanBnVQtkZXNjcmlwdGlvbnElWDAAAADQotC1\n0LrRgdGC0L7QstC+0LUg0L7Qv9C40YHQsNC90LjQtSDQvNC40LzQvtC30Yt1YksCaANoBF1oBYdS\ncSZ9cScoaAhYAAAAAGgJWAgAAABnbHl1a296YWgKWAAAAABoC1gOAAAA0JPQu9GO0LrQvtC30LBo\nDFgOAAAA0JPQu9GO0LrQvtC30LBoDYhoDmgPVQoH3AwJChEdAAAAaBApUnEohlJxKWgTWBgAAABm\nbG93ZXJfaW1hZ2UvaW1nLTdfMy5qcGdoFGgVKYFxKn1xKyhoGIloGVUHZGVmYXVsdHViaBqIaBto\nD1UKB9wMDwkaNgAAAGgohlJxLGgdWAAAAABoHlgYAAAAZmxvd2VyX2ltYWdlL2ltZy01XzUuanBn\naB9YGAAAAGZsb3dlcl9pbWFnZS9pbWctNV80LmpwZ2ggigEDaCGIaCKKAQ9oI4oBDWgkWBgAAABm\nbG93ZXJfaW1hZ2UvaW1nLTZfMi5qcGdoJVgyAAAA0KLQtdC60YHRgtC+0LLQvtC1INC+0L/QuNGB\n0LDQvdC40LUg0LPQu9GO0LrQvtC30Yt1YksCaANoBF1oBYdScS19cS4oaAhYAAAAAGgJWBoAAAB0\nZXN0b3Z5ai1jdmV0b2stbm9tZXItb2RpbmgKWAAAAABoC1gxAAAA0KLQtdGB0YLQvtCy0YvQuSDR\nhtCy0LXRgtC+0Log0L3QvtC80LXRgCDQvtC00LjQvWgMWAAAAABoDYhoDmgPVQoH3AwUCwEWAAAA\naBApUnEvhlJxMGgTWBgAAABmbG93ZXJfaW1hZ2UvaW1nLTVfNy5qcGdoFGgVKYFxMX1xMihoGIlo\nGVUHZGVmYXVsdHViaBqIaBtoD1UKB9wMFAsBFgAAAGgvhlJxM2gdWBUAAADQotGD0YIg0LrQvtC9\n0YLQtdC90YJoHlgYAAAAZmxvd2VyX2ltYWdlL2ltZy0yXzQuanBnaB9YGAAAAGZsb3dlcl9pbWFn\nZS9pbWctMV81LmpwZ2ggigEHaCGIaCKKAQNoI4oBFGgkWBgAAABmbG93ZXJfaW1hZ2UvaW1nLTNf\nNS5qcGdoJVhEAAAA0KLQtdC60YHRgtC+0LLQvtC1INC+0L/QuNGB0LDQvdC40LUg0YbQstC10YLQ\nutCwINC90L7QvNC10YAg0L7QtNC40L11YksBdVUDbHBwSwF1Lg==\n','2013-01-03 12:15:54'),('8baaa7fea4c4279b16c7f108167e7d85','Nzc0YTFjODVkZWNkZDZmMDU1MjljZWY4NDQ5N2Q1MWIzZTNmY2Y2NjqAAn1xAShVBGNhcnR9cQJj\nZGphbmdvLmRiLm1vZGVscy5iYXNlCm1vZGVsX3VucGlja2xlCnEDY2NhdGFsb2cubW9kZWxzCkZs\nb3dlcgpxBF1jZGphbmdvLmRiLm1vZGVscy5iYXNlCnNpbXBsZV9jbGFzc19mYWN0b3J5CnEFh1Jx\nBn1xByhVEG1ldGFfZGVzY3JpcHRpb25xCFgAAAAAVQRzbHVncQlYCAAAAGdseXVrb3phVQ1tZXRh\nX2tleXdvcmRzcQpYAAAAAFUEbmFtZXELWA4AAADQk9C70Y7QutC+0LfQsFUFdGl0bGVxDFgOAAAA\n0JPQu9GO0LrQvtC30LBVCWlzX2FjdGl2ZXENiFUKY3JlYXRlZF9hdHEOY2RhdGV0aW1lCmRhdGV0\naW1lCnEPVQoH3AwJChEdAAAAY2RqYW5nby51dGlscy50aW1lem9uZQpVVEMKcRApUnERhlJxElUM\naW1hZ2VfZm91cnRocRNYGAAAAGZsb3dlcl9pbWFnZS9pbWctN18zLmpwZ1UGX3N0YXRlcRRjZGph\nbmdvLmRiLm1vZGVscy5iYXNlCk1vZGVsU3RhdGUKcRUpgXEWfXEXKFUGYWRkaW5ncRiJVQJkYnEZ\nVQdkZWZhdWx0dWJVBmlzX25ld3EaiFUKdXBkYXRlZF9hdHEbaA9VCgfcDA8JGjYAAABoEYZScRxV\nCnByb21vYmxvY2txHVgAAAAAVQxpbWFnZV9zZWNvbmRxHlgYAAAAZmxvd2VyX2ltYWdlL2ltZy01\nXzUuanBnVQtpbWFnZV9maXJzdHEfWBgAAABmbG93ZXJfaW1hZ2UvaW1nLTVfNC5qcGdVAmlkcSCK\nAQNVDmlzX3JlY29tbWVuZGVkcSGIVQtjYXRlZ29yeV9pZHEiigEPVQVwcmljZXEjigENVQtpbWFn\nZV90aGlyZHEkWBgAAABmbG93ZXJfaW1hZ2UvaW1nLTZfMi5qcGdVC2Rlc2NyaXB0aW9ucSVYMgAA\nANCi0LXQutGB0YLQvtCy0L7QtSDQvtC/0LjRgdCw0L3QuNC1INCz0LvRjtC60L7Qt9GLdWJLAXNV\nDV9hdXRoX3VzZXJfaWSKAQFVEl9hdXRoX3VzZXJfYmFja2VuZFUpZGphbmdvLmNvbnRyaWIuYXV0\naC5iYWNrZW5kcy5Nb2RlbEJhY2tlbmR1Lg==\n','2013-01-03 17:45:52'),('8edd9f7b21dc86f4bb3eb9cb0afbf0d2','MjQzZDI4OTRiMTM5M2Q5ZmQ1NjlmZGVkNzJkNzZkNDA5Zjc1YjhhMzqAAn1xAS4=\n','2013-01-03 19:24:28'),('8f5b9fb9ba9a42265d0eedfb7e46dd0e','MjQzZDI4OTRiMTM5M2Q5ZmQ1NjlmZGVkNzJkNzZkNDA5Zjc1YjhhMzqAAn1xAS4=\n','2013-01-04 14:37:39'),('90874acc92b57827bf34fa9475ce7d90','MmNiMzIyYzZjYjc2YmQyNmQ0Y2Y0N2U4YTdhY2Q4Y2VlOGRjNTVkMDqAAn1xAShVBGNhcnRxAolV\nEl9hdXRoX3VzZXJfYmFja2VuZHEDVSlkamFuZ28uY29udHJpYi5hdXRoLmJhY2tlbmRzLk1vZGVs\nQmFja2VuZHEEVQ1fYXV0aF91c2VyX2lkcQWKAQF1Lg==\n','2013-01-03 20:02:46'),('91a02b5d477fdb19b381cc9b9b4e991e','MjQzZDI4OTRiMTM5M2Q5ZmQ1NjlmZGVkNzJkNzZkNDA5Zjc1YjhhMzqAAn1xAS4=\n','2013-01-03 19:24:55'),('943836b7531c40ff0a49520584a7f0f2','MjQzZDI4OTRiMTM5M2Q5ZmQ1NjlmZGVkNzJkNzZkNDA5Zjc1YjhhMzqAAn1xAS4=\n','2013-01-04 09:42:20'),('946c65b69983bf946db1a2c17275608b','MjY5NmZlYjQ0ZWE3ODE2ZDMyMmRkOGI2MjM4YWZlNTc5NTMzOTJmMzqAAn1xAShVEl9hdXRoX3Vz\nZXJfYmFja2VuZHECVSlkamFuZ28uY29udHJpYi5hdXRoLmJhY2tlbmRzLk1vZGVsQmFja2VuZHED\nVQ1fYXV0aF91c2VyX2lkcQSKAQF1Lg==\n','2013-01-03 18:39:55'),('956ba28ee5c679e5d235dafbfba38f7f','NWU2ODQ1ZTVmOGEzZjZlZjA4YTY0OGZjNDhmZTg1ZWE3MTQzNzM1YjqAAn1xAShVEl9hdXRoX3Vz\nZXJfYmFja2VuZHECVSlkamFuZ28uY29udHJpYi5hdXRoLmJhY2tlbmRzLk1vZGVsQmFja2VuZHED\nVQ1fYXV0aF91c2VyX2lkcQSKAQFVBGNhcnR9cQUoY2RqYW5nby5kYi5tb2RlbHMuYmFzZQptb2Rl\nbF91bnBpY2tsZQpxBmNjYXRhbG9nLm1vZGVscwpGbG93ZXIKcQddY2RqYW5nby5kYi5tb2RlbHMu\nYmFzZQpzaW1wbGVfY2xhc3NfZmFjdG9yeQpxCIdScQl9cQooVRBtZXRhX2Rlc2NyaXB0aW9ucQtY\nAAAAAFUEc2x1Z3EMWA0AAABjaGVybmF5YS1yb3phVQ1tZXRhX2tleXdvcmRzcQ1YFQAAANCn0LXR\ngNC90LDRjyDRgNC+0LfQsFUEbmFtZXEOWBUAAADQp9C10YDQvdCw0Y8g0YDQvtC30LBVBXRpdGxl\ncQ9YAAAAAFUJaXNfYWN0aXZlcRCIVQpjcmVhdGVkX2F0cRFjZGF0ZXRpbWUKZGF0ZXRpbWUKcRJV\nCgfcDAkKEx0AAABjZGphbmdvLnV0aWxzLnRpbWV6b25lClVUQwpxEylScRSGUnEVVQxpbWFnZV9m\nb3VydGhxFlgBAAAAMFUGX3N0YXRlcRdjZGphbmdvLmRiLm1vZGVscy5iYXNlCk1vZGVsU3RhdGUK\ncRgpgXEZfXEaKFUGYWRkaW5ncRuJVQJkYnEcVQdkZWZhdWx0dWJVBmlzX25ld3EdiFUKdXBkYXRl\nZF9hdHEeaBJVCgfcDAkKEx0AAABoFIZScR9VCnByb21vYmxvY2txIFgAAAAAVQxpbWFnZV9zZWNv\nbmRxIVgBAAAAMFULaW1hZ2VfZmlyc3RxIlgBAAAAMFUCaWRxI4oBBVUOaXNfcmVjb21tZW5kZWRx\nJIlVC2NhdGVnb3J5X2lkcSWKAQRVBXByaWNlcSaKAlkBVQtpbWFnZV90aGlyZHEnWAEAAAAwVQtk\nZXNjcmlwdGlvbnEoWDkAAADQotC10LrRgdGC0L7QstC+0LUg0L7Qv9C40YHQsNC90LjQtSDRh9C1\n0YDQvdC+0Lkg0YDQvtC30Yt1YksCaAZoB11oCIdScSl9cSooaAtYAAAAAGgMWAwAAABzaW55YXlh\nLXJvemFoDVgTAAAA0KHQuNC90Y/RjyDRgNC+0LfQsGgOWBMAAADQodC40L3Rj9GPINGA0L7Qt9Cw\naA9YAAAAAGgQiGgRaBJVCgfcDAkKFBsAAABoEylScSuGUnEsaBZYGAAAAGZsb3dlcl9pbWFnZS9p\nbWctMV80LmpwZ2gXaBgpgXEtfXEuKGgbiWgcVQdkZWZhdWx0dWJoHYhoHmgSVQoH3AwUCwAHAAAA\naCuGUnEvaCBYAAAAAGghWBgAAABmbG93ZXJfaW1hZ2UvaW1nLTVfNi5qcGdoIlgYAAAAZmxvd2Vy\nX2ltYWdlL2ltZy02XzMuanBnaCOKAQZoJIloJYoBBGgmigLqAGgnWBgAAABmbG93ZXJfaW1hZ2Uv\naW1nLTdfNC5qcGdoKFg3AAAA0KLQtdC60YHRgtC+0LLQvtC1INC+0L/QuNGB0LDQvdC40LUg0YHQ\nuNC90LXQuSDRgNC+0LfRi3ViSwJ1dS4=\n','2013-01-03 19:50:30'),('958cb3761947d23f0d7694e0156d0e14','YzAxZmU1NTEyYWQ4NDdmYzhkMDBhZWQ1YjQxZjJiYjFiNDBjYWNiNDqAAn1xAShVBGNhcnR9cQIo\nY2RqYW5nby5kYi5tb2RlbHMuYmFzZQptb2RlbF91bnBpY2tsZQpxA2NjYXRhbG9nLm1vZGVscwpG\nbG93ZXIKcQRdY2RqYW5nby5kYi5tb2RlbHMuYmFzZQpzaW1wbGVfY2xhc3NfZmFjdG9yeQpxBYdS\ncQZ9cQcoVRBtZXRhX2Rlc2NyaXB0aW9ucQhYAAAAAFUEc2x1Z3EJWAYAAABtaW1vemFVDW1ldGFf\na2V5d29yZHNxClgAAAAAVQRuYW1lcQtYDAAAANCc0LjQvNC+0LfQsFUFdGl0bGVxDFgMAAAA0JzQ\nuNC80L7Qt9CwVQlpc19hY3RpdmVxDYhVCmNyZWF0ZWRfYXRxDmNkYXRldGltZQpkYXRldGltZQpx\nD1UKB9wMBBIzEAAAAGNkamFuZ28udXRpbHMudGltZXpvbmUKVVRDCnEQKVJxEYZScRJVDGltYWdl\nX2ZvdXJ0aHETWBgAAABmbG93ZXJfaW1hZ2UvaW1nLTVfMy5qcGdVBl9zdGF0ZXEUY2RqYW5nby5k\nYi5tb2RlbHMuYmFzZQpNb2RlbFN0YXRlCnEVKYFxFn1xFyhVBmFkZGluZ3EYiVUCZGJxGVUHZGVm\nYXVsdHViVQZpc19uZXdxGolVCnVwZGF0ZWRfYXRxG2gPVQoH3AwPDisyAAAAaBGGUnEcVQpwcm9t\nb2Jsb2NrcR1YAAAAAFUMaW1hZ2Vfc2Vjb25kcR5YGAAAAGZsb3dlcl9pbWFnZS9pbWctMl8zLmpw\nZ1ULaW1hZ2VfZmlyc3RxH1gYAAAAZmxvd2VyX2ltYWdlL2ltZy0xXzMuanBnVQJpZHEgigEBVQ5p\nc19yZWNvbW1lbmRlZHEhiFULY2F0ZWdvcnlfaWRxIooBD1UFcHJpY2VxI4oBFFULaW1hZ2VfdGhp\ncmRxJFgYAAAAZmxvd2VyX2ltYWdlL2ltZy0zXzQuanBnVQtkZXNjcmlwdGlvbnElWDAAAADQotC1\n0LrRgdGC0L7QstC+0LUg0L7Qv9C40YHQsNC90LjQtSDQvNC40LzQvtC30Yt1YksCaANoBF1oBYdS\ncSZ9cScoaAhYAAAAAGgJWAgAAABnbHl1a296YWgKWAAAAABoC1gOAAAA0JPQu9GO0LrQvtC30LBo\nDFgOAAAA0JPQu9GO0LrQvtC30LBoDYhoDmgPVQoH3AwJChEdAAAAaBApUnEohlJxKWgTWBgAAABm\nbG93ZXJfaW1hZ2UvaW1nLTdfMy5qcGdoFGgVKYFxKn1xKyhoGIloGVUHZGVmYXVsdHViaBqIaBto\nD1UKB9wMDwkaNgAAAGgohlJxLGgdWAAAAABoHlgYAAAAZmxvd2VyX2ltYWdlL2ltZy01XzUuanBn\naB9YGAAAAGZsb3dlcl9pbWFnZS9pbWctNV80LmpwZ2ggigEDaCGIaCKKAQ9oI4oBDWgkWBgAAABm\nbG93ZXJfaW1hZ2UvaW1nLTZfMi5qcGdoJVgyAAAA0KLQtdC60YHRgtC+0LLQvtC1INC+0L/QuNGB\n0LDQvdC40LUg0LPQu9GO0LrQvtC30Yt1YksDaANoBF1oBYdScS19cS4oaAhYAAAAAGgJWBoAAAB0\nZXN0b3Z5ai1jdmV0b2stbm9tZXItb2RpbmgKWAAAAABoC1gxAAAA0KLQtdGB0YLQvtCy0YvQuSDR\nhtCy0LXRgtC+0Log0L3QvtC80LXRgCDQvtC00LjQvWgMWAAAAABoDYhoDmgPVQoH3AwUCwEWAAAA\naBApUnEvhlJxMGgTWBgAAABmbG93ZXJfaW1hZ2UvaW1nLTVfNy5qcGdoFGgVKYFxMX1xMihoGIlo\nGVUHZGVmYXVsdHViaBqIaBtoD1UKB9wMFAsBFgAAAGgvhlJxM2gdWBUAAADQotGD0YIg0LrQvtC9\n0YLQtdC90YJoHlgYAAAAZmxvd2VyX2ltYWdlL2ltZy0yXzQuanBnaB9YGAAAAGZsb3dlcl9pbWFn\nZS9pbWctMV81LmpwZ2ggigEHaCGIaCKKAQNoI4oBFGgkWBgAAABmbG93ZXJfaW1hZ2UvaW1nLTNf\nNS5qcGdoJVhEAAAA0KLQtdC60YHRgtC+0LLQvtC1INC+0L/QuNGB0LDQvdC40LUg0YbQstC10YLQ\nutCwINC90L7QvNC10YAg0L7QtNC40L11YksFdVUDbHBwSwF1Lg==\n','2013-01-03 17:14:18'),('971ea107f11b087ac9b37418068f108e','Y2NmYmZmZGI3OWY2YzI1NjViNzNkNWM0YjU5Y2Y3NjE5MGY2MDc2ODqAAn1xAShVEl9hdXRoX3Vz\nZXJfYmFja2VuZHECVSlkamFuZ28uY29udHJpYi5hdXRoLmJhY2tlbmRzLk1vZGVsQmFja2VuZHED\nVQ1fYXV0aF91c2VyX2lkcQSKAQFVBGNhcnR9cQUoY2RqYW5nby5kYi5tb2RlbHMuYmFzZQptb2Rl\nbF91bnBpY2tsZQpxBmNjYXRhbG9nLm1vZGVscwpGbG93ZXIKcQddY2RqYW5nby5kYi5tb2RlbHMu\nYmFzZQpzaW1wbGVfY2xhc3NfZmFjdG9yeQpxCIdScQl9cQooVRBtZXRhX2Rlc2NyaXB0aW9ucQtY\nAAAAAFUEc2x1Z3EMWA0AAABjaGVybmF5YS1yb3phVQ1tZXRhX2tleXdvcmRzcQ1YFQAAANCn0LXR\ngNC90LDRjyDRgNC+0LfQsFUEbmFtZXEOWBUAAADQp9C10YDQvdCw0Y8g0YDQvtC30LBVBXRpdGxl\ncQ9YAAAAAFUJaXNfYWN0aXZlcRCIVQpjcmVhdGVkX2F0cRFjZGF0ZXRpbWUKZGF0ZXRpbWUKcRJV\nCgfcDAkKEx0AAABjZGphbmdvLnV0aWxzLnRpbWV6b25lClVUQwpxEylScRSGUnEVVQxpbWFnZV9m\nb3VydGhxFlgBAAAAMFUGX3N0YXRlcRdjZGphbmdvLmRiLm1vZGVscy5iYXNlCk1vZGVsU3RhdGUK\ncRgpgXEZfXEaKFUGYWRkaW5ncRuJVQJkYnEcVQdkZWZhdWx0dWJVBmlzX25ld3EdiFUKdXBkYXRl\nZF9hdHEeaBJVCgfcDAkKEx0AAABoFIZScR9VCnByb21vYmxvY2txIFgAAAAAVQxpbWFnZV9zZWNv\nbmRxIVgBAAAAMFULaW1hZ2VfZmlyc3RxIlgBAAAAMFUCaWRxI4oBBVUOaXNfcmVjb21tZW5kZWRx\nJIlVC2NhdGVnb3J5X2lkcSWKAQRVBXByaWNlcSaKAlkBVQtpbWFnZV90aGlyZHEnWAEAAAAwVQtk\nZXNjcmlwdGlvbnEoWDkAAADQotC10LrRgdGC0L7QstC+0LUg0L7Qv9C40YHQsNC90LjQtSDRh9C1\n0YDQvdC+0Lkg0YDQvtC30Yt1YksBaAZoB11oCIdScSl9cSooaAtYAAAAAGgMWAwAAABzaW55YXlh\nLXJvemFoDVgTAAAA0KHQuNC90Y/RjyDRgNC+0LfQsGgOWBMAAADQodC40L3Rj9GPINGA0L7Qt9Cw\naA9YAAAAAGgQiGgRaBJVCgfcDAkKFBsAAABoEylScSuGUnEsaBZYGAAAAGZsb3dlcl9pbWFnZS9p\nbWctMV80LmpwZ2gXaBgpgXEtfXEuKGgbiWgcVQdkZWZhdWx0dWJoHYhoHmgSVQoH3AwUCwAHAAAA\naCuGUnEvaCBYAAAAAGghWBgAAABmbG93ZXJfaW1hZ2UvaW1nLTVfNi5qcGdoIlgYAAAAZmxvd2Vy\nX2ltYWdlL2ltZy02XzMuanBnaCOKAQZoJIloJYoBBGgmigLqAGgnWBgAAABmbG93ZXJfaW1hZ2Uv\naW1nLTdfNC5qcGdoKFg3AAAA0KLQtdC60YHRgtC+0LLQvtC1INC+0L/QuNGB0LDQvdC40LUg0YHQ\nuNC90LXQuSDRgNC+0LfRi3ViSwF1dS4=\n','2013-01-03 18:48:25'),('9a5aad67d56027f0ac8e1df398f3bcc7','MjQzZDI4OTRiMTM5M2Q5ZmQ1NjlmZGVkNzJkNzZkNDA5Zjc1YjhhMzqAAn1xAS4=\n','2013-01-03 20:14:13'),('9e8d7f8b8204a2ce8b710e448456c571','MjQzZDI4OTRiMTM5M2Q5ZmQ1NjlmZGVkNzJkNzZkNDA5Zjc1YjhhMzqAAn1xAS4=\n','2013-01-04 09:37:33'),('9f6a790b46d662b6ad1a3ae5bba0fb10','MjQzZDI4OTRiMTM5M2Q5ZmQ1NjlmZGVkNzJkNzZkNDA5Zjc1YjhhMzqAAn1xAS4=\n','2013-01-03 18:56:19'),('a150c14cb552381ef5341cbef1428ed7','YjRiOWUzZWVmYjUzMTllZjhlNzhhOTc5MTkwZDFmYmQwNmE5ZDEyMjqAAn1xAShVEl9hdXRoX3Vz\nZXJfYmFja2VuZHECVSlkamFuZ28uY29udHJpYi5hdXRoLmJhY2tlbmRzLk1vZGVsQmFja2VuZHED\nVQ1fYXV0aF91c2VyX2lkcQSKARZVBGNhcnR9cQUoY2RqYW5nby5kYi5tb2RlbHMuYmFzZQptb2Rl\nbF91bnBpY2tsZQpxBmNjYXRhbG9nLm1vZGVscwpCb3VxdWV0CnEHXWNkamFuZ28uZGIubW9kZWxz\nLmJhc2UKc2ltcGxlX2NsYXNzX2ZhY3RvcnkKcQiHUnEJfXEKKFUQbWV0YV9kZXNjcmlwdGlvbnEL\nWAAAAABVBHNsdWdxDFgMAAAAdnRvcm9qLWJ1a2V0VQ1tZXRhX2tleXdvcmRzcQ1YAAAAAFUEbmFt\nZXEOWBcAAADQktGC0L7RgNC+0Lkg0LHRg9C60LXRglUFdGl0bGVxD1gXAAAA0JLRgtC+0YDQvtC5\nINCx0YPQutC10YJVCWlzX2FjdGl2ZXEQiFUKY3JlYXRlZF9hdHERY2RhdGV0aW1lCmRhdGV0aW1l\nCnESVQoH3AwJCigtAAAAY2RqYW5nby51dGlscy50aW1lem9uZQpVVEMKcRMpUnEUhlJxFVUGX3N0\nYXRlcRZjZGphbmdvLmRiLm1vZGVscy5iYXNlCk1vZGVsU3RhdGUKcRcpgXEYfXEZKFUGYWRkaW5n\ncRqJVQJkYnEbVQdkZWZhdWx0dWJVBmlzX25ld3EciFUKdXBkYXRlZF9hdHEdaBJVCgfcDBgLMh4A\nAABoFIZScR5VCnByb21vYmxvY2txH1gAAAAAVQJpZHEgigEDVQ5pc19yZWNvbW1lbmRlZHEhiFUL\nY2F0ZWdvcnlfaWRxIooBDVUFcHJpY2VxI4oC0gRVC2Rlc2NyaXB0aW9ucSRYPwAAANCi0LXQutGB\n0YLQvtCy0L7QtSDQvtC/0LjRgdCw0L3QuNC1INCy0YLQvtGA0L7Qs9C+INCx0YPQutC10YLQsHVi\nSwFoBmNjYXRhbG9nLm1vZGVscwpGbG93ZXIKcSVdaAiHUnEmfXEnKGgLWAAAAABoDFgNAAAAY2hl\ncm5heWEtcm96YWgNWBUAAADQp9C10YDQvdCw0Y8g0YDQvtC30LBoDlgVAAAA0KfQtdGA0L3QsNGP\nINGA0L7Qt9CwaA9YAAAAAGgQiGgRaBJVCgfcDAkKEx0AAABoEylScSiGUnEpaBZoFymBcSp9cSso\naBqJaBtVB2RlZmF1bHR1YmgciGgdaBJVCgfcDAkKEx0AAABoKIZScSxoH1gAAAAAaCCKAQVoIYlo\nIooBBGgjigJZAWgkWDkAAADQotC10LrRgdGC0L7QstC+0LUg0L7Qv9C40YHQsNC90LjQtSDRh9C1\n0YDQvdC+0Lkg0YDQvtC30Yt1YksBaAZoJV1oCIdScS19cS4oaAtYAAAAAGgMWBoAAAB0ZXN0b3Z5\nai1jdmV0b2stbm9tZXItb2RpbmgNWAAAAABoDlgxAAAA0KLQtdGB0YLQvtCy0YvQuSDRhtCy0LXR\ngtC+0Log0L3QvtC80LXRgCDQvtC00LjQvWgPWAAAAABoEIhoEWgSVQoH3AwUCwEWAAAAaBMpUnEv\nhlJxMGgWaBcpgXExfXEyKGgaiWgbVQdkZWZhdWx0dWJoHIhoHWgSVQoH3AwYCzAaAAAAaC+GUnEz\naB9YFQAAANCi0YPRgiDQutC+0L3RgtC10L3RgmggigEHaCGIaCKKAQNoI4oBFGgkWEQAAADQotC1\n0LrRgdGC0L7QstC+0LUg0L7Qv9C40YHQsNC90LjQtSDRhtCy0LXRgtC60LAg0L3QvtC80LXRgCDQ\nvtC00LjQvXViSwR1VQNscHBLAXUu\n','2013-01-09 08:12:05'),('a1f56cdd1c9a87d93c085321c8f9858e','MjQzZDI4OTRiMTM5M2Q5ZmQ1NjlmZGVkNzJkNzZkNDA5Zjc1YjhhMzqAAn1xAS4=\n','2013-01-03 22:15:48'),('a27e311dc8c8897ca87e9d0ad51f77a5','MTUxNGZhZTZjNWMwMTI1OGFlMGEyOTkwYjhkYzMyZTEzOGQ5ODBlYTqAAn1xAShVBGNhcnR9cQJj\nZGphbmdvLmRiLm1vZGVscy5iYXNlCm1vZGVsX3VucGlja2xlCnEDY2NhdGFsb2cubW9kZWxzCkZs\nb3dlcgpxBF1jZGphbmdvLmRiLm1vZGVscy5iYXNlCnNpbXBsZV9jbGFzc19mYWN0b3J5CnEFh1Jx\nBn1xByhVEG1ldGFfZGVzY3JpcHRpb25xCFgAAAAAVQpjcmVhdGVkX2F0cQljZGF0ZXRpbWUKZGF0\nZXRpbWUKcQpVCgfcDBQLARYAAABjZGphbmdvLnV0aWxzLnRpbWV6b25lClVUQwpxCylScQyGUnEN\nVQRzbHVncQ5YGgAAAHRlc3RvdnlqLWN2ZXRvay1ub21lci1vZGluVQ1tZXRhX2tleXdvcmRzcQ9Y\nAAAAAFUEbmFtZXEQWDEAAADQotC10YHRgtC+0LLRi9C5INGG0LLQtdGC0L7QuiDQvdC+0LzQtdGA\nINC+0LTQuNC9VQV0aXRsZXERWAAAAABVCWlzX2FjdGl2ZXESiFUFcHJpY2VxE4oBFFUMaW1hZ2Vf\nZm91cnRocRRYGAAAAGZsb3dlcl9pbWFnZS9pbWctNV83LmpwZ1UGX3N0YXRlcRVjZGphbmdvLmRi\nLm1vZGVscy5iYXNlCk1vZGVsU3RhdGUKcRYpgXEXfXEYKFUGYWRkaW5ncRmJVQJkYnEaVQdkZWZh\ndWx0cRt1YlUGaXNfbmV3cRyIVQp1cGRhdGVkX2F0cR1oClUKB9wMFAsBFgAAAGgMhlJxHlUKcHJv\nbW9ibG9ja3EfWBUAAADQotGD0YIg0LrQvtC90YLQtdC90YJVDGltYWdlX3NlY29uZHEgWBgAAABm\nbG93ZXJfaW1hZ2UvaW1nLTJfNC5qcGdVC2ltYWdlX2ZpcnN0cSFYGAAAAGZsb3dlcl9pbWFnZS9p\nbWctMV81LmpwZ1UOaXNfcmVjb21tZW5kZWRxIohVC2NhdGVnb3J5X2lkcSOKAQNVAmlkcSSKAQdV\nC2ltYWdlX3RoaXJkcSVYGAAAAGZsb3dlcl9pbWFnZS9pbWctM181LmpwZ1ULZGVzY3JpcHRpb25x\nJlhEAAAA0KLQtdC60YHRgtC+0LLQvtC1INC+0L/QuNGB0LDQvdC40LUg0YbQstC10YLQutCwINC9\n0L7QvNC10YAg0L7QtNC40L11YksBc1UNX2F1dGhfdXNlcl9pZIoBAVUSX2F1dGhfdXNlcl9iYWNr\nZW5kVSlkamFuZ28uY29udHJpYi5hdXRoLmJhY2tlbmRzLk1vZGVsQmFja2VuZFUDbHBwSwF1Lg==\n','2013-01-03 11:44:36'),('a35776499cca7f7fb12ed5ad93b7576e','OWM4OTdkMmU1OGQ2NzE4MjNkZmZkMGZlNmE5Yzc5MDNmOWM3N2YxYzqAAn1xAShVEl9hdXRoX3Vz\nZXJfYmFja2VuZHECVSlkamFuZ28uY29udHJpYi5hdXRoLmJhY2tlbmRzLk1vZGVsQmFja2VuZHED\nVQ1fYXV0aF91c2VyX2lkcQSKAQFVBGNhcnR9cQVjZGphbmdvLmRiLm1vZGVscy5iYXNlCm1vZGVs\nX3VucGlja2xlCnEGY2NhdGFsb2cubW9kZWxzCkZsb3dlcgpxB11jZGphbmdvLmRiLm1vZGVscy5i\nYXNlCnNpbXBsZV9jbGFzc19mYWN0b3J5CnEIh1JxCX1xCihVEG1ldGFfZGVzY3JpcHRpb25xC1gA\nAAAAVQRzbHVncQxYCAAAAGdseXVrb3phVQ1tZXRhX2tleXdvcmRzcQ1YAAAAAFUEbmFtZXEOWA4A\nAADQk9C70Y7QutC+0LfQsFUFdGl0bGVxD1gOAAAA0JPQu9GO0LrQvtC30LBVCWlzX2FjdGl2ZXEQ\niFUKY3JlYXRlZF9hdHERY2RhdGV0aW1lCmRhdGV0aW1lCnESVQoH3AwJChEdAAAAY2RqYW5nby51\ndGlscy50aW1lem9uZQpVVEMKcRMpUnEUhlJxFVUMaW1hZ2VfZm91cnRocRZYGAAAAGZsb3dlcl9p\nbWFnZS9pbWctN18zLmpwZ1UGX3N0YXRlcRdjZGphbmdvLmRiLm1vZGVscy5iYXNlCk1vZGVsU3Rh\ndGUKcRgpgXEZfXEaKFUGYWRkaW5ncRuJVQJkYnEcVQdkZWZhdWx0dWJVBmlzX25ld3EdiFUKdXBk\nYXRlZF9hdHEeaBJVCgfcDA8JGjYAAABoFIZScR9VCnByb21vYmxvY2txIFgAAAAAVQxpbWFnZV9z\nZWNvbmRxIVgYAAAAZmxvd2VyX2ltYWdlL2ltZy01XzUuanBnVQtpbWFnZV9maXJzdHEiWBgAAABm\nbG93ZXJfaW1hZ2UvaW1nLTVfNC5qcGdVAmlkcSOKAQNVDmlzX3JlY29tbWVuZGVkcSSIVQtjYXRl\nZ29yeV9pZHEligEPVQVwcmljZXEmigENVQtpbWFnZV90aGlyZHEnWBgAAABmbG93ZXJfaW1hZ2Uv\naW1nLTZfMi5qcGdVC2Rlc2NyaXB0aW9ucShYMgAAANCi0LXQutGB0YLQvtCy0L7QtSDQvtC/0LjR\ngdCw0L3QuNC1INCz0LvRjtC60L7Qt9GLdWJLBHN1Lg==\n','2013-01-03 17:34:29'),('a3c36b448b166aef992b2269bc481666','MjQzZDI4OTRiMTM5M2Q5ZmQ1NjlmZGVkNzJkNzZkNDA5Zjc1YjhhMzqAAn1xAS4=\n','2013-01-03 19:24:55'),('a83150001fb436de6e7ab8be7c0987e3','MjQzZDI4OTRiMTM5M2Q5ZmQ1NjlmZGVkNzJkNzZkNDA5Zjc1YjhhMzqAAn1xAS4=\n','2013-01-03 20:14:13'),('a892edad13c0e99b68f499f65d7116b2','Y2Y2YThiODE1NmU3M2Y4NzUyYTZhYWFkOTJhM2UxNjAwMTQyYzM4MzqAAn1xAShVEl9hdXRoX3Vz\nZXJfYmFja2VuZHECVSlkamFuZ28uY29udHJpYi5hdXRoLmJhY2tlbmRzLk1vZGVsQmFja2VuZHED\nVQ1fYXV0aF91c2VyX2lkcQSKAQFVBGNhcnR9cQVjZGphbmdvLmRiLm1vZGVscy5iYXNlCm1vZGVs\nX3VucGlja2xlCnEGY2NhdGFsb2cubW9kZWxzCkZsb3dlcgpxB11jZGphbmdvLmRiLm1vZGVscy5i\nYXNlCnNpbXBsZV9jbGFzc19mYWN0b3J5CnEIh1JxCX1xCihVEG1ldGFfZGVzY3JpcHRpb25xC1gA\nAAAAVQRzbHVncQxYCAAAAGdseXVrb3phVQ1tZXRhX2tleXdvcmRzcQ1YAAAAAFUEbmFtZXEOWA4A\nAADQk9C70Y7QutC+0LfQsFUFdGl0bGVxD1gOAAAA0JPQu9GO0LrQvtC30LBVCWlzX2FjdGl2ZXEQ\niFUKY3JlYXRlZF9hdHERY2RhdGV0aW1lCmRhdGV0aW1lCnESVQoH3AwJChEdAAAAY2RqYW5nby51\ndGlscy50aW1lem9uZQpVVEMKcRMpUnEUhlJxFVUMaW1hZ2VfZm91cnRocRZYGAAAAGZsb3dlcl9p\nbWFnZS9pbWctN18zLmpwZ1UGX3N0YXRlcRdjZGphbmdvLmRiLm1vZGVscy5iYXNlCk1vZGVsU3Rh\ndGUKcRgpgXEZfXEaKFUGYWRkaW5ncRuJVQJkYnEcVQdkZWZhdWx0dWJVBmlzX25ld3EdiFUKdXBk\nYXRlZF9hdHEeaBJVCgfcDA8JGjYAAABoFIZScR9VCnByb21vYmxvY2txIFgAAAAAVQxpbWFnZV9z\nZWNvbmRxIVgYAAAAZmxvd2VyX2ltYWdlL2ltZy01XzUuanBnVQtpbWFnZV9maXJzdHEiWBgAAABm\nbG93ZXJfaW1hZ2UvaW1nLTVfNC5qcGdVAmlkcSOKAQNVDmlzX3JlY29tbWVuZGVkcSSIVQtjYXRl\nZ29yeV9pZHEligEPVQVwcmljZXEmigENVQtpbWFnZV90aGlyZHEnWBgAAABmbG93ZXJfaW1hZ2Uv\naW1nLTZfMi5qcGdVC2Rlc2NyaXB0aW9ucShYMgAAANCi0LXQutGB0YLQvtCy0L7QtSDQvtC/0LjR\ngdCw0L3QuNC1INCz0LvRjtC60L7Qt9GLdWJLA3N1Lg==\n','2013-01-03 18:19:57'),('a94b93ff512653daa104e4e93ecbad84','MjQzZDI4OTRiMTM5M2Q5ZmQ1NjlmZGVkNzJkNzZkNDA5Zjc1YjhhMzqAAn1xAS4=\n','2013-01-03 21:44:27'),('a98fb86a4ae3fe3247cc26fc150481ef','MjQzZDI4OTRiMTM5M2Q5ZmQ1NjlmZGVkNzJkNzZkNDA5Zjc1YjhhMzqAAn1xAS4=\n','2013-01-03 20:47:47'),('b2020da8dd3937edf56c1b9e396833e6','NDMzYzM2ZjY5ZGFlNWE5MmRlYjFmZDdhOWMwZjU2ZDJhMmYwMDBiZTqAAn1xAShVBGNhcnR9cQIo\nY2RqYW5nby5kYi5tb2RlbHMuYmFzZQptb2RlbF91bnBpY2tsZQpxA2NjYXRhbG9nLm1vZGVscwpG\nbG93ZXIKcQRdY2RqYW5nby5kYi5tb2RlbHMuYmFzZQpzaW1wbGVfY2xhc3NfZmFjdG9yeQpxBYdS\ncQZ9cQcoVRBtZXRhX2Rlc2NyaXB0aW9ucQhYAAAAAFUEc2x1Z3EJWAgAAABnbHl1a296YVUNbWV0\nYV9rZXl3b3Jkc3EKWAAAAABVBG5hbWVxC1gOAAAA0JPQu9GO0LrQvtC30LBVBXRpdGxlcQxYDgAA\nANCT0LvRjtC60L7Qt9CwVQlpc19hY3RpdmVxDYhVCmNyZWF0ZWRfYXRxDmNkYXRldGltZQpkYXRl\ndGltZQpxD1UKB9wMCQoRHQAAAGNkamFuZ28udXRpbHMudGltZXpvbmUKVVRDCnEQKVJxEYZScRJV\nDGltYWdlX2ZvdXJ0aHETWBgAAABmbG93ZXJfaW1hZ2UvaW1nLTdfMy5qcGdVBl9zdGF0ZXEUY2Rq\nYW5nby5kYi5tb2RlbHMuYmFzZQpNb2RlbFN0YXRlCnEVKYFxFn1xFyhVBmFkZGluZ3EYiVUCZGJx\nGVUHZGVmYXVsdHViVQZpc19uZXdxGohVCnVwZGF0ZWRfYXRxG2gPVQoH3AwPCRo2AAAAaBGGUnEc\nVQpwcm9tb2Jsb2NrcR1YAAAAAFUMaW1hZ2Vfc2Vjb25kcR5YGAAAAGZsb3dlcl9pbWFnZS9pbWct\nNV81LmpwZ1ULaW1hZ2VfZmlyc3RxH1gYAAAAZmxvd2VyX2ltYWdlL2ltZy01XzQuanBnVQJpZHEg\nigEDVQ5pc19yZWNvbW1lbmRlZHEhiFULY2F0ZWdvcnlfaWRxIooBD1UFcHJpY2VxI4oBDVULaW1h\nZ2VfdGhpcmRxJFgYAAAAZmxvd2VyX2ltYWdlL2ltZy02XzIuanBnVQtkZXNjcmlwdGlvbnElWDIA\nAADQotC10LrRgdGC0L7QstC+0LUg0L7Qv9C40YHQsNC90LjQtSDQs9C70Y7QutC+0LfRi3ViSwdo\nA2gEXWgFh1JxJn1xJyhoCFgAAAAAaAlYDQAAAGNoZXJuYXlhLXJvemFoClgVAAAA0KfQtdGA0L3Q\nsNGPINGA0L7Qt9CwaAtYFQAAANCn0LXRgNC90LDRjyDRgNC+0LfQsGgMWAAAAABoDYhoDmgPVQoH\n3AwJChMdAAAAaBApUnEohlJxKWgTWAEAAAAwaBRoFSmBcSp9cSsoaBiJaBlVB2RlZmF1bHR1Ymga\niGgbaA9VCgfcDAkKEx0AAABoKIZScSxoHVgAAAAAaB5YAQAAADBoH1gBAAAAMGggigEFaCGJaCKK\nAQRoI4oCWQFoJFgBAAAAMGglWDkAAADQotC10LrRgdGC0L7QstC+0LUg0L7Qv9C40YHQsNC90LjQ\ntSDRh9C10YDQvdC+0Lkg0YDQvtC30Yt1YksBaANoBF1oBYdScS19cS4oaAhYAAAAAGgJWBoAAAB0\nZXN0b3Z5ai1jdmV0b2stbm9tZXItb2RpbmgKWAAAAABoC1gxAAAA0KLQtdGB0YLQvtCy0YvQuSDR\nhtCy0LXRgtC+0Log0L3QvtC80LXRgCDQvtC00LjQvWgMWAAAAABoDYhoDmgPVQoH3AwUCwEWAAAA\naBApUnEvhlJxMGgTWBgAAABmbG93ZXJfaW1hZ2UvaW1nLTVfNy5qcGdoFGgVKYFxMX1xMihoGIlo\nGVUHZGVmYXVsdHViaBqIaBtoD1UKB9wMFAsBFgAAAGgvhlJxM2gdWBUAAADQotGD0YIg0LrQvtC9\n0YLQtdC90YJoHlgYAAAAZmxvd2VyX2ltYWdlL2ltZy0yXzQuanBnaB9YGAAAAGZsb3dlcl9pbWFn\nZS9pbWctMV81LmpwZ2ggigEHaCGIaCKKAQNoI4oBFGgkWBgAAABmbG93ZXJfaW1hZ2UvaW1nLTNf\nNS5qcGdoJVhEAAAA0KLQtdC60YHRgtC+0LLQvtC1INC+0L/QuNGB0LDQvdC40LUg0YbQstC10YLQ\nutCwINC90L7QvNC10YAg0L7QtNC40L11YksBdVUDbHBwSwF1Lg==\n','2013-01-03 17:25:11'),('b25a12532921e49c862dddd962cc775f','MjQzZDI4OTRiMTM5M2Q5ZmQ1NjlmZGVkNzJkNzZkNDA5Zjc1YjhhMzqAAn1xAS4=\n','2013-01-03 20:08:56'),('b43e36ac476f7709b54fdd5c56fcf561','MjQzZDI4OTRiMTM5M2Q5ZmQ1NjlmZGVkNzJkNzZkNDA5Zjc1YjhhMzqAAn1xAS4=\n','2013-01-03 19:26:07'),('b5dde1314092ce3be37d54d305943287','MjQzZDI4OTRiMTM5M2Q5ZmQ1NjlmZGVkNzJkNzZkNDA5Zjc1YjhhMzqAAn1xAS4=\n','2013-01-03 21:44:27'),('b6055a3b3578c0a912bb6f7a114a1b3a','MjY5NmZlYjQ0ZWE3ODE2ZDMyMmRkOGI2MjM4YWZlNTc5NTMzOTJmMzqAAn1xAShVEl9hdXRoX3Vz\nZXJfYmFja2VuZHECVSlkamFuZ28uY29udHJpYi5hdXRoLmJhY2tlbmRzLk1vZGVsQmFja2VuZHED\nVQ1fYXV0aF91c2VyX2lkcQSKAQF1Lg==\n','2012-12-29 11:28:36'),('b7fbaf8c55852e0c648396b3067663c2','MjQzZDI4OTRiMTM5M2Q5ZmQ1NjlmZGVkNzJkNzZkNDA5Zjc1YjhhMzqAAn1xAS4=\n','2013-01-03 21:43:36'),('b936cdc845d20af7e0f1d5b20f273208','MjQzZDI4OTRiMTM5M2Q5ZmQ1NjlmZGVkNzJkNzZkNDA5Zjc1YjhhMzqAAn1xAS4=\n','2013-01-03 21:43:36'),('b95f69a9aa3d69d6d967aac1a29f9bc9','OTYwZGViNjRkZDIzZmQxNGUwNmE4MjgwNDA2ZTUwZGJhMWI1NWM0MDqAAn1xAShVEl9hdXRoX3Vz\nZXJfYmFja2VuZHECVSlkamFuZ28uY29udHJpYi5hdXRoLmJhY2tlbmRzLk1vZGVsQmFja2VuZHED\nVQ1fYXV0aF91c2VyX2lkcQSKAQFVBGNhcnR9cQVjZGphbmdvLmRiLm1vZGVscy5iYXNlCm1vZGVs\nX3VucGlja2xlCnEGY2NhdGFsb2cubW9kZWxzCkZsb3dlcgpxB11jZGphbmdvLmRiLm1vZGVscy5i\nYXNlCnNpbXBsZV9jbGFzc19mYWN0b3J5CnEIh1JxCX1xCihVEG1ldGFfZGVzY3JpcHRpb25xC1gA\nAAAAVQRzbHVncQxYDQAAAGNoZXJuYXlhLXJvemFVDW1ldGFfa2V5d29yZHNxDVgVAAAA0KfQtdGA\n0L3QsNGPINGA0L7Qt9CwVQRuYW1lcQ5YFQAAANCn0LXRgNC90LDRjyDRgNC+0LfQsFUFdGl0bGVx\nD1gAAAAAVQlpc19hY3RpdmVxEIhVCmNyZWF0ZWRfYXRxEWNkYXRldGltZQpkYXRldGltZQpxElUK\nB9wMCQoTHQAAAGNkamFuZ28udXRpbHMudGltZXpvbmUKVVRDCnETKVJxFIZScRVVDGltYWdlX2Zv\ndXJ0aHEWWAEAAAAwVQZfc3RhdGVxF2NkamFuZ28uZGIubW9kZWxzLmJhc2UKTW9kZWxTdGF0ZQpx\nGCmBcRl9cRooVQZhZGRpbmdxG4lVAmRicRxVB2RlZmF1bHR1YlUGaXNfbmV3cR2IVQp1cGRhdGVk\nX2F0cR5oElUKB9wMCQoTHQAAAGgUhlJxH1UKcHJvbW9ibG9ja3EgWAAAAABVDGltYWdlX3NlY29u\nZHEhWAEAAAAwVQtpbWFnZV9maXJzdHEiWAEAAAAwVQJpZHEjigEFVQ5pc19yZWNvbW1lbmRlZHEk\niVULY2F0ZWdvcnlfaWRxJYoBBFUFcHJpY2VxJooCWQFVC2ltYWdlX3RoaXJkcSdYAQAAADBVC2Rl\nc2NyaXB0aW9ucShYOQAAANCi0LXQutGB0YLQvtCy0L7QtSDQvtC/0LjRgdCw0L3QuNC1INGH0LXR\ngNC90L7QuSDRgNC+0LfRi3ViSwFzdS4=\n','2013-01-03 18:36:46'),('b965a2158957b9cb7da6f78f1edc90e7','MjQzZDI4OTRiMTM5M2Q5ZmQ1NjlmZGVkNzJkNzZkNDA5Zjc1YjhhMzqAAn1xAS4=\n','2013-01-03 20:39:27'),('b9d70f6534581f4088f6a146a9c4a214','MjQzZDI4OTRiMTM5M2Q5ZmQ1NjlmZGVkNzJkNzZkNDA5Zjc1YjhhMzqAAn1xAS4=\n','2013-01-03 19:24:55'),('bc26ff690ca1b79530e3dcc1697ddda4','ODU3ZjU1ZjIyNjIwNDk2Y2E2YzVmMGYzNTYwMzM0OWIxNDMwMWMzMzqAAn1xAShVEl9hdXRoX3Vz\nZXJfYmFja2VuZHECVSlkamFuZ28uY29udHJpYi5hdXRoLmJhY2tlbmRzLk1vZGVsQmFja2VuZHED\nVQ1fYXV0aF91c2VyX2lkcQSKAQFVBGNhcnR9cQVjZGphbmdvLmRiLm1vZGVscy5iYXNlCm1vZGVs\nX3VucGlja2xlCnEGY2NhdGFsb2cubW9kZWxzCkZsb3dlcgpxB11jZGphbmdvLmRiLm1vZGVscy5i\nYXNlCnNpbXBsZV9jbGFzc19mYWN0b3J5CnEIh1JxCX1xCihVEG1ldGFfZGVzY3JpcHRpb25xC1gA\nAAAAVQRzbHVncQxYDAAAAHNpbnlheWEtcm96YVUNbWV0YV9rZXl3b3Jkc3ENWBMAAADQodC40L3R\nj9GPINGA0L7Qt9CwVQRuYW1lcQ5YEwAAANCh0LjQvdGP0Y8g0YDQvtC30LBVBXRpdGxlcQ9YAAAA\nAFUJaXNfYWN0aXZlcRCIVQpjcmVhdGVkX2F0cRFjZGF0ZXRpbWUKZGF0ZXRpbWUKcRJVCgfcDAkK\nFBsAAABjZGphbmdvLnV0aWxzLnRpbWV6b25lClVUQwpxEylScRSGUnEVVQxpbWFnZV9mb3VydGhx\nFlgYAAAAZmxvd2VyX2ltYWdlL2ltZy0xXzQuanBnVQZfc3RhdGVxF2NkamFuZ28uZGIubW9kZWxz\nLmJhc2UKTW9kZWxTdGF0ZQpxGCmBcRl9cRooVQZhZGRpbmdxG4lVAmRicRxVB2RlZmF1bHR1YlUG\naXNfbmV3cR2IVQp1cGRhdGVkX2F0cR5oElUKB9wMFAsABwAAAGgUhlJxH1UKcHJvbW9ibG9ja3Eg\nWAAAAABVDGltYWdlX3NlY29uZHEhWBgAAABmbG93ZXJfaW1hZ2UvaW1nLTVfNi5qcGdVC2ltYWdl\nX2ZpcnN0cSJYGAAAAGZsb3dlcl9pbWFnZS9pbWctNl8zLmpwZ1UCaWRxI4oBBlUOaXNfcmVjb21t\nZW5kZWRxJIlVC2NhdGVnb3J5X2lkcSWKAQRVBXByaWNlcSaKAuoAVQtpbWFnZV90aGlyZHEnWBgA\nAABmbG93ZXJfaW1hZ2UvaW1nLTdfNC5qcGdVC2Rlc2NyaXB0aW9ucShYNwAAANCi0LXQutGB0YLQ\nvtCy0L7QtSDQvtC/0LjRgdCw0L3QuNC1INGB0LjQvdC10Lkg0YDQvtC30Yt1YksDc3Uu\n','2013-01-03 19:24:28'),('bce75d2cbc1d72a1839018e6b5cd1901','MjQzZDI4OTRiMTM5M2Q5ZmQ1NjlmZGVkNzJkNzZkNDA5Zjc1YjhhMzqAAn1xAS4=\n','2013-01-04 09:41:02'),('bcfcda3a02e6af544decc1f228a07d7c','MjQzZDI4OTRiMTM5M2Q5ZmQ1NjlmZGVkNzJkNzZkNDA5Zjc1YjhhMzqAAn1xAS4=\n','2013-01-03 21:43:36'),('be3bc8ef1aec616c3117092e460a4674','MjQzZDI4OTRiMTM5M2Q5ZmQ1NjlmZGVkNzJkNzZkNDA5Zjc1YjhhMzqAAn1xAS4=\n','2013-01-03 20:47:47'),('beca86e462f6d7a929dfcf6df96c7029','MjQzZDI4OTRiMTM5M2Q5ZmQ1NjlmZGVkNzJkNzZkNDA5Zjc1YjhhMzqAAn1xAS4=\n','2013-01-03 20:42:59'),('c163dad0c8080beda6e7cc9ccd7bdb1c','Y2JmNWM1MWVkNTkyYTY5ZTA5NjVhNWIyZjY4NmJlMTUyZGQ3NWIyMzqAAn1xAShVEl9hdXRoX3Vz\nZXJfYmFja2VuZHECVSlkamFuZ28uY29udHJpYi5hdXRoLmJhY2tlbmRzLk1vZGVsQmFja2VuZHED\nVQ1fYXV0aF91c2VyX2lkcQSKAQFVBGNhcnR9cQVjZGphbmdvLmRiLm1vZGVscy5iYXNlCm1vZGVs\nX3VucGlja2xlCnEGY2NhdGFsb2cubW9kZWxzCkZsb3dlcgpxB11jZGphbmdvLmRiLm1vZGVscy5i\nYXNlCnNpbXBsZV9jbGFzc19mYWN0b3J5CnEIh1JxCX1xCihVEG1ldGFfZGVzY3JpcHRpb25xC1gA\nAAAAVQRzbHVncQxYDAAAAHNpbnlheWEtcm96YVUNbWV0YV9rZXl3b3Jkc3ENWBMAAADQodC40L3R\nj9GPINGA0L7Qt9CwVQRuYW1lcQ5YEwAAANCh0LjQvdGP0Y8g0YDQvtC30LBVBXRpdGxlcQ9YAAAA\nAFUJaXNfYWN0aXZlcRCIVQpjcmVhdGVkX2F0cRFjZGF0ZXRpbWUKZGF0ZXRpbWUKcRJVCgfcDAkK\nFBsAAABjZGphbmdvLnV0aWxzLnRpbWV6b25lClVUQwpxEylScRSGUnEVVQxpbWFnZV9mb3VydGhx\nFlgYAAAAZmxvd2VyX2ltYWdlL2ltZy0xXzQuanBnVQZfc3RhdGVxF2NkamFuZ28uZGIubW9kZWxz\nLmJhc2UKTW9kZWxTdGF0ZQpxGCmBcRl9cRooVQZhZGRpbmdxG4lVAmRicRxVB2RlZmF1bHR1YlUG\naXNfbmV3cR2IVQp1cGRhdGVkX2F0cR5oElUKB9wMFAsABwAAAGgUhlJxH1UKcHJvbW9ibG9ja3Eg\nWAAAAABVDGltYWdlX3NlY29uZHEhWBgAAABmbG93ZXJfaW1hZ2UvaW1nLTVfNi5qcGdVC2ltYWdl\nX2ZpcnN0cSJYGAAAAGZsb3dlcl9pbWFnZS9pbWctNl8zLmpwZ1UCaWRxI4oBBlUOaXNfcmVjb21t\nZW5kZWRxJIlVC2NhdGVnb3J5X2lkcSWKAQRVBXByaWNlcSaKAuoAVQtpbWFnZV90aGlyZHEnWBgA\nAABmbG93ZXJfaW1hZ2UvaW1nLTdfNC5qcGdVC2Rlc2NyaXB0aW9ucShYNwAAANCi0LXQutGB0YLQ\nvtCy0L7QtSDQvtC/0LjRgdCw0L3QuNC1INGB0LjQvdC10Lkg0YDQvtC30Yt1YksBc3Uu\n','2013-01-03 22:15:48'),('c1a54e39198267fbda68f914059c2fc8','MjQzZDI4OTRiMTM5M2Q5ZmQ1NjlmZGVkNzJkNzZkNDA5Zjc1YjhhMzqAAn1xAS4=\n','2012-12-29 11:34:39'),('c1f4566f7c407c9d0659ee09139e68ca','N2U0NDNiZmI2NzE5MjNiNGFjMTBhMmRjYzQ5N2QwNWU1M2RjMWQ4ZjqAAn1xAVUEY2FydH1xAmNk\namFuZ28uZGIubW9kZWxzLmJhc2UKbW9kZWxfdW5waWNrbGUKcQNjY2F0YWxvZy5tb2RlbHMKRmxv\nd2VyCnEEXWNkamFuZ28uZGIubW9kZWxzLmJhc2UKc2ltcGxlX2NsYXNzX2ZhY3RvcnkKcQWHUnEG\nfXEHKFUQbWV0YV9kZXNjcmlwdGlvbnEIWAAAAABVBHNsdWdxCVgIAAAAZnJ1a3RvemFVDW1ldGFf\na2V5d29yZHNxClgAAAAAVQRuYW1lcQtYEAAAANCk0YDRg9C60YLQvtC30LBVBXRpdGxlcQxYEAAA\nANCk0YDRg9C60YLQvtC30LBVCWlzX2FjdGl2ZXENiFUKY3JlYXRlZF9hdHEOY2RhdGV0aW1lCmRh\ndGV0aW1lCnEPVQoH3AwHDCcvAAAAY2RqYW5nby51dGlscy50aW1lem9uZQpVVEMKcRApUnERhlJx\nElUMaW1hZ2VfZm91cnRocRNYAQAAADBVBl9zdGF0ZXEUY2RqYW5nby5kYi5tb2RlbHMuYmFzZQpN\nb2RlbFN0YXRlCnEVKYFxFn1xFyhVBmFkZGluZ3EYiVUCZGJxGVUHZGVmYXVsdHViVQZpc19uZXdx\nGolVCnVwZGF0ZWRfYXRxG2gPVQoH3AwHDCcvAAAAaBGGUnEcVQpwcm9tb2Jsb2NrcR1YAAAAAFUM\naW1hZ2Vfc2Vjb25kcR5YAQAAADBVC2ltYWdlX2ZpcnN0cR9YAQAAADBVAmlkcSCKAQJVDmlzX3Jl\nY29tbWVuZGVkcSGIVQtjYXRlZ29yeV9pZHEiigEPVQVwcmljZXEjigJfDVULaW1hZ2VfdGhpcmRx\nJFgBAAAAMFULZGVzY3JpcHRpb25xJVgxAAAA0KTRgNGD0LrRgtC+0LfQsCAtINGN0YLQviDQv9C+\n0LvQuNGB0LDRhdCw0YDQuNC0LnViSwFzcy4=\n','2013-01-03 17:50:13'),('c2fa8255b82542d7cb19cd73d61aff39','MjQzZDI4OTRiMTM5M2Q5ZmQ1NjlmZGVkNzJkNzZkNDA5Zjc1YjhhMzqAAn1xAS4=\n','2013-01-04 09:41:45'),('c30f53060858106bdc22ff7a480fd1c4','MjY5NmZlYjQ0ZWE3ODE2ZDMyMmRkOGI2MjM4YWZlNTc5NTMzOTJmMzqAAn1xAShVEl9hdXRoX3Vz\nZXJfYmFja2VuZHECVSlkamFuZ28uY29udHJpYi5hdXRoLmJhY2tlbmRzLk1vZGVsQmFja2VuZHED\nVQ1fYXV0aF91c2VyX2lkcQSKAQF1Lg==\n','2013-01-04 09:42:20'),('c3dfce3a79834e90879daa3bde7e20b3','MDNkZGIzYjBlNGExNzMzMGEwYTExYmNkZDgzZWUwNWRjNzQ0NDlhYTqAAn1xAShVEl9hdXRoX3Vz\nZXJfYmFja2VuZHECVSlkamFuZ28uY29udHJpYi5hdXRoLmJhY2tlbmRzLk1vZGVsQmFja2VuZHED\nVQ1fYXV0aF91c2VyX2lkcQSKAQFVBGNhcnR9cQVjZGphbmdvLmRiLm1vZGVscy5iYXNlCm1vZGVs\nX3VucGlja2xlCnEGY2NhdGFsb2cubW9kZWxzCkZsb3dlcgpxB11jZGphbmdvLmRiLm1vZGVscy5i\nYXNlCnNpbXBsZV9jbGFzc19mYWN0b3J5CnEIh1JxCX1xCihVEG1ldGFfZGVzY3JpcHRpb25xC1gA\nAAAAVQRzbHVncQxYCAAAAGdseXVrb3phVQ1tZXRhX2tleXdvcmRzcQ1YAAAAAFUEbmFtZXEOWA4A\nAADQk9C70Y7QutC+0LfQsFUFdGl0bGVxD1gOAAAA0JPQu9GO0LrQvtC30LBVCWlzX2FjdGl2ZXEQ\niFUKY3JlYXRlZF9hdHERY2RhdGV0aW1lCmRhdGV0aW1lCnESVQoH3AwJChEdAAAAY2RqYW5nby51\ndGlscy50aW1lem9uZQpVVEMKcRMpUnEUhlJxFVUMaW1hZ2VfZm91cnRocRZYGAAAAGZsb3dlcl9p\nbWFnZS9pbWctN18zLmpwZ1UGX3N0YXRlcRdjZGphbmdvLmRiLm1vZGVscy5iYXNlCk1vZGVsU3Rh\ndGUKcRgpgXEZfXEaKFUGYWRkaW5ncRuJVQJkYnEcVQdkZWZhdWx0dWJVBmlzX25ld3EdiFUKdXBk\nYXRlZF9hdHEeaBJVCgfcDA8JGjYAAABoFIZScR9VCnByb21vYmxvY2txIFgAAAAAVQxpbWFnZV9z\nZWNvbmRxIVgYAAAAZmxvd2VyX2ltYWdlL2ltZy01XzUuanBnVQtpbWFnZV9maXJzdHEiWBgAAABm\nbG93ZXJfaW1hZ2UvaW1nLTVfNC5qcGdVAmlkcSOKAQNVDmlzX3JlY29tbWVuZGVkcSSIVQtjYXRl\nZ29yeV9pZHEligEPVQVwcmljZXEmigENVQtpbWFnZV90aGlyZHEnWBgAAABmbG93ZXJfaW1hZ2Uv\naW1nLTZfMi5qcGdVC2Rlc2NyaXB0aW9ucShYMgAAANCi0LXQutGB0YLQvtCy0L7QtSDQvtC/0LjR\ngdCw0L3QuNC1INCz0LvRjtC60L7Qt9GLdWJLAnN1Lg==\n','2013-01-03 19:09:41'),('c539082d5347c32c6734c0f136c9774a','MjQzZDI4OTRiMTM5M2Q5ZmQ1NjlmZGVkNzJkNzZkNDA5Zjc1YjhhMzqAAn1xAS4=\n','2013-01-03 20:14:13'),('c5483557bbcb69c7e6a9db150d8f8bba','MjQzZDI4OTRiMTM5M2Q5ZmQ1NjlmZGVkNzJkNzZkNDA5Zjc1YjhhMzqAAn1xAS4=\n','2013-01-04 09:42:21'),('c7aba8ac37a2fc37f3e96696489a4997','MjQzZDI4OTRiMTM5M2Q5ZmQ1NjlmZGVkNzJkNzZkNDA5Zjc1YjhhMzqAAn1xAS4=\n','2013-01-04 09:34:40'),('c80db87cff923bbc050f1494e10ec9db','MjY5NmZlYjQ0ZWE3ODE2ZDMyMmRkOGI2MjM4YWZlNTc5NTMzOTJmMzqAAn1xAShVEl9hdXRoX3Vz\nZXJfYmFja2VuZHECVSlkamFuZ28uY29udHJpYi5hdXRoLmJhY2tlbmRzLk1vZGVsQmFja2VuZHED\nVQ1fYXV0aF91c2VyX2lkcQSKAQF1Lg==\n','2013-01-03 20:47:35'),('cb5fceb59fdf6433a449b16305df8c19','MjQzZDI4OTRiMTM5M2Q5ZmQ1NjlmZGVkNzJkNzZkNDA5Zjc1YjhhMzqAAn1xAS4=\n','2013-01-04 09:37:33'),('cbf3d7af18c43b514f30d6fc9cb6572c','MjQzZDI4OTRiMTM5M2Q5ZmQ1NjlmZGVkNzJkNzZkNDA5Zjc1YjhhMzqAAn1xAS4=\n','2013-01-03 20:47:47'),('cc2bf3fc740fdab4b256d7d33538a954','N2M5NjBjMTgzYjQ3ZDI1Y2E5ZGM0MWY4ZmRjMmI4ODYxZmJhMDU4MzqAAn1xAVUEY2FydH1xAmNk\namFuZ28uZGIubW9kZWxzLmJhc2UKbW9kZWxfdW5waWNrbGUKcQNjY2F0YWxvZy5tb2RlbHMKRmxv\nd2VyCnEEXWNkamFuZ28uZGIubW9kZWxzLmJhc2UKc2ltcGxlX2NsYXNzX2ZhY3RvcnkKcQWHUnEG\nfXEHKFUQbWV0YV9kZXNjcmlwdGlvbnEIWAAAAABVBHNsdWdxCVgaAAAAdGVzdG92eWotY3ZldG9r\nLW5vbWVyLW9kaW5VDW1ldGFfa2V5d29yZHNxClgAAAAAVQRuYW1lcQtYMQAAANCi0LXRgdGC0L7Q\nstGL0Lkg0YbQstC10YLQvtC6INC90L7QvNC10YAg0L7QtNC40L1VBXRpdGxlcQxYAAAAAFUJaXNf\nYWN0aXZlcQ2IVQpjcmVhdGVkX2F0cQ5jZGF0ZXRpbWUKZGF0ZXRpbWUKcQ9VCgfcDBQLARYAAABj\nZGphbmdvLnV0aWxzLnRpbWV6b25lClVUQwpxEClScRGGUnESVQZfc3RhdGVxE2NkamFuZ28uZGIu\nbW9kZWxzLmJhc2UKTW9kZWxTdGF0ZQpxFCmBcRV9cRYoVQZhZGRpbmdxF4lVAmRicRhVB2RlZmF1\nbHR1YlUGaXNfbmV3cRmIVQp1cGRhdGVkX2F0cRpoD1UKB9wMGAswGgAAAGgRhlJxG1UKcHJvbW9i\nbG9ja3EcWBUAAADQotGD0YIg0LrQvtC90YLQtdC90YJVAmlkcR2KAQdVDmlzX3JlY29tbWVuZGVk\ncR6IVQtjYXRlZ29yeV9pZHEfigEDVQVwcmljZXEgigEUVQtkZXNjcmlwdGlvbnEhWEQAAADQotC1\n0LrRgdGC0L7QstC+0LUg0L7Qv9C40YHQsNC90LjQtSDRhtCy0LXRgtC60LAg0L3QvtC80LXRgCDQ\nvtC00LjQvXViSwNzcy4=\n','2013-01-09 18:50:44'),('cdea0d768a20b078f38398d443f3b4b6','M2JkMjI5YTM3MmVlMDlkMDBhNzQ3NTFlMDZiMGU1ZDY4NGM0OWY2MTqAAn1xAShVEl9hdXRoX3Vz\nZXJfYmFja2VuZHECVSlkamFuZ28uY29udHJpYi5hdXRoLmJhY2tlbmRzLk1vZGVsQmFja2VuZHED\nVQ1fYXV0aF91c2VyX2lkcQSKAQtVBGNhcnR9cQVjZGphbmdvLmRiLm1vZGVscy5iYXNlCm1vZGVs\nX3VucGlja2xlCnEGY2NhdGFsb2cubW9kZWxzCkZsb3dlcgpxB11jZGphbmdvLmRiLm1vZGVscy5i\nYXNlCnNpbXBsZV9jbGFzc19mYWN0b3J5CnEIh1JxCX1xCihVEG1ldGFfZGVzY3JpcHRpb25xC1gA\nAAAAVQRzbHVncQxYDAAAAHNpbnlheWEtcm96YVUNbWV0YV9rZXl3b3Jkc3ENWBMAAADQodC40L3R\nj9GPINGA0L7Qt9CwVQRuYW1lcQ5YEwAAANCh0LjQvdGP0Y8g0YDQvtC30LBVBXRpdGxlcQ9YAAAA\nAFUJaXNfYWN0aXZlcRCIVQpjcmVhdGVkX2F0cRFjZGF0ZXRpbWUKZGF0ZXRpbWUKcRJVCgfcDAkK\nFBsAAABjZGphbmdvLnV0aWxzLnRpbWV6b25lClVUQwpxEylScRSGUnEVVQxpbWFnZV9mb3VydGhx\nFlgYAAAAZmxvd2VyX2ltYWdlL2ltZy0xXzQuanBnVQZfc3RhdGVxF2NkamFuZ28uZGIubW9kZWxz\nLmJhc2UKTW9kZWxTdGF0ZQpxGCmBcRl9cRooVQZhZGRpbmdxG4lVAmRicRxVB2RlZmF1bHR1YlUG\naXNfbmV3cR2IVQp1cGRhdGVkX2F0cR5oElUKB9wMFAsABwAAAGgUhlJxH1UKcHJvbW9ibG9ja3Eg\nWAAAAABVDGltYWdlX3NlY29uZHEhWBgAAABmbG93ZXJfaW1hZ2UvaW1nLTVfNi5qcGdVC2ltYWdl\nX2ZpcnN0cSJYGAAAAGZsb3dlcl9pbWFnZS9pbWctNl8zLmpwZ1UCaWRxI4oBBlUOaXNfcmVjb21t\nZW5kZWRxJIlVC2NhdGVnb3J5X2lkcSWKAQRVBXByaWNlcSaKAuoAVQtpbWFnZV90aGlyZHEnWBgA\nAABmbG93ZXJfaW1hZ2UvaW1nLTdfNC5qcGdVC2Rlc2NyaXB0aW9ucShYNwAAANCi0LXQutGB0YLQ\nvtCy0L7QtSDQvtC/0LjRgdCw0L3QuNC1INGB0LjQvdC10Lkg0YDQvtC30Yt1YksGc3Uu\n','2013-01-03 19:31:23'),('d0d5e481839ea68e12c375b2ce69cbe5','NTY2MGI0ZDNlNzdiNTYwYTM5YWExZjc3NWM5NGM0ZTJiZjc4MzgyMzqAAn1xAShVBGNhcnR9cQJj\nZGphbmdvLmRiLm1vZGVscy5iYXNlCm1vZGVsX3VucGlja2xlCnEDY2NhdGFsb2cubW9kZWxzCkZs\nb3dlcgpxBF1jZGphbmdvLmRiLm1vZGVscy5iYXNlCnNpbXBsZV9jbGFzc19mYWN0b3J5CnEFh1Jx\nBn1xByhVEG1ldGFfZGVzY3JpcHRpb25xCFgAAAAAVQRzbHVncQlYCAAAAGdseXVrb3phVQ1tZXRh\nX2tleXdvcmRzcQpYAAAAAFUEbmFtZXELWA4AAADQk9C70Y7QutC+0LfQsFUFdGl0bGVxDFgOAAAA\n0JPQu9GO0LrQvtC30LBVCWlzX2FjdGl2ZXENiFUKY3JlYXRlZF9hdHEOY2RhdGV0aW1lCmRhdGV0\naW1lCnEPVQoH3AwJChEdAAAAY2RqYW5nby51dGlscy50aW1lem9uZQpVVEMKcRApUnERhlJxElUM\naW1hZ2VfZm91cnRocRNYGAAAAGZsb3dlcl9pbWFnZS9pbWctN18zLmpwZ1UGX3N0YXRlcRRjZGph\nbmdvLmRiLm1vZGVscy5iYXNlCk1vZGVsU3RhdGUKcRUpgXEWfXEXKFUGYWRkaW5ncRiJVQJkYnEZ\nVQdkZWZhdWx0dWJVBmlzX25ld3EaiFUKdXBkYXRlZF9hdHEbaA9VCgfcDA8JGjYAAABoEYZScRxV\nCnByb21vYmxvY2txHVgAAAAAVQxpbWFnZV9zZWNvbmRxHlgYAAAAZmxvd2VyX2ltYWdlL2ltZy01\nXzUuanBnVQtpbWFnZV9maXJzdHEfWBgAAABmbG93ZXJfaW1hZ2UvaW1nLTVfNC5qcGdVAmlkcSCK\nAQNVDmlzX3JlY29tbWVuZGVkcSGIVQtjYXRlZ29yeV9pZHEiigEPVQVwcmljZXEjigENVQtpbWFn\nZV90aGlyZHEkWBgAAABmbG93ZXJfaW1hZ2UvaW1nLTZfMi5qcGdVC2Rlc2NyaXB0aW9ucSVYMgAA\nANCi0LXQutGB0YLQvtCy0L7QtSDQvtC/0LjRgdCw0L3QuNC1INCz0LvRjtC60L7Qt9GLdWJLAXNV\nA2xwcEsBdS4=\n','2013-01-03 17:10:05'),('d301d1b900b751714d7c849f99b7b2e8','MjY5NmZlYjQ0ZWE3ODE2ZDMyMmRkOGI2MjM4YWZlNTc5NTMzOTJmMzqAAn1xAShVEl9hdXRoX3Vz\nZXJfYmFja2VuZHECVSlkamFuZ28uY29udHJpYi5hdXRoLmJhY2tlbmRzLk1vZGVsQmFja2VuZHED\nVQ1fYXV0aF91c2VyX2lkcQSKAQF1Lg==\n','2013-01-03 18:39:17'),('d33a633295d0fdecef0356410134c5c5','ZWE4YjUzZTJlNDZmY2NjNWM2MmFlODM5YmVjMjI3YmEwNzg5YzgxYjqAAn1xAShVEl9hdXRoX3Vz\nZXJfYmFja2VuZHECVSlkamFuZ28uY29udHJpYi5hdXRoLmJhY2tlbmRzLk1vZGVsQmFja2VuZHED\nVQ1fYXV0aF91c2VyX2lkcQSKAQFVBGNhcnR9cQUoY2RqYW5nby5kYi5tb2RlbHMuYmFzZQptb2Rl\nbF91bnBpY2tsZQpxBmNjYXRhbG9nLm1vZGVscwpGbG93ZXIKcQddY2RqYW5nby5kYi5tb2RlbHMu\nYmFzZQpzaW1wbGVfY2xhc3NfZmFjdG9yeQpxCIdScQl9cQooVRBtZXRhX2Rlc2NyaXB0aW9ucQtY\nAAAAAFUEc2x1Z3EMWA0AAABjaGVybmF5YS1yb3phVQ1tZXRhX2tleXdvcmRzcQ1YFQAAANCn0LXR\ngNC90LDRjyDRgNC+0LfQsFUEbmFtZXEOWBUAAADQp9C10YDQvdCw0Y8g0YDQvtC30LBVBXRpdGxl\ncQ9YAAAAAFUJaXNfYWN0aXZlcRCIVQpjcmVhdGVkX2F0cRFjZGF0ZXRpbWUKZGF0ZXRpbWUKcRJV\nCgfcDAkKEx0AAABjZGphbmdvLnV0aWxzLnRpbWV6b25lClVUQwpxEylScRSGUnEVVQxpbWFnZV9m\nb3VydGhxFlgBAAAAMFUGX3N0YXRlcRdjZGphbmdvLmRiLm1vZGVscy5iYXNlCk1vZGVsU3RhdGUK\ncRgpgXEZfXEaKFUGYWRkaW5ncRuJVQJkYnEcVQdkZWZhdWx0dWJVBmlzX25ld3EdiFUKdXBkYXRl\nZF9hdHEeaBJVCgfcDAkKEx0AAABoFIZScR9VCnByb21vYmxvY2txIFgAAAAAVQxpbWFnZV9zZWNv\nbmRxIVgBAAAAMFULaW1hZ2VfZmlyc3RxIlgBAAAAMFUCaWRxI4oBBVUOaXNfcmVjb21tZW5kZWRx\nJIlVC2NhdGVnb3J5X2lkcSWKAQRVBXByaWNlcSaKAlkBVQtpbWFnZV90aGlyZHEnWAEAAAAwVQtk\nZXNjcmlwdGlvbnEoWDkAAADQotC10LrRgdGC0L7QstC+0LUg0L7Qv9C40YHQsNC90LjQtSDRh9C1\n0YDQvdC+0Lkg0YDQvtC30Yt1YksBaAZoB11oCIdScSl9cSooaAtYAAAAAGgMWAwAAABzaW55YXlh\nLXJvemFoDVgTAAAA0KHQuNC90Y/RjyDRgNC+0LfQsGgOWBMAAADQodC40L3Rj9GPINGA0L7Qt9Cw\naA9YAAAAAGgQiGgRaBJVCgfcDAkKFBsAAABoEylScSuGUnEsaBZYGAAAAGZsb3dlcl9pbWFnZS9p\nbWctMV80LmpwZ2gXaBgpgXEtfXEuKGgbiWgcVQdkZWZhdWx0dWJoHYhoHmgSVQoH3AwUCwAHAAAA\naCuGUnEvaCBYAAAAAGghWBgAAABmbG93ZXJfaW1hZ2UvaW1nLTVfNi5qcGdoIlgYAAAAZmxvd2Vy\nX2ltYWdlL2ltZy02XzMuanBnaCOKAQZoJIloJYoBBGgmigLqAGgnWBgAAABmbG93ZXJfaW1hZ2Uv\naW1nLTdfNC5qcGdoKFg3AAAA0KLQtdC60YHRgtC+0LLQvtC1INC+0L/QuNGB0LDQvdC40LUg0YHQ\nuNC90LXQuSDRgNC+0LfRi3ViSwN1dS4=\n','2013-01-03 20:02:08'),('d3b637156277cdef46382caac3fd306a','MjQzZDI4OTRiMTM5M2Q5ZmQ1NjlmZGVkNzJkNzZkNDA5Zjc1YjhhMzqAAn1xAS4=\n','2013-01-03 22:15:48'),('d4c4a6beb7eb9288845cd5c5fcd80f0f','MjQzZDI4OTRiMTM5M2Q5ZmQ1NjlmZGVkNzJkNzZkNDA5Zjc1YjhhMzqAAn1xAS4=\n','2013-01-03 20:02:33'),('d5e2c25c0ff0bd889fc32b544dd33582','ZDViMzEyZmQ1N2M5YTdmOGEzYmUwYTEwY2NlYzA2MGU3ZjAwMDhhMjqAAn1xAShVEl9hdXRoX3Vz\nZXJfYmFja2VuZHECVSlkamFuZ28uY29udHJpYi5hdXRoLmJhY2tlbmRzLk1vZGVsQmFja2VuZHED\nVQ1fYXV0aF91c2VyX2lkcQSKARJVBGNhcnR9cQVjZGphbmdvLmRiLm1vZGVscy5iYXNlCm1vZGVs\nX3VucGlja2xlCnEGY2NhdGFsb2cubW9kZWxzCkZsb3dlcgpxB11jZGphbmdvLmRiLm1vZGVscy5i\nYXNlCnNpbXBsZV9jbGFzc19mYWN0b3J5CnEIh1JxCX1xCihVEG1ldGFfZGVzY3JpcHRpb25xC1gA\nAAAAVQRzbHVncQxYGgAAAHRlc3RvdnlqLWN2ZXRvay1ub21lci1vZGluVQ1tZXRhX2tleXdvcmRz\ncQ1YAAAAAFUEbmFtZXEOWDEAAADQotC10YHRgtC+0LLRi9C5INGG0LLQtdGC0L7QuiDQvdC+0LzQ\ntdGAINC+0LTQuNC9VQV0aXRsZXEPWAAAAABVCWlzX2FjdGl2ZXEQiFUKY3JlYXRlZF9hdHERY2Rh\ndGV0aW1lCmRhdGV0aW1lCnESVQoH3AwUCwEWAAAAY2RqYW5nby51dGlscy50aW1lem9uZQpVVEMK\ncRMpUnEUhlJxFVUMaW1hZ2VfZm91cnRocRZYGAAAAGZsb3dlcl9pbWFnZS9pbWctNV83LmpwZ1UG\nX3N0YXRlcRdjZGphbmdvLmRiLm1vZGVscy5iYXNlCk1vZGVsU3RhdGUKcRgpgXEZfXEaKFUGYWRk\naW5ncRuJVQJkYnEcVQdkZWZhdWx0dWJVBmlzX25ld3EdiFUKdXBkYXRlZF9hdHEeaBJVCgfcDBQL\nARYAAABoFIZScR9VCnByb21vYmxvY2txIFgVAAAA0KLRg9GCINC60L7QvdGC0LXQvdGCVQxpbWFn\nZV9zZWNvbmRxIVgYAAAAZmxvd2VyX2ltYWdlL2ltZy0yXzQuanBnVQtpbWFnZV9maXJzdHEiWBgA\nAABmbG93ZXJfaW1hZ2UvaW1nLTFfNS5qcGdVAmlkcSOKAQdVDmlzX3JlY29tbWVuZGVkcSSIVQtj\nYXRlZ29yeV9pZHEligEDVQVwcmljZXEmigEUVQtpbWFnZV90aGlyZHEnWBgAAABmbG93ZXJfaW1h\nZ2UvaW1nLTNfNS5qcGdVC2Rlc2NyaXB0aW9ucShYRAAAANCi0LXQutGB0YLQvtCy0L7QtSDQvtC/\n0LjRgdCw0L3QuNC1INGG0LLQtdGC0LrQsCDQvdC+0LzQtdGAINC+0LTQuNC9dWJLBnNVA2xwcEsB\ndS4=\n','2013-01-06 20:01:05'),('d5f0075102dc90569d65f235c17e9bce','MTZhZDVhMTIwODNjMDVkM2NiNTc0NDU4OGM1ZjYxYjdmNThlMzUwNzqAAn1xAShVEl9hdXRoX3Vz\nZXJfYmFja2VuZHECVSlkamFuZ28uY29udHJpYi5hdXRoLmJhY2tlbmRzLk1vZGVsQmFja2VuZHED\nVQ1fYXV0aF91c2VyX2lkcQSKAQFVBGNhcnR9cQVjZGphbmdvLmRiLm1vZGVscy5iYXNlCm1vZGVs\nX3VucGlja2xlCnEGY2NhdGFsb2cubW9kZWxzCkZsb3dlcgpxB11jZGphbmdvLmRiLm1vZGVscy5i\nYXNlCnNpbXBsZV9jbGFzc19mYWN0b3J5CnEIh1JxCX1xCihVEG1ldGFfZGVzY3JpcHRpb25xC1gA\nAAAAVQRzbHVncQxYGgAAAHRlc3RvdnlqLWN2ZXRvay1ub21lci1vZGluVQ1tZXRhX2tleXdvcmRz\ncQ1YAAAAAFUEbmFtZXEOWDEAAADQotC10YHRgtC+0LLRi9C5INGG0LLQtdGC0L7QuiDQvdC+0LzQ\ntdGAINC+0LTQuNC9VQV0aXRsZXEPWAAAAABVCWlzX2FjdGl2ZXEQiFUKY3JlYXRlZF9hdHERY2Rh\ndGV0aW1lCmRhdGV0aW1lCnESVQoH3AwUCwEWAAAAY2RqYW5nby51dGlscy50aW1lem9uZQpVVEMK\ncRMpUnEUhlJxFVUMaW1hZ2VfZm91cnRocRZYGAAAAGZsb3dlcl9pbWFnZS9pbWctNV83LmpwZ1UG\nX3N0YXRlcRdjZGphbmdvLmRiLm1vZGVscy5iYXNlCk1vZGVsU3RhdGUKcRgpgXEZfXEaKFUGYWRk\naW5ncRuJVQJkYnEcVQdkZWZhdWx0dWJVBmlzX25ld3EdiFUKdXBkYXRlZF9hdHEeaBJVCgfcDBQL\nARYAAABoFIZScR9VCnByb21vYmxvY2txIFgVAAAA0KLRg9GCINC60L7QvdGC0LXQvdGCVQxpbWFn\nZV9zZWNvbmRxIVgYAAAAZmxvd2VyX2ltYWdlL2ltZy0yXzQuanBnVQtpbWFnZV9maXJzdHEiWBgA\nAABmbG93ZXJfaW1hZ2UvaW1nLTFfNS5qcGdVAmlkcSOKAQdVDmlzX3JlY29tbWVuZGVkcSSIVQtj\nYXRlZ29yeV9pZHEligEDVQVwcmljZXEmigEUVQtpbWFnZV90aGlyZHEnWBgAAABmbG93ZXJfaW1h\nZ2UvaW1nLTNfNS5qcGdVC2Rlc2NyaXB0aW9ucShYRAAAANCi0LXQutGB0YLQvtCy0L7QtSDQvtC/\n0LjRgdCw0L3QuNC1INGG0LLQtdGC0LrQsCDQvdC+0LzQtdGAINC+0LTQuNC9dWJLA3NVA2xwcEsB\ndS4=\n','2013-01-03 20:39:27'),('d80bcdf2d67d1190cf4e37a65725ca96','ZWFiYWQxNjBlNzI0Nzk3NjU2NmFmNzkyYzNlZGVkNmZiZTFjOTIyMDqAAn1xAShVEl9hdXRoX3Vz\nZXJfYmFja2VuZHECVSlkamFuZ28uY29udHJpYi5hdXRoLmJhY2tlbmRzLk1vZGVsQmFja2VuZHED\nVQ1fYXV0aF91c2VyX2lkcQSKAQtVBGNhcnR9cQUoY2RqYW5nby5kYi5tb2RlbHMuYmFzZQptb2Rl\nbF91bnBpY2tsZQpxBmNjYXRhbG9nLm1vZGVscwpGbG93ZXIKcQddY2RqYW5nby5kYi5tb2RlbHMu\nYmFzZQpzaW1wbGVfY2xhc3NfZmFjdG9yeQpxCIdScQl9cQooVRBtZXRhX2Rlc2NyaXB0aW9ucQtY\nAAAAAFUEc2x1Z3EMWA0AAABrcmFzbmF5YS1yb3phVQ1tZXRhX2tleXdvcmRzcQ1YAAAAAFUEbmFt\nZXEOWBcAAADQmtGA0LDRgdC90LDRjyDRgNC+0LfQsFUFdGl0bGVxD1gXAAAA0JrRgNCw0YHQvdCw\n0Y8g0YDQvtC30LBVCWlzX2FjdGl2ZXEQiFUKY3JlYXRlZF9hdHERY2RhdGV0aW1lCmRhdGV0aW1l\nCnESVQoH3AwJChIwAAAAY2RqYW5nby51dGlscy50aW1lem9uZQpVVEMKcRMpUnEUhlJxFVUMaW1h\nZ2VfZm91cnRocRZYAQAAADBVBl9zdGF0ZXEXY2RqYW5nby5kYi5tb2RlbHMuYmFzZQpNb2RlbFN0\nYXRlCnEYKYFxGX1xGihVBmFkZGluZ3EbiVUCZGJxHFUHZGVmYXVsdHViVQZpc19uZXdxHYlVCnVw\nZGF0ZWRfYXRxHmgSVQoH3AwJChIwAAAAaBSGUnEfVQpwcm9tb2Jsb2NrcSBYAAAAAFUMaW1hZ2Vf\nc2Vjb25kcSFYAQAAADBVC2ltYWdlX2ZpcnN0cSJYAQAAADBVAmlkcSOKAQRVDmlzX3JlY29tbWVu\nZGVkcSSIVQtjYXRlZ29yeV9pZHEligEEVQVwcmljZXEmigJZAVULaW1hZ2VfdGhpcmRxJ1gBAAAA\nMFULZGVzY3JpcHRpb25xKFg7AAAA0KLQtdC60YHRgtC+0LLQvtC1INC+0L/QuNGB0LDQvdC40LUg\n0LrRgNCw0YHQvdC+0Lkg0YDQvtC30Yt1YksBaAZoB11oCIdScSl9cSooaAtYAAAAAGgMWA0AAABj\naGVybmF5YS1yb3phaA1YFQAAANCn0LXRgNC90LDRjyDRgNC+0LfQsGgOWBUAAADQp9C10YDQvdCw\n0Y8g0YDQvtC30LBoD1gAAAAAaBCIaBFoElUKB9wMCQoTHQAAAGgTKVJxK4ZScSxoFlgBAAAAMGgX\naBgpgXEtfXEuKGgbiWgcVQdkZWZhdWx0dWJoHYhoHmgSVQoH3AwJChMdAAAAaCuGUnEvaCBYAAAA\nAGghWAEAAAAwaCJYAQAAADBoI4oBBWgkiWgligEEaCaKAlkBaCdYAQAAADBoKFg5AAAA0KLQtdC6\n0YHRgtC+0LLQvtC1INC+0L/QuNGB0LDQvdC40LUg0YfQtdGA0L3QvtC5INGA0L7Qt9GLdWJLA2gG\naAddaAiHUnEwfXExKGgLWAAAAABoDFgMAAAAc2lueWF5YS1yb3phaA1YEwAAANCh0LjQvdGP0Y8g\n0YDQvtC30LBoDlgTAAAA0KHQuNC90Y/RjyDRgNC+0LfQsGgPWAAAAABoEIhoEWgSVQoH3AwJChQb\nAAAAaBMpUnEyhlJxM2gWWBgAAABmbG93ZXJfaW1hZ2UvaW1nLTFfNC5qcGdoF2gYKYFxNH1xNSho\nG4loHFUHZGVmYXVsdHViaB2IaB5oElUKB9wMFAsABwAAAGgyhlJxNmggWAAAAABoIVgYAAAAZmxv\nd2VyX2ltYWdlL2ltZy01XzYuanBnaCJYGAAAAGZsb3dlcl9pbWFnZS9pbWctNl8zLmpwZ2gjigEG\naCSJaCWKAQRoJooC6gBoJ1gYAAAAZmxvd2VyX2ltYWdlL2ltZy03XzQuanBnaChYNwAAANCi0LXQ\nutGB0YLQvtCy0L7QtSDQvtC/0LjRgdCw0L3QuNC1INGB0LjQvdC10Lkg0YDQvtC30Yt1YksBdXUu\n','2013-01-03 19:37:03'),('d8549e81ad885631664e62ed5dfba1d8','MjQzZDI4OTRiMTM5M2Q5ZmQ1NjlmZGVkNzJkNzZkNDA5Zjc1YjhhMzqAAn1xAS4=\n','2013-01-03 19:26:07'),('dab210ad23804ed6953a601bf91b1866','MjQzZDI4OTRiMTM5M2Q5ZmQ1NjlmZGVkNzJkNzZkNDA5Zjc1YjhhMzqAAn1xAS4=\n','2013-01-03 20:42:59'),('db8b520d92d5214ebe196058160b5611','MjQzZDI4OTRiMTM5M2Q5ZmQ1NjlmZGVkNzJkNzZkNDA5Zjc1YjhhMzqAAn1xAS4=\n','2013-01-04 09:37:33'),('ddf8ead24192554bd0bf40783081bf7a','MjQzZDI4OTRiMTM5M2Q5ZmQ1NjlmZGVkNzJkNzZkNDA5Zjc1YjhhMzqAAn1xAS4=\n','2013-01-03 19:24:55'),('e13742110894f2de205c05b43a5f248f','MjQzZDI4OTRiMTM5M2Q5ZmQ1NjlmZGVkNzJkNzZkNDA5Zjc1YjhhMzqAAn1xAS4=\n','2013-01-03 20:02:33'),('e13d51dc59048d6ebc7eaff534371d2c','MjQzZDI4OTRiMTM5M2Q5ZmQ1NjlmZGVkNzJkNzZkNDA5Zjc1YjhhMzqAAn1xAS4=\n','2013-01-03 20:08:56'),('e1ee0d409ce660156855a90cb693be49','MjQzZDI4OTRiMTM5M2Q5ZmQ1NjlmZGVkNzJkNzZkNDA5Zjc1YjhhMzqAAn1xAS4=\n','2013-01-03 19:24:28'),('e30c930456d7900653f429042bd86c13','OTYwZGViNjRkZDIzZmQxNGUwNmE4MjgwNDA2ZTUwZGJhMWI1NWM0MDqAAn1xAShVEl9hdXRoX3Vz\nZXJfYmFja2VuZHECVSlkamFuZ28uY29udHJpYi5hdXRoLmJhY2tlbmRzLk1vZGVsQmFja2VuZHED\nVQ1fYXV0aF91c2VyX2lkcQSKAQFVBGNhcnR9cQVjZGphbmdvLmRiLm1vZGVscy5iYXNlCm1vZGVs\nX3VucGlja2xlCnEGY2NhdGFsb2cubW9kZWxzCkZsb3dlcgpxB11jZGphbmdvLmRiLm1vZGVscy5i\nYXNlCnNpbXBsZV9jbGFzc19mYWN0b3J5CnEIh1JxCX1xCihVEG1ldGFfZGVzY3JpcHRpb25xC1gA\nAAAAVQRzbHVncQxYDQAAAGNoZXJuYXlhLXJvemFVDW1ldGFfa2V5d29yZHNxDVgVAAAA0KfQtdGA\n0L3QsNGPINGA0L7Qt9CwVQRuYW1lcQ5YFQAAANCn0LXRgNC90LDRjyDRgNC+0LfQsFUFdGl0bGVx\nD1gAAAAAVQlpc19hY3RpdmVxEIhVCmNyZWF0ZWRfYXRxEWNkYXRldGltZQpkYXRldGltZQpxElUK\nB9wMCQoTHQAAAGNkamFuZ28udXRpbHMudGltZXpvbmUKVVRDCnETKVJxFIZScRVVDGltYWdlX2Zv\ndXJ0aHEWWAEAAAAwVQZfc3RhdGVxF2NkamFuZ28uZGIubW9kZWxzLmJhc2UKTW9kZWxTdGF0ZQpx\nGCmBcRl9cRooVQZhZGRpbmdxG4lVAmRicRxVB2RlZmF1bHR1YlUGaXNfbmV3cR2IVQp1cGRhdGVk\nX2F0cR5oElUKB9wMCQoTHQAAAGgUhlJxH1UKcHJvbW9ibG9ja3EgWAAAAABVDGltYWdlX3NlY29u\nZHEhWAEAAAAwVQtpbWFnZV9maXJzdHEiWAEAAAAwVQJpZHEjigEFVQ5pc19yZWNvbW1lbmRlZHEk\niVULY2F0ZWdvcnlfaWRxJYoBBFUFcHJpY2VxJooCWQFVC2ltYWdlX3RoaXJkcSdYAQAAADBVC2Rl\nc2NyaXB0aW9ucShYOQAAANCi0LXQutGB0YLQvtCy0L7QtSDQvtC/0LjRgdCw0L3QuNC1INGH0LXR\ngNC90L7QuSDRgNC+0LfRi3ViSwFzdS4=\n','2013-01-03 20:43:22'),('e4270a45ecbe58c8d653e3d3e217b7f9','MjQzZDI4OTRiMTM5M2Q5ZmQ1NjlmZGVkNzJkNzZkNDA5Zjc1YjhhMzqAAn1xAS4=\n','2013-01-03 21:44:27'),('e69885d2cfc4b98963adfe02372c59ef','MjQzZDI4OTRiMTM5M2Q5ZmQ1NjlmZGVkNzJkNzZkNDA5Zjc1YjhhMzqAAn1xAS4=\n','2013-01-04 09:37:33'),('e6dbae6d8b4c4b0daf9c7b0ab356f7ee','MjQzZDI4OTRiMTM5M2Q5ZmQ1NjlmZGVkNzJkNzZkNDA5Zjc1YjhhMzqAAn1xAS4=\n','2013-01-03 18:21:24'),('e763e6b533ef77c4e9a18ebac820fc0e','ZTZlZjMwYjg1MzRiYmVkMmUxNjgxMzI0MDRmMDYyOWQyMTEyM2M2NjqAAn1xAShVEl9hdXRoX3Vz\nZXJfYmFja2VuZHECVSlkamFuZ28uY29udHJpYi5hdXRoLmJhY2tlbmRzLk1vZGVsQmFja2VuZHED\nVQ1fYXV0aF91c2VyX2lkcQSKAQFVBGNhcnR9cQUoY2RqYW5nby5kYi5tb2RlbHMuYmFzZQptb2Rl\nbF91bnBpY2tsZQpxBmNjYXRhbG9nLm1vZGVscwpGbG93ZXIKcQddY2RqYW5nby5kYi5tb2RlbHMu\nYmFzZQpzaW1wbGVfY2xhc3NfZmFjdG9yeQpxCIdScQl9cQooVRBtZXRhX2Rlc2NyaXB0aW9ucQtY\nAAAAAFUEc2x1Z3EMWA0AAABjaGVybmF5YS1yb3phVQ1tZXRhX2tleXdvcmRzcQ1YFQAAANCn0LXR\ngNC90LDRjyDRgNC+0LfQsFUEbmFtZXEOWBUAAADQp9C10YDQvdCw0Y8g0YDQvtC30LBVBXRpdGxl\ncQ9YAAAAAFUJaXNfYWN0aXZlcRCIVQpjcmVhdGVkX2F0cRFjZGF0ZXRpbWUKZGF0ZXRpbWUKcRJV\nCgfcDAkKEx0AAABjZGphbmdvLnV0aWxzLnRpbWV6b25lClVUQwpxEylScRSGUnEVVQxpbWFnZV9m\nb3VydGhxFlgBAAAAMFUGX3N0YXRlcRdjZGphbmdvLmRiLm1vZGVscy5iYXNlCk1vZGVsU3RhdGUK\ncRgpgXEZfXEaKFUGYWRkaW5ncRuJVQJkYnEcVQdkZWZhdWx0dWJVBmlzX25ld3EdiFUKdXBkYXRl\nZF9hdHEeaBJVCgfcDAkKEx0AAABoFIZScR9VCnByb21vYmxvY2txIFgAAAAAVQxpbWFnZV9zZWNv\nbmRxIVgBAAAAMFULaW1hZ2VfZmlyc3RxIlgBAAAAMFUCaWRxI4oBBVUOaXNfcmVjb21tZW5kZWRx\nJIlVC2NhdGVnb3J5X2lkcSWKAQRVBXByaWNlcSaKAlkBVQtpbWFnZV90aGlyZHEnWAEAAAAwVQtk\nZXNjcmlwdGlvbnEoWDkAAADQotC10LrRgdGC0L7QstC+0LUg0L7Qv9C40YHQsNC90LjQtSDRh9C1\n0YDQvdC+0Lkg0YDQvtC30Yt1YksBaAZoB11oCIdScSl9cSooaAtYAAAAAGgMWAwAAABzaW55YXlh\nLXJvemFoDVgTAAAA0KHQuNC90Y/RjyDRgNC+0LfQsGgOWBMAAADQodC40L3Rj9GPINGA0L7Qt9Cw\naA9YAAAAAGgQiGgRaBJVCgfcDAkKFBsAAABoEylScSuGUnEsaBZYGAAAAGZsb3dlcl9pbWFnZS9p\nbWctMV80LmpwZ2gXaBgpgXEtfXEuKGgbiWgcVQdkZWZhdWx0dWJoHYhoHmgSVQoH3AwUCwAHAAAA\naCuGUnEvaCBYAAAAAGghWBgAAABmbG93ZXJfaW1hZ2UvaW1nLTVfNi5qcGdoIlgYAAAAZmxvd2Vy\nX2ltYWdlL2ltZy02XzMuanBnaCOKAQZoJIloJYoBBGgmigLqAGgnWBgAAABmbG93ZXJfaW1hZ2Uv\naW1nLTdfNC5qcGdoKFg3AAAA0KLQtdC60YHRgtC+0LLQvtC1INC+0L/QuNGB0LDQvdC40LUg0YHQ\nuNC90LXQuSDRgNC+0LfRi3ViSwh1dS4=\n','2013-01-03 18:47:46'),('e8432dc05a831d6eea4a4ae195bef8e7','MjZlNDliYjg0NjM1NjMzZGYxYzY0N2M3YzBmMmI5OGMyM2JmMDY5MTqAAn1xAVUEY2FydH1xAihj\nZGphbmdvLmRiLm1vZGVscy5iYXNlCm1vZGVsX3VucGlja2xlCnEDY2NhdGFsb2cubW9kZWxzCkZs\nb3dlcgpxBF1jZGphbmdvLmRiLm1vZGVscy5iYXNlCnNpbXBsZV9jbGFzc19mYWN0b3J5CnEFh1Jx\nBn1xByhVEG1ldGFfZGVzY3JpcHRpb25xCFgAAAAAVQRzbHVncQlYCAAAAGdseXVrb3phVQ1tZXRh\nX2tleXdvcmRzcQpYAAAAAFUEbmFtZXELWA4AAADQk9C70Y7QutC+0LfQsFUFdGl0bGVxDFgOAAAA\n0JPQu9GO0LrQvtC30LBVCWlzX2FjdGl2ZXENiFUKY3JlYXRlZF9hdHEOY2RhdGV0aW1lCmRhdGV0\naW1lCnEPVQoH3AwJChEdAAAAY2RqYW5nby51dGlscy50aW1lem9uZQpVVEMKcRApUnERhlJxElUM\naW1hZ2VfZm91cnRocRNYGAAAAGZsb3dlcl9pbWFnZS9pbWctN18zLmpwZ1UGX3N0YXRlcRRjZGph\nbmdvLmRiLm1vZGVscy5iYXNlCk1vZGVsU3RhdGUKcRUpgXEWfXEXKFUGYWRkaW5ncRiJVQJkYnEZ\nVQdkZWZhdWx0dWJVBmlzX25ld3EaiFUKdXBkYXRlZF9hdHEbaA9VCgfcDA8JGjYAAABoEYZScRxV\nCnByb21vYmxvY2txHVgAAAAAVQxpbWFnZV9zZWNvbmRxHlgYAAAAZmxvd2VyX2ltYWdlL2ltZy01\nXzUuanBnVQtpbWFnZV9maXJzdHEfWBgAAABmbG93ZXJfaW1hZ2UvaW1nLTVfNC5qcGdVAmlkcSCK\nAQNVDmlzX3JlY29tbWVuZGVkcSGIVQtjYXRlZ29yeV9pZHEiigEPVQVwcmljZXEjigENVQtpbWFn\nZV90aGlyZHEkWBgAAABmbG93ZXJfaW1hZ2UvaW1nLTZfMi5qcGdVC2Rlc2NyaXB0aW9ucSVYMgAA\nANCi0LXQutGB0YLQvtCy0L7QtSDQvtC/0LjRgdCw0L3QuNC1INCz0LvRjtC60L7Qt9GLdWJLAWgD\naARdaAWHUnEmfXEnKGgIWAAAAABoCVgMAAAAc2lueWF5YS1yb3phaApYEwAAANCh0LjQvdGP0Y8g\n0YDQvtC30LBoC1gTAAAA0KHQuNC90Y/RjyDRgNC+0LfQsGgMWAAAAABoDYhoDmgPVQoH3AwJChQb\nAAAAaBApUnEohlJxKWgTWBgAAABmbG93ZXJfaW1hZ2UvaW1nLTFfNC5qcGdoFGgVKYFxKn1xKyho\nGIloGVUHZGVmYXVsdHViaBqIaBtoD1UKB9wMFAsABwAAAGgohlJxLGgdWAAAAABoHlgYAAAAZmxv\nd2VyX2ltYWdlL2ltZy01XzYuanBnaB9YGAAAAGZsb3dlcl9pbWFnZS9pbWctNl8zLmpwZ2ggigEG\naCGJaCKKAQRoI4oC6gBoJFgYAAAAZmxvd2VyX2ltYWdlL2ltZy03XzQuanBnaCVYNwAAANCi0LXQ\nutGB0YLQvtCy0L7QtSDQvtC/0LjRgdCw0L3QuNC1INGB0LjQvdC10Lkg0YDQvtC30Yt1YksBdXMu\n','2013-01-03 17:06:24'),('eb12b64be3018ea86ede6c619a01ab11','MjQzZDI4OTRiMTM5M2Q5ZmQ1NjlmZGVkNzJkNzZkNDA5Zjc1YjhhMzqAAn1xAS4=\n','2013-01-04 09:42:20'),('ed4bf6905d81dfba3905cc73db59d4f5','YTUzZDQ3MzlkZGE2ZGRhMzg0OGU0NWEwOWFiZDcyZTUxM2NjZTFlODqAAn1xAShVEl9hdXRoX3Vz\nZXJfYmFja2VuZHECVSlkamFuZ28uY29udHJpYi5hdXRoLmJhY2tlbmRzLk1vZGVsQmFja2VuZHED\nVQ1fYXV0aF91c2VyX2lkcQSKAQFVBGNhcnR9cQVjZGphbmdvLmRiLm1vZGVscy5iYXNlCm1vZGVs\nX3VucGlja2xlCnEGY2NhdGFsb2cubW9kZWxzCkZsb3dlcgpxB11jZGphbmdvLmRiLm1vZGVscy5i\nYXNlCnNpbXBsZV9jbGFzc19mYWN0b3J5CnEIh1JxCX1xCihVEG1ldGFfZGVzY3JpcHRpb25xC1gA\nAAAAVQRzbHVncQxYDQAAAGNoZXJuYXlhLXJvemFVDW1ldGFfa2V5d29yZHNxDVgVAAAA0KfQtdGA\n0L3QsNGPINGA0L7Qt9CwVQRuYW1lcQ5YFQAAANCn0LXRgNC90LDRjyDRgNC+0LfQsFUFdGl0bGVx\nD1gAAAAAVQlpc19hY3RpdmVxEIhVCmNyZWF0ZWRfYXRxEWNkYXRldGltZQpkYXRldGltZQpxElUK\nB9wMCQoTHQAAAGNkamFuZ28udXRpbHMudGltZXpvbmUKVVRDCnETKVJxFIZScRVVDGltYWdlX2Zv\ndXJ0aHEWWAEAAAAwVQZfc3RhdGVxF2NkamFuZ28uZGIubW9kZWxzLmJhc2UKTW9kZWxTdGF0ZQpx\nGCmBcRl9cRooVQZhZGRpbmdxG4lVAmRicRxVB2RlZmF1bHR1YlUGaXNfbmV3cR2IVQp1cGRhdGVk\nX2F0cR5oElUKB9wMCQoTHQAAAGgUhlJxH1UKcHJvbW9ibG9ja3EgWAAAAABVDGltYWdlX3NlY29u\nZHEhWAEAAAAwVQtpbWFnZV9maXJzdHEiWAEAAAAwVQJpZHEjigEFVQ5pc19yZWNvbW1lbmRlZHEk\niVULY2F0ZWdvcnlfaWRxJYoBBFUFcHJpY2VxJooCWQFVC2ltYWdlX3RoaXJkcSdYAQAAADBVC2Rl\nc2NyaXB0aW9ucShYOQAAANCi0LXQutGB0YLQvtCy0L7QtSDQvtC/0LjRgdCw0L3QuNC1INGH0LXR\ngNC90L7QuSDRgNC+0LfRi3ViSwJzdS4=\n','2013-01-03 20:19:20'),('f1939a636d3194817eec54872bca9b3f','Y2JmNWM1MWVkNTkyYTY5ZTA5NjVhNWIyZjY4NmJlMTUyZGQ3NWIyMzqAAn1xAShVEl9hdXRoX3Vz\nZXJfYmFja2VuZHECVSlkamFuZ28uY29udHJpYi5hdXRoLmJhY2tlbmRzLk1vZGVsQmFja2VuZHED\nVQ1fYXV0aF91c2VyX2lkcQSKAQFVBGNhcnR9cQVjZGphbmdvLmRiLm1vZGVscy5iYXNlCm1vZGVs\nX3VucGlja2xlCnEGY2NhdGFsb2cubW9kZWxzCkZsb3dlcgpxB11jZGphbmdvLmRiLm1vZGVscy5i\nYXNlCnNpbXBsZV9jbGFzc19mYWN0b3J5CnEIh1JxCX1xCihVEG1ldGFfZGVzY3JpcHRpb25xC1gA\nAAAAVQRzbHVncQxYDAAAAHNpbnlheWEtcm96YVUNbWV0YV9rZXl3b3Jkc3ENWBMAAADQodC40L3R\nj9GPINGA0L7Qt9CwVQRuYW1lcQ5YEwAAANCh0LjQvdGP0Y8g0YDQvtC30LBVBXRpdGxlcQ9YAAAA\nAFUJaXNfYWN0aXZlcRCIVQpjcmVhdGVkX2F0cRFjZGF0ZXRpbWUKZGF0ZXRpbWUKcRJVCgfcDAkK\nFBsAAABjZGphbmdvLnV0aWxzLnRpbWV6b25lClVUQwpxEylScRSGUnEVVQxpbWFnZV9mb3VydGhx\nFlgYAAAAZmxvd2VyX2ltYWdlL2ltZy0xXzQuanBnVQZfc3RhdGVxF2NkamFuZ28uZGIubW9kZWxz\nLmJhc2UKTW9kZWxTdGF0ZQpxGCmBcRl9cRooVQZhZGRpbmdxG4lVAmRicRxVB2RlZmF1bHR1YlUG\naXNfbmV3cR2IVQp1cGRhdGVkX2F0cR5oElUKB9wMFAsABwAAAGgUhlJxH1UKcHJvbW9ibG9ja3Eg\nWAAAAABVDGltYWdlX3NlY29uZHEhWBgAAABmbG93ZXJfaW1hZ2UvaW1nLTVfNi5qcGdVC2ltYWdl\nX2ZpcnN0cSJYGAAAAGZsb3dlcl9pbWFnZS9pbWctNl8zLmpwZ1UCaWRxI4oBBlUOaXNfcmVjb21t\nZW5kZWRxJIlVC2NhdGVnb3J5X2lkcSWKAQRVBXByaWNlcSaKAuoAVQtpbWFnZV90aGlyZHEnWBgA\nAABmbG93ZXJfaW1hZ2UvaW1nLTdfNC5qcGdVC2Rlc2NyaXB0aW9ucShYNwAAANCi0LXQutGB0YLQ\nvtCy0L7QtSDQvtC/0LjRgdCw0L3QuNC1INGB0LjQvdC10Lkg0YDQvtC30Yt1YksBc3Uu\n','2013-01-03 20:14:13'),('f2bd271da6e53c6520128dc0efc86e47','MjY5NmZlYjQ0ZWE3ODE2ZDMyMmRkOGI2MjM4YWZlNTc5NTMzOTJmMzqAAn1xAShVEl9hdXRoX3Vz\nZXJfYmFja2VuZHECVSlkamFuZ28uY29udHJpYi5hdXRoLmJhY2tlbmRzLk1vZGVsQmFja2VuZHED\nVQ1fYXV0aF91c2VyX2lkcQSKAQF1Lg==\n','2012-12-05 15:14:51'),('f3cdd9e5db3ef17528556e9b12afe329','MjQzZDI4OTRiMTM5M2Q5ZmQ1NjlmZGVkNzJkNzZkNDA5Zjc1YjhhMzqAAn1xAS4=\n','2013-01-04 09:42:21'),('f3f33569fe5086d3837ce047f6962740','MmQ4MjE2NGRkNTc4MTFlYWM2OWFhY2JiMDcxZGVkNjkzNWRmNWQwZDqAAn1xAVUEY2FydH1xAihj\nZGphbmdvLmRiLm1vZGVscy5iYXNlCm1vZGVsX3VucGlja2xlCnEDY2NhdGFsb2cubW9kZWxzCkZs\nb3dlcgpxBF1jZGphbmdvLmRiLm1vZGVscy5iYXNlCnNpbXBsZV9jbGFzc19mYWN0b3J5CnEFh1Jx\nBn1xByhVEG1ldGFfZGVzY3JpcHRpb25xCFgAAAAAVQRzbHVncQlYCAAAAGZydWt0b3phVQ1tZXRh\nX2tleXdvcmRzcQpYAAAAAFUEbmFtZXELWBAAAADQpNGA0YPQutGC0L7Qt9CwVQV0aXRsZXEMWBAA\nAADQpNGA0YPQutGC0L7Qt9CwVQlpc19hY3RpdmVxDYhVCmNyZWF0ZWRfYXRxDmNkYXRldGltZQpk\nYXRldGltZQpxD1UKB9wMBwwnLwAAAGNkamFuZ28udXRpbHMudGltZXpvbmUKVVRDCnEQKVJxEYZS\ncRJVDGltYWdlX2ZvdXJ0aHETWAEAAAAwVQZfc3RhdGVxFGNkamFuZ28uZGIubW9kZWxzLmJhc2UK\nTW9kZWxTdGF0ZQpxFSmBcRZ9cRcoVQZhZGRpbmdxGIlVAmRicRlVB2RlZmF1bHR1YlUGaXNfbmV3\ncRqJVQp1cGRhdGVkX2F0cRtoD1UKB9wMBwwnLwAAAGgRhlJxHFUKcHJvbW9ibG9ja3EdWAAAAABV\nDGltYWdlX3NlY29uZHEeWAEAAAAwVQtpbWFnZV9maXJzdHEfWAEAAAAwVQJpZHEgigECVQ5pc19y\nZWNvbW1lbmRlZHEhiFULY2F0ZWdvcnlfaWRxIooBD1UFcHJpY2VxI4oCXw1VC2ltYWdlX3RoaXJk\ncSRYAQAAADBVC2Rlc2NyaXB0aW9ucSVYMQAAANCk0YDRg9C60YLQvtC30LAgLSDRjdGC0L4g0L/Q\nvtC70LjRgdCw0YXQsNGA0LjQtC51YksEaANoBF1oBYdScSZ9cScoaAhYAAAAAGgJWAgAAABnbHl1\na296YWgKWAAAAABoC1gOAAAA0JPQu9GO0LrQvtC30LBoDFgOAAAA0JPQu9GO0LrQvtC30LBoDYho\nDmgPVQoH3AwJChEdAAAAaBApUnEohlJxKWgTWBgAAABmbG93ZXJfaW1hZ2UvaW1nLTdfMy5qcGdo\nFGgVKYFxKn1xKyhoGIloGVUHZGVmYXVsdHViaBqIaBtoD1UKB9wMDwkaNgAAAGgohlJxLGgdWAAA\nAABoHlgYAAAAZmxvd2VyX2ltYWdlL2ltZy01XzUuanBnaB9YGAAAAGZsb3dlcl9pbWFnZS9pbWct\nNV80LmpwZ2ggigEDaCGIaCKKAQ9oI4oBDWgkWBgAAABmbG93ZXJfaW1hZ2UvaW1nLTZfMi5qcGdo\nJVgyAAAA0KLQtdC60YHRgtC+0LLQvtC1INC+0L/QuNGB0LDQvdC40LUg0LPQu9GO0LrQvtC30Yt1\nYksCdXMu\n','2013-01-03 17:54:03'),('f739178ae7c7256bcf059cf9721e78d6','MjQzZDI4OTRiMTM5M2Q5ZmQ1NjlmZGVkNzJkNzZkNDA5Zjc1YjhhMzqAAn1xAS4=\n','2013-01-03 20:43:22'),('fa8b8c9b14c7fcf30185912c96285ab9','Y2JmNWM1MWVkNTkyYTY5ZTA5NjVhNWIyZjY4NmJlMTUyZGQ3NWIyMzqAAn1xAShVEl9hdXRoX3Vz\nZXJfYmFja2VuZHECVSlkamFuZ28uY29udHJpYi5hdXRoLmJhY2tlbmRzLk1vZGVsQmFja2VuZHED\nVQ1fYXV0aF91c2VyX2lkcQSKAQFVBGNhcnR9cQVjZGphbmdvLmRiLm1vZGVscy5iYXNlCm1vZGVs\nX3VucGlja2xlCnEGY2NhdGFsb2cubW9kZWxzCkZsb3dlcgpxB11jZGphbmdvLmRiLm1vZGVscy5i\nYXNlCnNpbXBsZV9jbGFzc19mYWN0b3J5CnEIh1JxCX1xCihVEG1ldGFfZGVzY3JpcHRpb25xC1gA\nAAAAVQRzbHVncQxYDAAAAHNpbnlheWEtcm96YVUNbWV0YV9rZXl3b3Jkc3ENWBMAAADQodC40L3R\nj9GPINGA0L7Qt9CwVQRuYW1lcQ5YEwAAANCh0LjQvdGP0Y8g0YDQvtC30LBVBXRpdGxlcQ9YAAAA\nAFUJaXNfYWN0aXZlcRCIVQpjcmVhdGVkX2F0cRFjZGF0ZXRpbWUKZGF0ZXRpbWUKcRJVCgfcDAkK\nFBsAAABjZGphbmdvLnV0aWxzLnRpbWV6b25lClVUQwpxEylScRSGUnEVVQxpbWFnZV9mb3VydGhx\nFlgYAAAAZmxvd2VyX2ltYWdlL2ltZy0xXzQuanBnVQZfc3RhdGVxF2NkamFuZ28uZGIubW9kZWxz\nLmJhc2UKTW9kZWxTdGF0ZQpxGCmBcRl9cRooVQZhZGRpbmdxG4lVAmRicRxVB2RlZmF1bHR1YlUG\naXNfbmV3cR2IVQp1cGRhdGVkX2F0cR5oElUKB9wMFAsABwAAAGgUhlJxH1UKcHJvbW9ibG9ja3Eg\nWAAAAABVDGltYWdlX3NlY29uZHEhWBgAAABmbG93ZXJfaW1hZ2UvaW1nLTVfNi5qcGdVC2ltYWdl\nX2ZpcnN0cSJYGAAAAGZsb3dlcl9pbWFnZS9pbWctNl8zLmpwZ1UCaWRxI4oBBlUOaXNfcmVjb21t\nZW5kZWRxJIlVC2NhdGVnb3J5X2lkcSWKAQRVBXByaWNlcSaKAuoAVQtpbWFnZV90aGlyZHEnWBgA\nAABmbG93ZXJfaW1hZ2UvaW1nLTdfNC5qcGdVC2Rlc2NyaXB0aW9ucShYNwAAANCi0LXQutGB0YLQ\nvtCy0L7QtSDQvtC/0LjRgdCw0L3QuNC1INGB0LjQvdC10Lkg0YDQvtC30Yt1YksBc3Uu\n','2013-01-03 19:50:03'),('fb425d1481b4ac0a3b28e856648d5ef0','ODU3ZjU1ZjIyNjIwNDk2Y2E2YzVmMGYzNTYwMzM0OWIxNDMwMWMzMzqAAn1xAShVEl9hdXRoX3Vz\nZXJfYmFja2VuZHECVSlkamFuZ28uY29udHJpYi5hdXRoLmJhY2tlbmRzLk1vZGVsQmFja2VuZHED\nVQ1fYXV0aF91c2VyX2lkcQSKAQFVBGNhcnR9cQVjZGphbmdvLmRiLm1vZGVscy5iYXNlCm1vZGVs\nX3VucGlja2xlCnEGY2NhdGFsb2cubW9kZWxzCkZsb3dlcgpxB11jZGphbmdvLmRiLm1vZGVscy5i\nYXNlCnNpbXBsZV9jbGFzc19mYWN0b3J5CnEIh1JxCX1xCihVEG1ldGFfZGVzY3JpcHRpb25xC1gA\nAAAAVQRzbHVncQxYDAAAAHNpbnlheWEtcm96YVUNbWV0YV9rZXl3b3Jkc3ENWBMAAADQodC40L3R\nj9GPINGA0L7Qt9CwVQRuYW1lcQ5YEwAAANCh0LjQvdGP0Y8g0YDQvtC30LBVBXRpdGxlcQ9YAAAA\nAFUJaXNfYWN0aXZlcRCIVQpjcmVhdGVkX2F0cRFjZGF0ZXRpbWUKZGF0ZXRpbWUKcRJVCgfcDAkK\nFBsAAABjZGphbmdvLnV0aWxzLnRpbWV6b25lClVUQwpxEylScRSGUnEVVQxpbWFnZV9mb3VydGhx\nFlgYAAAAZmxvd2VyX2ltYWdlL2ltZy0xXzQuanBnVQZfc3RhdGVxF2NkamFuZ28uZGIubW9kZWxz\nLmJhc2UKTW9kZWxTdGF0ZQpxGCmBcRl9cRooVQZhZGRpbmdxG4lVAmRicRxVB2RlZmF1bHR1YlUG\naXNfbmV3cR2IVQp1cGRhdGVkX2F0cR5oElUKB9wMFAsABwAAAGgUhlJxH1UKcHJvbW9ibG9ja3Eg\nWAAAAABVDGltYWdlX3NlY29uZHEhWBgAAABmbG93ZXJfaW1hZ2UvaW1nLTVfNi5qcGdVC2ltYWdl\nX2ZpcnN0cSJYGAAAAGZsb3dlcl9pbWFnZS9pbWctNl8zLmpwZ1UCaWRxI4oBBlUOaXNfcmVjb21t\nZW5kZWRxJIlVC2NhdGVnb3J5X2lkcSWKAQRVBXByaWNlcSaKAuoAVQtpbWFnZV90aGlyZHEnWBgA\nAABmbG93ZXJfaW1hZ2UvaW1nLTdfNC5qcGdVC2Rlc2NyaXB0aW9ucShYNwAAANCi0LXQutGB0YLQ\nvtCy0L7QtSDQvtC/0LjRgdCw0L3QuNC1INGB0LjQvdC10Lkg0YDQvtC30Yt1YksDc3Uu\n','2013-01-03 20:10:43'),('fb49f6a26382527514e0b4ec790993e3','MjQzZDI4OTRiMTM5M2Q5ZmQ1NjlmZGVkNzJkNzZkNDA5Zjc1YjhhMzqAAn1xAS4=\n','2013-01-03 21:44:27'),('fc18b296bc4ed00143eacc205bb37143','MjQzZDI4OTRiMTM5M2Q5ZmQ1NjlmZGVkNzJkNzZkNDA5Zjc1YjhhMzqAAn1xAS4=\n','2013-01-03 17:10:26'),('fe46a0737204456a8789fdf581a1cb74','MjQzZDI4OTRiMTM5M2Q5ZmQ1NjlmZGVkNzJkNzZkNDA5Zjc1YjhhMzqAAn1xAS4=\n','2013-01-03 18:47:58'),('fec64e508c0cd86c206e63868421a76b','MjQzZDI4OTRiMTM5M2Q5ZmQ1NjlmZGVkNzJkNzZkNDA5Zjc1YjhhMzqAAn1xAS4=\n','2013-01-03 19:24:28'),('ff487237e82aec6e8cbaa9e3bbf94faa','MjQzZDI4OTRiMTM5M2Q5ZmQ1NjlmZGVkNzJkNzZkNDA5Zjc1YjhhMzqAAn1xAS4=\n','2013-01-03 21:43:36');
/*!40000 ALTER TABLE `django_session` ENABLE KEYS */;
UNLOCK TABLES;

--
-- Table structure for table `django_site`
--

DROP TABLE IF EXISTS `django_site`;
/*!40101 SET @saved_cs_client     = @@character_set_client */;
/*!40101 SET character_set_client = utf8 */;
CREATE TABLE `django_site` (
  `id` int(11) NOT NULL AUTO_INCREMENT,
  `domain` varchar(100) NOT NULL,
  `name` varchar(50) NOT NULL,
  PRIMARY KEY (`id`)
) ENGINE=InnoDB AUTO_INCREMENT=2 DEFAULT CHARSET=utf8;
/*!40101 SET character_set_client = @saved_cs_client */;

--
-- Dumping data for table `django_site`
--

LOCK TABLES `django_site` WRITE;
/*!40000 ALTER TABLE `django_site` DISABLE KEYS */;
INSERT INTO `django_site` VALUES (1,'127.0.0.1:8000','localhost');
/*!40000 ALTER TABLE `django_site` ENABLE KEYS */;
UNLOCK TABLES;

--
-- Table structure for table `flowers`
--

DROP TABLE IF EXISTS `flowers`;
/*!40101 SET @saved_cs_client     = @@character_set_client */;
/*!40101 SET character_set_client = utf8 */;
CREATE TABLE `flowers` (
  `id` int(11) NOT NULL AUTO_INCREMENT,
  `name` varchar(255) NOT NULL,
  `price` int(11) DEFAULT NULL,
  `is_new` tinyint(1) NOT NULL,
  `is_recommended` tinyint(1) NOT NULL,
  `is_active` tinyint(1) NOT NULL,
  `description` longtext NOT NULL,
  `category_id` int(11) NOT NULL,
  `created_at` datetime NOT NULL,
  `updated_at` datetime NOT NULL,
  `meta_description` varchar(255) NOT NULL,
  `meta_keywords` varchar(255) NOT NULL,
  `title` varchar(255) NOT NULL,
  `slug` varchar(50) NOT NULL,
  `promoblock` longtext NOT NULL,
  PRIMARY KEY (`id`),
  UNIQUE KEY `slug` (`slug`),
  KEY `flowers_42dc49bc` (`category_id`),
  CONSTRAINT `category_id_refs_id_3a41b80a` FOREIGN KEY (`category_id`) REFERENCES `categories` (`id`)
) ENGINE=InnoDB AUTO_INCREMENT=8 DEFAULT CHARSET=utf8;
/*!40101 SET character_set_client = @saved_cs_client */;

--
-- Dumping data for table `flowers`
--

LOCK TABLES `flowers` WRITE;
/*!40000 ALTER TABLE `flowers` DISABLE KEYS */;
INSERT INTO `flowers` VALUES (1,'Мимоза',20,0,0,1,'Текстовое описание мимозы',15,'2012-12-04 18:51:16','2012-12-25 13:46:39','','','Мимоза','mimoza',''),(2,'Фруктоза',3423,0,1,1,'Фруктоза - это полисахарид.',15,'2012-12-07 12:39:47','2012-12-25 10:37:37','','','Фруктоза','fruktoza',''),(3,'ГлюкоZZa',13,0,1,1,'Текстовое описание глюкозы',15,'2012-12-09 10:17:29','2012-12-25 13:49:59','','','Глюкоза','glyukoza','<h2>Здесь идет контент</h2>\r\n<p>Lorem ipsumLorem ipsumLorem ipsumLorem ipsumLorem ipsumLorem ipsumLorem ipsumLorem ipsumLorem ipsumLorem ipsumLorem ipsumLorem ipsumLorem ipsumLorem ipsumLorem ipsumLorem ipsumLorem ipsumLorem ipsumLorem ipsumLorem ipsumLorem ipsumLorem ipsumLorem ipsumLorem ipsumLorem ipsumLorem ipsumLorem ipsumLorem ipsumLorem ipsumLorem ipsumLorem ipsumLorem ipsumLorem ipsumLorem ipsumLorem ipsumLorem ipsumLorem ipsumLorem ipsumLorem ipsumLorem ipsumLorem ipsumLorem ipsumLorem ipsumLorem ipsumLorem ipsumLorem ipsumLorem ipsumLorem ipsumLorem ipsumLorem ipsumLorem ipsumLorem ipsumLorem ipsumLorem ipsumLorem ipsumLorem ipsumLorem ipsumLorem ipsumLorem ipsumLorem ipsumLorem ipsumLorem ipsumLorem ipsumLorem ipsumLorem ipsumLorem ipsumLorem ipsumLorem ipsumLorem ipsumLorem ipsumLorem ipsumLorem ipsumLorem ipsumLorem ipsumLorem ipsum</p>'),(4,'Красная роза',345,0,1,1,'Текстовое описание красной розы',4,'2012-12-09 10:18:48','2012-12-09 10:18:48','','','Красная роза','krasnaya-roza',''),(5,'Черная роза',345,1,0,1,'Текстовое описание черной розы',4,'2012-12-09 10:19:29','2012-12-09 10:19:29','','Черная роза','','chernaya-roza',''),(6,'Синяя роза',234,1,0,1,'Текстовое описание синей розы',4,'2012-12-09 10:20:27','2012-12-20 11:00:07','','Синяя роза','','sinyaya-roza',''),(7,'Тестовый цветок номер один',20,1,1,1,'Текстовое описание цветка номер один',3,'2012-12-20 11:01:22','2012-12-24 11:48:26','','','','testovyj-cvetok-nomer-odin','Тут контент');
/*!40000 ALTER TABLE `flowers` ENABLE KEYS */;
UNLOCK TABLES;

--
-- Table structure for table `flowers_sims`
--

DROP TABLE IF EXISTS `flowers_sims`;
/*!40101 SET @saved_cs_client     = @@character_set_client */;
/*!40101 SET character_set_client = utf8 */;
CREATE TABLE `flowers_sims` (
  `id` int(11) NOT NULL AUTO_INCREMENT,
  `from_flower_id` int(11) NOT NULL,
  `to_flower_id` int(11) NOT NULL,
  PRIMARY KEY (`id`),
  UNIQUE KEY `flowers_sims_from_flower_id_4afbabcc_uniq` (`from_flower_id`,`to_flower_id`),
  KEY `flowers_sims_218862d1` (`from_flower_id`),
  KEY `flowers_sims_6bd2dd2` (`to_flower_id`),
  CONSTRAINT `from_flower_id_refs_id_adc7761` FOREIGN KEY (`from_flower_id`) REFERENCES `flowers` (`id`),
  CONSTRAINT `to_flower_id_refs_id_adc7761` FOREIGN KEY (`to_flower_id`) REFERENCES `flowers` (`id`)
) ENGINE=InnoDB AUTO_INCREMENT=95 DEFAULT CHARSET=utf8;
/*!40101 SET character_set_client = @saved_cs_client */;

--
-- Dumping data for table `flowers_sims`
--

LOCK TABLES `flowers_sims` WRITE;
/*!40000 ALTER TABLE `flowers_sims` DISABLE KEYS */;
INSERT INTO `flowers_sims` VALUES (87,1,2),(93,1,3),(89,2,1),(94,2,3),(91,3,1),(92,3,2),(10,4,5),(41,4,6),(9,5,4),(42,5,6),(39,6,4),(40,6,5);
/*!40000 ALTER TABLE `flowers_sims` ENABLE KEYS */;
UNLOCK TABLES;

--
-- Table structure for table `items`
--

DROP TABLE IF EXISTS `items`;
/*!40101 SET @saved_cs_client     = @@character_set_client */;
/*!40101 SET character_set_client = utf8 */;
CREATE TABLE `items` (
  `id` int(11) NOT NULL AUTO_INCREMENT,
  `flower_id` int(11) DEFAULT NULL,
  `quantity` int(11) NOT NULL,
  `bouq_id` int(11) NOT NULL,
  PRIMARY KEY (`id`),
  KEY `items_194dbf75` (`flower_id`),
  KEY `items_4f940baf` (`bouq_id`),
  CONSTRAINT `bouq_id_refs_id_6bfa4214` FOREIGN KEY (`bouq_id`) REFERENCES `bouquets` (`id`),
  CONSTRAINT `flower_id_refs_id_311581fd` FOREIGN KEY (`flower_id`) REFERENCES `flowers` (`id`)
) ENGINE=InnoDB AUTO_INCREMENT=12 DEFAULT CHARSET=utf8;
/*!40101 SET character_set_client = @saved_cs_client */;

--
-- Dumping data for table `items`
--

LOCK TABLES `items` WRITE;
/*!40000 ALTER TABLE `items` DISABLE KEYS */;
INSERT INTO `items` VALUES (2,1,1,1),(3,2,3,1),(9,7,5,3),(10,2,3,3),(11,7,9,4);
/*!40000 ALTER TABLE `items` ENABLE KEYS */;
UNLOCK TABLES;

--
-- Table structure for table `news`
--

DROP TABLE IF EXISTS `news`;
/*!40101 SET @saved_cs_client     = @@character_set_client */;
/*!40101 SET character_set_client = utf8 */;
CREATE TABLE `news` (
  `id` int(11) NOT NULL AUTO_INCREMENT,
  `date` varchar(18) NOT NULL,
  `title` varchar(158) NOT NULL,
  `text` longtext NOT NULL,
  `public` tinyint(1) NOT NULL,
  `slug` varchar(50) NOT NULL,
  `date_add` datetime NOT NULL,
  `anounce` longtext NOT NULL,
  PRIMARY KEY (`id`),
  UNIQUE KEY `slug` (`slug`)
) ENGINE=InnoDB AUTO_INCREMENT=5 DEFAULT CHARSET=utf8;
/*!40101 SET character_set_client = @saved_cs_client */;

--
-- Dumping data for table `news`
--

LOCK TABLES `news` WRITE;
/*!40000 ALTER TABLE `news` DISABLE KEYS */;
INSERT INTO `news` VALUES (1,'25.07.11','Первая новость','<p>First new text First new text First new text First new text First new text First new text First new text First new text First new text&nbsp;</p>',1,'pervaya-novost','2012-11-27 13:49:23','<p><span>Это анонс первой новости</span></p>\r\n<p><span><span>Это анонс первой новости</span></span></p>'),(2,'25.07.12','Вторая новость','<p>Second new\'s text&nbsp;<span>Second new\'s text</span><span>Second new\'s text</span><span>Second new\'s text</span><span>Second new\'s text</span><span>Second new\'s text</span><span>Second new\'s text</span><span>Second new\'s text</span><span>Second new\'s text</span></p>',1,'vtoraya-novost','2012-11-27 13:51:12','<p>Это анонс второй новости</p>\r\n<p><span>Это анонс второй новости</span></p>'),(3,'26.11.12','Заголовок третьей новости','<p>Это текст третьей новости</p>\r\n<p><span>Это текст третьей новости</span></p>\r\n<p><span>Это текст третьей новости</span></p>\r\n<p><span>Это текст третьей новости</span></p>\r\n<p><span>Это текст третьей новости</span></p>\r\n<p><span>Это текст третьей новости</span></p>\r\n<p><span>Это текст третьей новости</span></p>\r\n<p><span>Это текст третьей новости</span></p>\r\n<p><span>Это текст третьей новости</span></p>',1,'zagolovok-tretej-novosti','2012-11-27 14:08:13','<p>Анонс третьей новости</p>'),(4,'12.12.12','Заголовок четвертой новости','<p><span>Это текст четвертой новости</span></p>\r\n<p><span>Это текст четвертой новости</span></p>\r\n<p><span>Это текст четвертой новости</span></p>\r\n<p><span>Это текст четвертой новости</span></p>\r\n<p><span>Это текст четвертой новости</span></p>\r\n<p><span>Это текст четвертой новости</span></p>\r\n<p><span>Это текст четвертой новости</span></p>\r\n<p><span>Это текст четвертой новости</span></p>\r\n<p><span>Это текст четвертой новости</span></p>\r\n<p><span>Это текст четвертой новости</span></p>\r\n<p><span>Это текст четвертой новости</span></p>',1,'zagolovok-chetvertoj-novosti','2012-11-27 14:09:49','<p>Анонс четвертой новости</p>');
/*!40000 ALTER TABLE `news` ENABLE KEYS */;
UNLOCK TABLES;

--
-- Table structure for table `services`
--

DROP TABLE IF EXISTS `services`;
/*!40101 SET @saved_cs_client     = @@character_set_client */;
/*!40101 SET character_set_client = utf8 */;
CREATE TABLE `services` (
  `id` int(11) NOT NULL AUTO_INCREMENT,
  `title` varchar(158) NOT NULL,
  `text` longtext NOT NULL,
  `public` tinyint(1) NOT NULL,
  `slug` varchar(50) NOT NULL,
  `date_add` datetime NOT NULL,
  PRIMARY KEY (`id`),
  UNIQUE KEY `slug` (`slug`)
) ENGINE=InnoDB AUTO_INCREMENT=3 DEFAULT CHARSET=utf8;
/*!40101 SET character_set_client = @saved_cs_client */;

--
-- Dumping data for table `services`
--

LOCK TABLES `services` WRITE;
/*!40000 ALTER TABLE `services` DISABLE KEYS */;
INSERT INTO `services` VALUES (1,'Первая услуга','<p>Текст первой услуги</p>\r\n<p><span>Текст первой услуги</span></p>\r\n<p><span>Текст первой услуги</span></p>\r\n<p><span>Текст первой услуги</span></p>\r\n<p><span>Текст первой услуги</span></p>\r\n<p><span>Текст первой услуги</span></p>\r\n<p><span>Текст первой услуги</span></p>\r\n<p><span>Текст первой услуги</span></p>',1,'pervaya-usluga','2012-11-27 15:09:39'),(2,'Вторая услуга','<p><span>Текст второй услуги</span><span>Текст второй услуги</span><span>Текст второй услуги</span><span>Текст второй услуги</span><span>Текст второй услуги</span><span>Текст второй услуги</span><span>Текст второй услуги</span><span>Текст второй услуги</span><span>Текст второй услуги</span><span>Текст второй услуги</span><span>Текст второй услуги</span><span>Текст второй услуги</span></p>\r\n<p><span>Текст второй услуги</span><span>Текст второй услуги</span><span>Текст второй услуги</span><span>Текст второй услуги</span><span>Текст второй услуги</span><span>Текст второй услуги</span><span>Текст второй услуги</span></p>',1,'vtoraya-usluga','2012-11-27 15:10:15');
/*!40000 ALTER TABLE `services` ENABLE KEYS */;
UNLOCK TABLES;

--
-- Table structure for table `south_migrationhistory`
--

DROP TABLE IF EXISTS `south_migrationhistory`;
/*!40101 SET @saved_cs_client     = @@character_set_client */;
/*!40101 SET character_set_client = utf8 */;
CREATE TABLE `south_migrationhistory` (
  `id` int(11) NOT NULL AUTO_INCREMENT,
  `app_name` varchar(255) NOT NULL,
  `migration` varchar(255) NOT NULL,
  `applied` datetime NOT NULL,
  PRIMARY KEY (`id`)
) ENGINE=InnoDB AUTO_INCREMENT=35 DEFAULT CHARSET=utf8;
/*!40101 SET character_set_client = @saved_cs_client */;

--
-- Dumping data for table `south_migrationhistory`
--

LOCK TABLES `south_migrationhistory` WRITE;
/*!40000 ALTER TABLE `south_migrationhistory` DISABLE KEYS */;
INSERT INTO `south_migrationhistory` VALUES (1,'catalog','0001_initial','2012-11-18 11:37:19'),(2,'contman','0001_initial','2012-11-18 11:37:26'),(3,'catalog','0002_auto__add_field_product_parent','2012-11-18 11:45:41'),(4,'catalog','0003_auto__chg_field_product_price','2012-11-20 15:40:21'),(5,'catalog','0004_auto__del_field_product_parent__del_field_product_level__del_field_pro','2012-11-21 15:12:43'),(6,'news','0001_initial','2012-11-27 13:13:40'),(7,'news','0002_auto__del_newimage','2012-11-27 13:15:34'),(8,'news','0003_auto__add_field_news_anounce','2012-11-27 13:59:27'),(9,'services','0001_initial','2012-11-27 15:03:12'),(10,'contman','0002_auto__add_indexpage__add_slideritem','2012-12-03 14:09:37'),(11,'contman','0003_auto__del_field_indexpage_slider__add_field_slideritem_pageObject','2012-12-03 14:11:38'),(12,'catalog','0005_auto__add_field_product_sims','2012-12-04 18:47:20'),(13,'catalog','0006_auto__del_field_product_sims','2012-12-04 18:47:20'),(14,'catalog','0007_auto__add_field_product_sims','2012-12-04 18:47:21'),(15,'catalog','0008_auto__chg_field_product_sims','2012-12-04 18:47:22'),(16,'catalog','0009_auto__del_field_product_sims','2012-12-04 18:47:23'),(17,'catalog','0010_auto__add_item','2012-12-04 18:47:24'),(18,'catalog','0011_auto__chg_field_item_quant','2012-12-04 18:47:24'),(19,'catalog','0012_auto__del_item','2012-12-04 18:47:24'),(20,'catalog','0013_auto__del_product__add_flower','2012-12-04 18:47:26'),(21,'catalog','0014_auto__add_item__add_bouquet','2012-12-04 18:47:28'),(22,'catalog','0015_auto__chg_field_item_quantity','2012-12-04 18:47:29'),(23,'catalog','0016_auto__chg_field_item_quantity','2012-12-04 18:58:45'),(24,'catalog','0017_auto__del_field_flower_image__add_field_flower_image_first__add_field_','2012-12-12 18:43:57'),(25,'catalog','0018_auto__add_field_flower_promoblock__add_field_bouquet_promoblock','2012-12-12 18:43:58'),(26,'cart','0001_initial','2012-12-15 12:49:33'),(27,'cart','0002_auto__add_cart','2012-12-15 12:49:34'),(28,'cart','0003_auto__add_field_cart_city_ot__add_field_cart_tel_ot__add_field_cart_do','2012-12-15 13:27:26'),(29,'cart','0004_auto__add_field_cart_fio_ot','2012-12-15 14:15:27'),(30,'cart','0005_auto__chg_field_cart_flower__chg_field_cart_bouquet','2012-12-15 14:25:10'),(31,'cart','0006_auto__del_field_cart_bouquet__del_field_cart_flower','2012-12-15 14:49:13'),(32,'cart','0007_auto__del_cart__add_cartitem','2012-12-20 10:24:17'),(33,'catalog','0019_auto__add_floweimage__add_bouquetimage__del_field_flower_image_second_','2012-12-24 11:31:48'),(34,'catalog','0020_auto__del_floweimage__add_flowerimage','2012-12-24 11:34:05');
/*!40000 ALTER TABLE `south_migrationhistory` ENABLE KEYS */;
UNLOCK TABLES;

--
-- Table structure for table `thumbnail_kv_store`
--

DROP TABLE IF EXISTS `thumbnail_kv_store`;
/*!40101 SET @saved_cs_client     = @@character_set_client */;
/*!40101 SET character_set_client = utf8 */;
CREATE TABLE `thumbnail_kv_store` (
  `cache_key` varchar(255) NOT NULL,
  `value` longtext NOT NULL,
  `expires` datetime NOT NULL,
  PRIMARY KEY (`cache_key`),
  KEY `thumbnail_kv_store_expires` (`expires`)
) ENGINE=InnoDB DEFAULT CHARSET=utf8;
/*!40101 SET character_set_client = @saved_cs_client */;

--
-- Dumping data for table `thumbnail_kv_store`
--

LOCK TABLES `thumbnail_kv_store` WRITE;
/*!40000 ALTER TABLE `thumbnail_kv_store` DISABLE KEYS */;
/*!40000 ALTER TABLE `thumbnail_kv_store` ENABLE KEYS */;
UNLOCK TABLES;

--
-- Table structure for table `thumbnail_kvstore`
--

DROP TABLE IF EXISTS `thumbnail_kvstore`;
/*!40101 SET @saved_cs_client     = @@character_set_client */;
/*!40101 SET character_set_client = utf8 */;
CREATE TABLE `thumbnail_kvstore` (
  `key` varchar(200) NOT NULL,
  `value` longtext NOT NULL,
  PRIMARY KEY (`key`)
) ENGINE=InnoDB DEFAULT CHARSET=utf8;
/*!40101 SET character_set_client = @saved_cs_client */;

--
-- Dumping data for table `thumbnail_kvstore`
--

LOCK TABLES `thumbnail_kvstore` WRITE;
/*!40000 ALTER TABLE `thumbnail_kvstore` DISABLE KEYS */;
/*!40000 ALTER TABLE `thumbnail_kvstore` ENABLE KEYS */;
UNLOCK TABLES;
/*!40103 SET TIME_ZONE=@OLD_TIME_ZONE */;

/*!40101 SET SQL_MODE=@OLD_SQL_MODE */;
/*!40014 SET FOREIGN_KEY_CHECKS=@OLD_FOREIGN_KEY_CHECKS */;
/*!40014 SET UNIQUE_CHECKS=@OLD_UNIQUE_CHECKS */;
/*!40101 SET CHARACTER_SET_CLIENT=@OLD_CHARACTER_SET_CLIENT */;
/*!40101 SET CHARACTER_SET_RESULTS=@OLD_CHARACTER_SET_RESULTS */;
/*!40101 SET COLLATION_CONNECTION=@OLD_COLLATION_CONNECTION */;
/*!40111 SET SQL_NOTES=@OLD_SQL_NOTES */;

-- Dump completed on 2012-12-29 13:34:04
