-- MySQL dump 10.13  Distrib 5.1.61, for debian-linux-gnu (x86_64)
--
-- Host: localhost    Database: ameliadb
-- ------------------------------------------------------
-- Server version	5.1.61-0+squeeze1

/*!40101 SET @OLD_CHARACTER_SET_CLIENT=@@CHARACTER_SET_CLIENT */;
/*!40101 SET @OLD_CHARACTER_SET_RESULTS=@@CHARACTER_SET_RESULTS */;
/*!40101 SET @OLD_COLLATION_CONNECTION=@@COLLATION_CONNECTION */;
/*!40101 SET NAMES utf8 */;
/*!40103 SET @OLD_TIME_ZONE=@@TIME_ZONE */;
/*!40103 SET TIME_ZONE='+00:00' */;
/*!40014 SET @OLD_UNIQUE_CHECKS=@@UNIQUE_CHECKS, UNIQUE_CHECKS=0 */;
/*!40014 SET @OLD_FOREIGN_KEY_CHECKS=@@FOREIGN_KEY_CHECKS, FOREIGN_KEY_CHECKS=0 */;
/*!40101 SET @OLD_SQL_MODE=@@SQL_MODE, SQL_MODE='NO_AUTO_VALUE_ON_ZERO' */;
/*!40111 SET @OLD_SQL_NOTES=@@SQL_NOTES, SQL_NOTES=0 */;

--
-- Table structure for table `auth_group`
--

DROP TABLE IF EXISTS `auth_group`;
/*!40101 SET @saved_cs_client     = @@character_set_client */;
/*!40101 SET character_set_client = utf8 */;
CREATE TABLE `auth_group` (
  `id` int(11) NOT NULL AUTO_INCREMENT,
  `name` varchar(80) NOT NULL,
  PRIMARY KEY (`id`),
  UNIQUE KEY `name` (`name`)
) ENGINE=MyISAM DEFAULT CHARSET=utf8;
/*!40101 SET character_set_client = @saved_cs_client */;

--
-- Dumping data for table `auth_group`
--

LOCK TABLES `auth_group` WRITE;
/*!40000 ALTER TABLE `auth_group` DISABLE KEYS */;
/*!40000 ALTER TABLE `auth_group` ENABLE KEYS */;
UNLOCK TABLES;

--
-- Table structure for table `auth_group_permissions`
--

DROP TABLE IF EXISTS `auth_group_permissions`;
/*!40101 SET @saved_cs_client     = @@character_set_client */;
/*!40101 SET character_set_client = utf8 */;
CREATE TABLE `auth_group_permissions` (
  `id` int(11) NOT NULL AUTO_INCREMENT,
  `group_id` int(11) NOT NULL,
  `permission_id` int(11) NOT NULL,
  PRIMARY KEY (`id`),
  UNIQUE KEY `group_id` (`group_id`,`permission_id`),
  KEY `auth_group_permissions_bda51c3c` (`group_id`),
  KEY `auth_group_permissions_1e014c8f` (`permission_id`)
) ENGINE=MyISAM DEFAULT CHARSET=utf8;
/*!40101 SET character_set_client = @saved_cs_client */;

--
-- Dumping data for table `auth_group_permissions`
--

LOCK TABLES `auth_group_permissions` WRITE;
/*!40000 ALTER TABLE `auth_group_permissions` DISABLE KEYS */;
/*!40000 ALTER TABLE `auth_group_permissions` ENABLE KEYS */;
UNLOCK TABLES;

--
-- Table structure for table `auth_permission`
--

DROP TABLE IF EXISTS `auth_permission`;
/*!40101 SET @saved_cs_client     = @@character_set_client */;
/*!40101 SET character_set_client = utf8 */;
CREATE TABLE `auth_permission` (
  `id` int(11) NOT NULL AUTO_INCREMENT,
  `name` varchar(50) NOT NULL,
  `content_type_id` int(11) NOT NULL,
  `codename` varchar(100) NOT NULL,
  PRIMARY KEY (`id`),
  UNIQUE KEY `content_type_id` (`content_type_id`,`codename`),
  KEY `auth_permission_e4470c6e` (`content_type_id`)
) ENGINE=MyISAM AUTO_INCREMENT=76 DEFAULT CHARSET=utf8;
/*!40101 SET character_set_client = @saved_cs_client */;

--
-- Dumping data for table `auth_permission`
--

LOCK TABLES `auth_permission` WRITE;
/*!40000 ALTER TABLE `auth_permission` DISABLE KEYS */;
INSERT INTO `auth_permission` VALUES (1,'Can add permission',1,'add_permission'),(2,'Can change permission',1,'change_permission'),(3,'Can delete permission',1,'delete_permission'),(4,'Can add group',2,'add_group'),(5,'Can change group',2,'change_group'),(6,'Can delete group',2,'delete_group'),(7,'Can add user',3,'add_user'),(8,'Can change user',3,'change_user'),(9,'Can delete user',3,'delete_user'),(10,'Can add content type',4,'add_contenttype'),(11,'Can change content type',4,'change_contenttype'),(12,'Can delete content type',4,'delete_contenttype'),(13,'Can add session',5,'add_session'),(14,'Can change session',5,'change_session'),(15,'Can delete session',5,'delete_session'),(16,'Can add site',6,'add_site'),(17,'Can change site',6,'change_site'),(18,'Can delete site',6,'delete_site'),(19,'Can add log entry',7,'add_logentry'),(20,'Can change log entry',7,'change_logentry'),(21,'Can delete log entry',7,'delete_logentry'),(22,'Can add migration history',8,'add_migrationhistory'),(23,'Can change migration history',8,'change_migrationhistory'),(24,'Can delete migration history',8,'delete_migrationhistory'),(25,'Can add kv store',9,'add_kvstore'),(26,'Can change kv store',9,'change_kvstore'),(27,'Can delete kv store',9,'delete_kvstore'),(28,'Can add Категория',10,'add_category'),(29,'Can change Категория',10,'change_category'),(30,'Can delete Категория',10,'delete_category'),(31,'Can add Цветок',11,'add_flower'),(32,'Can change Цветок',11,'change_flower'),(33,'Can delete Цветок',11,'delete_flower'),(34,'Can add Изображение цветка',12,'add_flowerimage'),(35,'Can change Изображение цветка',12,'change_flowerimage'),(36,'Can delete Изображение цветка',12,'delete_flowerimage'),(37,'Can add Букет',13,'add_bouquet'),(38,'Can change Букет',13,'change_bouquet'),(39,'Can delete Букет',13,'delete_bouquet'),(40,'Can add Изображение букета',14,'add_bouquetimage'),(41,'Can change Изображение букета',14,'change_bouquetimage'),(42,'Can delete Изображение букета',14,'delete_bouquetimage'),(43,'Can add Элемент букета',15,'add_item'),(44,'Can change Элемент букета',15,'change_item'),(45,'Can delete Элемент букета',15,'delete_item'),(46,'Can add Контент для главной страницы',16,'add_indexpage'),(47,'Can change Контент для главной страницы',16,'change_indexpage'),(48,'Can delete Контент для главной страницы',16,'delete_indexpage'),(49,'Can add Элемент слайдера',17,'add_slideritem'),(50,'Can change Элемент слайдера',17,'change_slideritem'),(51,'Can delete Элемент слайдера',17,'delete_slideritem'),(52,'Can add Контент для  страницы \"О нас\"',18,'add_aboutpage'),(53,'Can change Контент для  страницы \"О нас\"',18,'change_aboutpage'),(54,'Can delete Контент для  страницы \"О нас\"',18,'delete_aboutpage'),(55,'Can add Контент для  страницы \"Доставка\"',19,'add_deliverypage'),(56,'Can change Контент для  страницы \"Доставка\"',19,'change_deliverypage'),(57,'Can delete Контент для  страницы \"Доставка\"',19,'delete_deliverypage'),(58,'Can add Контент для  страницы \"Скидки\"',20,'add_discountspage'),(59,'Can change Контент для  страницы \"Скидки\"',20,'change_discountspage'),(60,'Can delete Контент для  страницы \"Скидки\"',20,'delete_discountspage'),(61,'Can add Контент для  страницы \"Оплата\"',21,'add_paymentpage'),(62,'Can change Контент для  страницы \"Оплата\"',21,'change_paymentpage'),(63,'Can delete Контент для  страницы \"Оплата\"',21,'delete_paymentpage'),(64,'Can add Новость',22,'add_news'),(65,'Can change Новость',22,'change_news'),(66,'Can delete Новость',22,'delete_news'),(67,'Can add Услуга',23,'add_services'),(68,'Can change Услуга',23,'change_services'),(69,'Can delete Услуга',23,'delete_services'),(70,'Can add Звонок',24,'add_call'),(71,'Can change Звонок',24,'change_call'),(72,'Can delete Звонок',24,'delete_call'),(73,'Can add Заказ',25,'add_order'),(74,'Can change Заказ',25,'change_order'),(75,'Can delete Заказ',25,'delete_order');
/*!40000 ALTER TABLE `auth_permission` ENABLE KEYS */;
UNLOCK TABLES;

--
-- Table structure for table `auth_user`
--

DROP TABLE IF EXISTS `auth_user`;
/*!40101 SET @saved_cs_client     = @@character_set_client */;
/*!40101 SET character_set_client = utf8 */;
CREATE TABLE `auth_user` (
  `id` int(11) NOT NULL AUTO_INCREMENT,
  `username` varchar(30) NOT NULL,
  `first_name` varchar(30) NOT NULL,
  `last_name` varchar(30) NOT NULL,
  `email` varchar(75) NOT NULL,
  `password` varchar(128) NOT NULL,
  `is_staff` tinyint(1) NOT NULL,
  `is_active` tinyint(1) NOT NULL,
  `is_superuser` tinyint(1) NOT NULL,
  `last_login` datetime NOT NULL,
  `date_joined` datetime NOT NULL,
  PRIMARY KEY (`id`),
  UNIQUE KEY `username` (`username`)
) ENGINE=MyISAM AUTO_INCREMENT=12 DEFAULT CHARSET=utf8;
/*!40101 SET character_set_client = @saved_cs_client */;

--
-- Dumping data for table `auth_user`
--

LOCK TABLES `auth_user` WRITE;
/*!40000 ALTER TABLE `auth_user` DISABLE KEYS */;
INSERT INTO `auth_user` VALUES (1,'admin','John','Doe','admin@example.com','pbkdf2_sha256$10000$QmH1piuoMPbV$VbUIwgNx1lbVVYO0FDGy/sGAZQ0Qgu5MFmpiT+3B7Cw=',1,1,1,'2013-02-13 07:20:41','2013-01-08 08:15:40'),(3,'r@gmail.com','Ritchie','Blackmore','r@gmail.com','pbkdf2_sha256$10000$9750QVoCbyEj$OG/V7g1UmrR5W4Hj0WhI6W4iJ5rHDj0W2RszSPuLuiA=',0,1,0,'2013-01-22 11:59:12','2013-01-08 09:02:28'),(8,'ak@2eng.ru','','','ak@2eng.ru','pbkdf2_sha256$10000$yBQliCcAyfdc$v7iysa9CKZluPdmNDSqaWfFd4rIfMlwncbWgMjddgBY=',0,1,0,'2013-01-17 07:57:48','2013-01-15 11:50:48'),(7,'as@2eng.ru','','','as@2eng.ru','pbkdf2_sha256$10000$ixGS4LCkDOJy$IWxGUQfxH0TEQQTVj0ulk24TY+N2J14azcEgcxmGQrw=',0,1,0,'2013-01-17 08:19:43','2013-01-15 08:45:23'),(11,'Rozalina74@bk.ru','','','Rozalina74@bk.ru','pbkdf2_sha256$10000$Qg1SgjVluAUw$CMvhvcO68X+U0XT9TeXelP1j66bSHAln5Y3JxT5vsdk=',0,1,0,'2013-02-12 13:42:37','2013-02-12 13:42:37');
/*!40000 ALTER TABLE `auth_user` ENABLE KEYS */;
UNLOCK TABLES;

--
-- Table structure for table `auth_user_groups`
--

DROP TABLE IF EXISTS `auth_user_groups`;
/*!40101 SET @saved_cs_client     = @@character_set_client */;
/*!40101 SET character_set_client = utf8 */;
CREATE TABLE `auth_user_groups` (
  `id` int(11) NOT NULL AUTO_INCREMENT,
  `user_id` int(11) NOT NULL,
  `group_id` int(11) NOT NULL,
  PRIMARY KEY (`id`),
  UNIQUE KEY `user_id` (`user_id`,`group_id`),
  KEY `auth_user_groups_fbfc09f1` (`user_id`),
  KEY `auth_user_groups_bda51c3c` (`group_id`)
) ENGINE=MyISAM DEFAULT CHARSET=utf8;
/*!40101 SET character_set_client = @saved_cs_client */;

--
-- Dumping data for table `auth_user_groups`
--

LOCK TABLES `auth_user_groups` WRITE;
/*!40000 ALTER TABLE `auth_user_groups` DISABLE KEYS */;
/*!40000 ALTER TABLE `auth_user_groups` ENABLE KEYS */;
UNLOCK TABLES;

--
-- Table structure for table `auth_user_user_permissions`
--

DROP TABLE IF EXISTS `auth_user_user_permissions`;
/*!40101 SET @saved_cs_client     = @@character_set_client */;
/*!40101 SET character_set_client = utf8 */;
CREATE TABLE `auth_user_user_permissions` (
  `id` int(11) NOT NULL AUTO_INCREMENT,
  `user_id` int(11) NOT NULL,
  `permission_id` int(11) NOT NULL,
  PRIMARY KEY (`id`),
  UNIQUE KEY `user_id` (`user_id`,`permission_id`),
  KEY `auth_user_user_permissions_fbfc09f1` (`user_id`),
  KEY `auth_user_user_permissions_1e014c8f` (`permission_id`)
) ENGINE=MyISAM DEFAULT CHARSET=utf8;
/*!40101 SET character_set_client = @saved_cs_client */;

--
-- Dumping data for table `auth_user_user_permissions`
--

LOCK TABLES `auth_user_user_permissions` WRITE;
/*!40000 ALTER TABLE `auth_user_user_permissions` DISABLE KEYS */;
/*!40000 ALTER TABLE `auth_user_user_permissions` ENABLE KEYS */;
UNLOCK TABLES;

--
-- Table structure for table `bouquets`
--

DROP TABLE IF EXISTS `bouquets`;
/*!40101 SET @saved_cs_client     = @@character_set_client */;
/*!40101 SET character_set_client = utf8 */;
CREATE TABLE `bouquets` (
  `id` int(11) NOT NULL AUTO_INCREMENT,
  `name` varchar(255) NOT NULL,
  `price` int(11) DEFAULT NULL,
  `is_new` tinyint(1) NOT NULL,
  `is_recommended` tinyint(1) NOT NULL,
  `is_active` tinyint(1) NOT NULL,
  `description` longtext NOT NULL,
  `category_id` int(11) NOT NULL,
  `created_at` datetime NOT NULL,
  `updated_at` datetime NOT NULL,
  `meta_description` varchar(255) NOT NULL,
  `meta_keywords` varchar(255) NOT NULL,
  `title` varchar(255) NOT NULL,
  `slug` varchar(50) NOT NULL,
  `promoblock` longtext NOT NULL,
  `vip` tinyint(1) NOT NULL,
  `business_bouquet` tinyint(1) NOT NULL,
  `birthday` tinyint(1) NOT NULL,
  `anniversary` tinyint(1) NOT NULL,
  `love` tinyint(1) NOT NULL,
  `interior` tinyint(1) NOT NULL,
  `congrat` tinyint(1) NOT NULL,
  `sorry` tinyint(1) NOT NULL,
  `child` tinyint(1) NOT NULL,
  `holiday_roses` tinyint(1) NOT NULL,
  `wedding` tinyint(1) NOT NULL,
  `thanks` tinyint(1) NOT NULL,
  `horoscope` tinyint(1) NOT NULL,
  `he` tinyint(1) NOT NULL,
  `she` tinyint(1) NOT NULL,
  PRIMARY KEY (`id`),
  UNIQUE KEY `slug` (`slug`),
  KEY `bouquets_42dc49bc` (`category_id`)
) ENGINE=MyISAM AUTO_INCREMENT=52 DEFAULT CHARSET=utf8;
/*!40101 SET character_set_client = @saved_cs_client */;

--
-- Dumping data for table `bouquets`
--

LOCK TABLES `bouquets` WRITE;
/*!40000 ALTER TABLE `bouquets` DISABLE KEYS */;
INSERT INTO `bouquets` VALUES (3,'Все для Тебя',4900,1,0,1,'Эффектный женственный букет - само воплощение очарования и жизнелюбия, красоты и молодости',20,'2013-01-16 10:16:11','2013-02-09 08:12:01','','','','vse-dlya-tebya','<p>Крупные бутоны розы Esperanza и очень яркая и ароматная кустовая роза смотрятся невероятно живописно на фоне красочных экзотических цветов и сочной зелени.<br /><br /><strong>Артикул</strong>: 131000</p>',1,0,1,1,1,0,1,1,0,1,1,1,1,0,1),(7,'Дива',2250,0,0,1,'Прекрасный букет выполнен из нежных розовых роз и таинственной орхидеи',26,'2013-01-18 06:01:39','2013-02-09 08:16:10','','','','diva','Удивительный романтичный букет восхищает своей легкостью и великолепным сочетанием оттенков<br /><br /><strong>Артикул 131002<br /><br /></strong><em>Пожалуйста, заказывайте букеты из экзотических цветов заранее. Если вы хотите сделать срочный заказ, пожалуйста, уточните наличие цветов по телефону.</em>\r\n<p>&nbsp;</p>',0,0,0,0,0,0,0,0,0,0,0,0,0,0,0),(4,'Каравелла',2050,0,1,1,'Яркий букет из 25 роскошных роз с крупными бутонами в оригинальной упаковке',20,'2013-01-16 13:58:47','2013-02-09 08:15:12','','','','karavella','Красочный букет из крупных бордовых роз в подарок - классический способ выразить свои чувства или поздравить с праздником.<br /><br />Букет состоит из 25 роз сорта Фридум, высота стебля 70 см, в оформлении листьями папоротника и фетром.<br /><br /><br /><strong>Артикул</strong>&nbsp; 131001',0,0,1,1,1,0,1,1,0,1,1,1,1,0,1),(8,'Альстромерия',2300,0,1,1,'Букет из трепетных разноцветных альстромерий',42,'2013-01-18 09:09:19','2013-02-09 08:20:31','','','','alstromeriya','<br /><span style=\"color: #cc4343;\">Букет из 29 веток альстромерий, на каждой из которых - несколько цветов, похожих на маленькие лилии<br /><strong><br />Артикул:131003</strong></span>',0,0,0,0,0,0,0,0,0,0,0,0,0,0,0),(9,'Монмартр',1950,0,0,1,'Чудесный букет для девушки, которая привыкла всегда быть в центре внимания',20,'2013-01-18 09:54:38','2013-02-09 08:23:38','','','','varyach','Изысканный и утонченный дуэт грациозных белых и бордовых роз, окружен воздушным оформлением<br /><br /><strong>Артикул: 131004</strong>',0,0,0,0,0,0,0,0,0,0,0,0,0,0,0),(23,'Оранж',1350,0,0,1,'Потрясающая энергетика ярких роз зарядит Вас позитивом на целый день !',20,'2013-02-08 05:56:30','2013-02-09 11:02:07','','','','oranzh','Сочный оттенок роз напоминает свежевыжатый апельсиновый сок, богатый витаминами радостного настроения и солнечных улыбок!<br /><br /><strong>Артикул 131013<br /><br /><br /></strong>',0,0,1,1,0,0,1,0,0,1,0,0,0,0,0),(13,'Любимой Маме',5050,0,1,1,'Шикарный букет из роз теплых оттенков прекрасно подойдет для поздравления самых близких и любимых',20,'2013-01-18 11:15:11','2013-02-09 08:31:08','','','','lyubimoj-mame','Объемный, теплый букет с добавлением изящного берграса скажет за вас самые искренние и добрые поздравленияблизким и дорогим для Вас людям<br /><br /><strong>Артикул:131005</strong>',0,0,0,0,0,0,0,0,0,0,0,0,0,0,0),(14,'Любящее сердце',2700,0,0,1,'Изящная настольная композиция в форме сердца из 33 роз',20,'2013-01-18 11:40:52','2013-02-09 08:32:26','','','','lyubyashee-serdce','Самые нежные розы в подарок самой любимой девушке на свете...<br /><br /><strong>Артикул:131006</strong>',0,0,0,0,0,0,0,0,0,0,0,0,0,0,0),(24,'Статский советник',1450,0,0,1,'Прекрасный мужской букет из экзотических цветов',26,'2013-02-08 06:27:00','2013-02-09 11:02:38','','','','statskij-sovetnik','Праздничный стильный букет дополнен яркой упаковкой.<br /><br /><strong>Артикул 131014<br /><br /><br /><br /><br /><br /></strong>',0,0,0,0,0,0,1,0,0,0,0,0,0,1,0),(25,'Сердце',3300,0,0,1,'Когда в нашем серце живет любовь , то каждый день мы встречаем с весенним настроением !',20,'2013-02-08 06:33:52','2013-02-09 11:02:58','','','','serdce','Кто сказал , что \"валентинки\" можно дарить только на 14 февраля ? Нежное сердце из роз докажет вашей девушке искренность ваших чувств.<br /><br /><strong>Артикул 131015<br /><br /><br /><br /></strong>',0,0,0,0,1,0,0,1,0,0,0,0,0,0,0),(17,'Букет невесты №1',2500,0,0,1,'Классический нежный букет невесты',88,'2013-02-05 08:38:57','2013-02-09 08:34:55','','','','buket-nevesty-1','Этот удивительный букет на основе 25 кремовых роз дополнен нежной фрезией. Букет выполнен на портбукетнице, ножка которой задекорирована атласной лентой<br /><br /><strong>Артикул</strong>&nbsp;<strong>131007</strong>',0,0,0,0,0,0,0,0,0,0,1,0,0,0,0),(22,'Королевский подарок',7070,0,0,1,'Букет из 101 красной розы \"Королевский подарок\"',20,'2013-02-07 07:11:12','2013-02-09 08:44:11','','','','korolevskij-podarok','Великую и бесконечную любовь не выразить словами. Невероятно огромный букет красных роз &mdash; вот самый изысканный и живой символ любви и верности. Подарите эти цветы тому, кто дарит Вам счастье.<br /><br /><strong>Артикул:</strong>&nbsp;<strong>131012</strong>',1,0,1,1,1,0,1,1,0,1,1,1,1,0,1),(18,'Букет невесты №2',1950,0,0,1,'Изысканный букет невесты в бело-розовой гамме',88,'2013-02-05 09:16:41','2013-02-09 08:35:57','','','','buket-nevesty-2','Изящный свадебный букет из розовых, кремовых роз и белых экзотических цветов.<br /><br /><strong>Артикул 131008</strong>',0,0,0,0,0,0,0,0,0,0,1,0,0,0,0),(19,'Букет невесты \"Наталья\"',3500,0,0,1,'Необыкновенный букет из прекрасных орхидей для самой обворожительной новобрачной!',88,'2013-02-05 09:42:34','2013-02-09 08:37:47','','','','buket-nevesty-natalya','Потрясающий букет невесты из невероятных и грациозных орхидей яркого цвета &nbsp;привлечет взгляды и останется в памяти участников торжества на долгие годы.<br /><br /><strong>Артикул 131009</strong>',0,0,0,0,0,0,0,0,0,0,1,0,0,0,0),(20,'Надежда',1050,1,0,1,'Нежная и троготельная композиция в корзинке',24,'2013-02-05 10:22:58','2013-02-09 08:40:54','','','','nadezhda','Композиция в бело-фиолетовой цветовой гамме, очень нежная и изящная, которая будет по душе любой девушке<br /><br /><strong>Артикул 131010</strong>',0,0,0,0,0,0,1,0,1,0,0,1,0,0,1),(21,'Позитив',1950,1,1,1,'Подарите радость и отличное настроение вместе с этой яркой и оптимистичной композицией!',23,'2013-02-05 10:56:00','2013-02-09 08:43:24','','','','pozitiv','Красочная композиция подарит светлые мгновения радости Вашим близким!<br /><br /><strong>Артикул 131011</strong>',0,0,1,0,0,0,1,0,1,0,0,1,1,0,1),(26,'Букет невесты \"Аврора\"',1800,0,0,1,'Изысканный букет невесты в бело-красной гамме',88,'2013-02-08 06:45:17','2013-02-09 11:03:39','','','','buket-nevesty-avrora','Гормоничный букет из 29 красных и белых роз.<br /><br /><strong>Артикул 131016<br /><br /><br /></strong>',0,0,0,0,0,0,0,0,0,0,1,0,0,0,0),(27,'Цветущий сад',2300,0,0,1,'В плетеной корзиночке раскинулся настоящий мини сад',50,'2013-02-08 06:53:25','2013-02-09 11:04:25','','','','cvetushij-sad','Набор ярких цветов напомнит вам летнее утро в саду<br /><br /><strong>Артикул 131017<br /><br /><br /></strong>',0,0,0,0,0,0,1,0,0,0,0,0,0,0,0),(28,'Букет невесты №3',1600,0,0,1,'Яркий красочный букет - выбор стильной современной невесты',88,'2013-02-08 06:59:02','2013-02-09 11:04:55','','','','buket-nevesty-3','Этот букет- для той одной , яркой, индивидуальной невесты<br /><br /><strong>Артикул 131018<br /><br /><br /></strong>',0,0,0,0,0,0,0,0,0,0,1,0,0,0,0),(29,'Бутоньерка №1',200,0,0,1,'Элегантная бордовая роза завершит торжественный облик жениха',81,'2013-02-08 07:07:08','2013-02-09 11:05:37','','','','butonerka','Эта бутоньерка подчеркнет индивидуальность и эффектность жениха<br /><br /><strong>Артикул 131019<br /><br /><br /></strong>',0,0,0,0,0,0,0,0,0,0,1,0,0,0,0),(30,'101 роза',7070,0,0,1,'Потрясающий объемный букет для любителей классики и совершенства',20,'2013-02-08 07:11:51','2013-02-09 11:05:58','','','','101-roza','Шикарный букет из нежной цветовой гаммы роз<br /><br /><strong>Артикул 131020<br /><br /><br /><br /><br /><br /><br /></strong>',0,0,1,1,1,0,1,1,0,1,0,0,0,0,0),(31,'Букет невесты №4',2050,0,0,1,'Нежный букет из 25 розовых роз',88,'2013-02-08 07:19:01','2013-02-09 11:06:25','','','','buket-nevesty-4','Розовые розы подойдут милой нежной невесте&nbsp;<br /><br /><br /><strong>Артикул 131021<br /><br /><br /></strong>',0,0,0,0,0,0,0,0,0,0,1,0,0,0,0),(32,'Татьяна',1050,0,0,1,'Грациозный букет на основе 5 крупных роз- беспроигрышный вариант элегантного поздравления',20,'2013-02-08 07:28:37','2013-02-09 11:06:57','','','','tatyana','Этот экстровогантный букет доставит удовольствие самой эффектной девушке&nbsp; и подчеркнет ее изюминку<br /><strong><br />Артикул 131022<br /><br /><br /><br /><br /><br /></strong>',0,0,1,0,0,0,1,0,0,0,0,0,0,0,0),(33,'Хорошее настроение',1350,0,0,1,'Подарите радость и отличное настроение вместе с этим ярким оптимистичным букетом!',23,'2013-02-08 07:34:06','2013-02-09 11:09:08','','','','horoshee-nastroenie','Яркое сочетание цветов подойдет к любому поводу и украсит серые будни<br /><br /><strong>Артикул 131023<br /><br /><br /><br /><br /><br /></strong>',0,0,1,0,0,0,1,0,0,0,0,0,0,0,0),(34,'Лесная опушка',1200,0,0,1,'Букет лесная опушка словно солнышко подарит тепло в любую погоду.',42,'2013-02-08 07:43:38','2013-02-09 11:09:46','','','','lesnaya-opushka','Букет поможет Вам вернуться в лето и ощутить всю красоту и тепло летнего леса<br /><br /><strong>Артикул 131024<br /><br /><br /></strong>',0,0,0,0,0,0,1,0,0,0,0,1,0,0,0),(35,'Королева Марго',4450,0,0,1,'Раскошная и лаконичная композиция из 49 роз в плетеной корзине',20,'2013-02-08 07:52:17','2013-02-09 11:10:22','','','','koroleva-margo','Этот королевский букет доставит массу удовольствия и восторга&nbsp;<br /><br /><strong>Артикул 131025<br /><br /><br /><br /><br /><br /></strong>',0,0,1,1,1,0,1,1,0,1,0,1,0,0,0),(36,'Жасмин',1350,0,0,1,'Сочитание нежной гаммы весенних тюльпанов и жизнерадостных ромашек',21,'2013-02-08 08:01:19','2013-02-09 09:49:14','','','','zhasmin','Этот весенний букет будет как лучик солнышка в пасмурную погоду&nbsp;<br /><br /><strong>Артикул 131026</strong>',0,0,1,0,1,0,1,1,1,0,0,0,0,0,0),(37,'Адам',1950,0,0,1,'Истинно мужской букет подчеркивающий элегантность мужчины',26,'2013-02-08 08:08:31','2013-02-09 09:49:55','','','','adam','Букет индивидуален для исскусных ценителей красоты&nbsp;<br /><br /><strong>Артикул 131027</strong>',0,1,0,0,0,0,0,0,0,0,0,1,0,1,0),(38,'Во имя любви!',1350,0,0,1,'Самые очаровательные цветы в изумительном букете для подарка на свадьбу .',92,'2013-02-08 08:22:13','2013-02-09 09:50:57','','','','vo-imya-lyubvi','Нежные и заворажевающие розы будут идеальным подарком невесты<br /><br /><strong>Артикул 131028</strong>',0,0,0,0,0,0,1,0,0,0,1,0,0,0,0),(39,'Варвара',1250,0,0,1,'Крупные герберы нежных оттенков собранны в пушистый женственный букет',23,'2013-02-08 08:26:24','2013-02-09 10:38:56','','','','varvara','Букет из белой ромашковой хризантемы и&nbsp;дополнение яркой пронзительной герберы<br /><br /><strong>Артикул 131029<br /><br /><br /><br /></strong>',0,0,1,1,0,0,1,0,0,0,0,0,0,0,0),(40,'Королеве красоты',2450,0,0,1,'Потрясающий букет из белых роз олицетворяющий&nbsp;чистоту и красоту',92,'2013-02-08 08:37:05','2013-02-09 13:07:00','','','','koroleve-krasoty','Белые розы могут подойти к любому событию и все равно остаться самым индивидуальным и достойным подарком<br /><br /><strong>Артикул 131</strong><strong>030<br /><br /><br /></strong>',0,0,0,0,0,0,0,1,0,1,1,0,0,0,0),(41,'Бутоньерка №2',200,0,0,1,'Нежная бутоньерка из розовой розы',81,'2013-02-08 08:41:44','2013-02-09 09:56:29','','','','butonerka-2','Нежная розовая бутоньерка подчеркнет всю нежность характера жениха&nbsp;<br /><br /><strong>Артикул 131031</strong>',0,0,0,0,0,0,0,0,0,0,1,0,0,0,0),(42,'Нежность',2200,1,0,1,'Преподнисите этот нежный букет своей даме сердца и ее день будет наполнен красотой и любовью !',21,'2013-02-12 09:35:32','2013-02-12 09:37:43','','','','nezhnost','Изящный букет из 33 тюльпанов подойдет для романтичной девушки, ценящей все прекрасное .<br /><br /><strong>Артикул 131031<br /><br /><br /><br /></strong>',0,0,0,0,1,0,0,1,1,0,0,0,0,0,0),(43,'Радуга',2500,0,0,1,'Яркая и интересно подобранная композиция поможет вам избавиться от плохого настроения и порадовать окружающих.',50,'2013-02-12 09:43:48','2013-02-12 09:43:48','','','','raduga','Разноцветные герберы , кремовые хризантемы и ярковыделяющийся ирис смотрится очень орегинально и интересно.<br /><br /><strong>Артикул 131032<br /><br />&nbsp;<br />&nbsp;</strong>',0,0,1,1,0,0,1,0,0,0,0,0,0,0,0),(44,'Солнечные ромашки',1600,0,0,1,'Настоящие ромашки очаруют своей первозданностью и чистотой.',25,'2013-02-12 09:52:09','2013-02-12 09:52:09','','','','solnechnye-romashki','Букет из ромашек поможет Вам передать свое тепло и любовь !<br /><br /><strong>Артикул &nbsp;131033<br /><br />&nbsp;&nbsp;<br />&nbsp;</strong>',0,0,0,0,1,0,0,1,1,0,0,0,0,0,0),(45,'Эликсир Любви',1700,0,0,1,'Очаровательный букет расскажет о Вашей любви!',23,'2013-02-12 09:56:58','2013-02-12 09:58:03','','','','eliksir-lyubvi','Нежный букет наполнит день Вашей любимой теплом и заботой , а милое сердечко еще долго будет радовать ее красивые глаза!<br /><br /><strong>Артикул 131034<br /><br />&nbsp;<br />&nbsp;</strong>',0,0,0,0,1,0,0,1,0,0,0,0,0,0,0),(46,'Валентинка',1200,1,0,1,'Этот букет очень подойдет ко дню влюбленных в виде живой валентинки .',26,'2013-02-12 10:07:54','2013-02-12 10:07:54','','','','valentinka','Нежные гиацинты&nbsp;в упаковке в форме сердечка смотрятся очень эффектно.<br /><br /><strong>Артикул 131035<br /><br />&nbsp;</strong>',0,0,0,0,1,0,0,0,0,0,0,0,0,0,0),(47,'Фреш',2700,0,0,1,'Очень орегинальный подбор цветов смотрится довольнотаки гормонично и экстровагантно.',20,'2013-02-12 10:14:41','2013-02-12 10:14:41','','','','fresh','Букет из роз , орхидей и кустовой хризантемы , быстро решит проблему при выборе подарка.<br /><br /><strong>Артикул 131036&nbsp;<br /><br />&nbsp;</strong>',0,0,1,1,0,0,1,1,0,0,0,0,0,0,0),(48,'Угловая композиция ',2500,0,0,1,'Свадебная композиция украсит ваш праздничный стол .',90,'2013-02-12 10:20:52','2013-02-12 10:20:52','','','','uglovaya-kompoziciya','<br /><br /><br /><br /><strong>Артикул 131037<br /><br />&nbsp;</strong>',0,0,0,0,0,0,0,0,0,0,1,0,0,0,0),(49,'Бутоньерка №3',200,0,0,1,'Нежная бутоньерка украсит образ жениха и придаст очень элегантный вид.',81,'2013-02-12 10:25:40','2013-02-12 10:25:40','','','','butonerka-3','<strong>Артикул 131037&nbsp;<br /><br />&nbsp;&nbsp;<br />&nbsp;</strong>',0,0,0,0,0,0,0,0,0,0,1,0,0,0,0),(50,'Букет невесты №5',2250,0,0,1,'Изысканный каскадный букет.',88,'2013-02-12 10:31:49','2013-02-12 10:31:49','','','','buket-nevesty-5','<strong>Артикул 131039</strong>',0,0,0,0,0,0,0,0,0,0,1,0,0,0,0),(51,'История любви',1750,1,0,1,'Яркий букет воплощает незабываемый миг первой встречи, трогательное признание и вечную любовь друг к другу !',21,'2013-02-12 11:13:19','2013-02-12 11:13:19','','','','istoriya-lyubvi','Чарующий букет с бордовыми тюльпанами и кремовыми хризантемами&nbsp; поведает любимому человеку о ваших чувствах.<br /><br /><strong>Артикул 131040</strong><br /><br />',0,0,1,0,1,0,1,1,0,0,0,0,0,0,0);
/*!40000 ALTER TABLE `bouquets` ENABLE KEYS */;
UNLOCK TABLES;

--
-- Table structure for table `bouquets_sims`
--

DROP TABLE IF EXISTS `bouquets_sims`;
/*!40101 SET @saved_cs_client     = @@character_set_client */;
/*!40101 SET character_set_client = utf8 */;
CREATE TABLE `bouquets_sims` (
  `id` int(11) NOT NULL AUTO_INCREMENT,
  `from_bouquet_id` int(11) NOT NULL,
  `to_bouquet_id` int(11) NOT NULL,
  PRIMARY KEY (`id`),
  UNIQUE KEY `bouquets_sims_from_bouquet_id_7f76798dd7702013_uniq` (`from_bouquet_id`,`to_bouquet_id`),
  KEY `bouquets_sims_6ccce69a` (`from_bouquet_id`),
  KEY `bouquets_sims_3e78e97b` (`to_bouquet_id`)
) ENGINE=MyISAM AUTO_INCREMENT=109 DEFAULT CHARSET=utf8;
/*!40101 SET character_set_client = @saved_cs_client */;

--
-- Dumping data for table `bouquets_sims`
--

LOCK TABLES `bouquets_sims` WRITE;
/*!40000 ALTER TABLE `bouquets_sims` DISABLE KEYS */;
INSERT INTO `bouquets_sims` VALUES (16,4,13),(96,8,34),(15,13,4),(95,34,8),(97,35,9),(98,9,35),(73,25,14),(74,14,25),(21,18,17),(22,17,18),(23,21,20),(24,20,21),(87,30,22),(88,22,30),(72,37,24),(71,24,37),(90,31,28),(89,31,26),(81,28,26),(91,26,31),(80,20,27),(79,27,20),(92,28,31),(83,26,28),(85,29,41),(86,41,29),(93,33,39),(94,39,33),(102,36,42),(101,42,36),(103,49,41),(104,49,29),(105,41,49),(106,29,49),(107,51,42),(108,42,51);
/*!40000 ALTER TABLE `bouquets_sims` ENABLE KEYS */;
UNLOCK TABLES;

--
-- Table structure for table `calls`
--

DROP TABLE IF EXISTS `calls`;
/*!40101 SET @saved_cs_client     = @@character_set_client */;
/*!40101 SET character_set_client = utf8 */;
CREATE TABLE `calls` (
  `id` int(11) NOT NULL AUTO_INCREMENT,
  `name` varchar(94) NOT NULL,
  `phone_number` varchar(24) NOT NULL,
  `text` longtext NOT NULL,
  `processed` tinyint(1) NOT NULL,
  `comments` longtext NOT NULL,
  `date` datetime NOT NULL,
  PRIMARY KEY (`id`)
) ENGINE=MyISAM AUTO_INCREMENT=9 DEFAULT CHARSET=utf8;
/*!40101 SET character_set_client = @saved_cs_client */;

--
-- Dumping data for table `calls`
--

LOCK TABLES `calls` WRITE;
/*!40000 ALTER TABLE `calls` DISABLE KEYS */;
INSERT INTO `calls` VALUES (1,'Саша','11111111','Получен звонок от Саша. Перезвонить прямо сейчас по номеру 11111111',0,'','2013-01-08 08:26:34'),(2,'dfgdfgd','1111133333','Получен звонок от dfgdfgd. Перезвонить прямо сейчас по номеру 1111133333',0,'','2013-01-14 14:59:34'),(3,'','854546554','Получен звонок от . Перезвонить прямо сейчас по номеру 854546554',0,'','2013-01-15 12:00:27'),(4,'','854546554','Получен звонок от . Перезвонить прямо сейчас по номеру 854546554',0,'','2013-01-15 12:00:27'),(5,'','854546554','Получен звонок от . Перезвонить прямо сейчас по номеру 854546554',0,'','2013-01-15 12:00:27'),(6,'','854546554','Получен звонок от . Перезвонить прямо сейчас по номеру 854546554',0,'','2013-01-15 12:00:27'),(7,'','854546554','Получен звонок от . Перезвонить прямо сейчас по номеру 854546554',0,'','2013-01-15 12:00:27'),(8,'','84585459','Получен звонок от . Перезвонить с 10:00 до 10:00 по номеру 84585459',0,'','2013-01-15 12:00:53');
/*!40000 ALTER TABLE `calls` ENABLE KEYS */;
UNLOCK TABLES;

--
-- Table structure for table `catalog_bouquetimage`
--

DROP TABLE IF EXISTS `catalog_bouquetimage`;
/*!40101 SET @saved_cs_client     = @@character_set_client */;
/*!40101 SET character_set_client = utf8 */;
CREATE TABLE `catalog_bouquetimage` (
  `id` int(11) NOT NULL AUTO_INCREMENT,
  `bouquet_id` int(11) NOT NULL,
  `image` varchar(100) NOT NULL,
  PRIMARY KEY (`id`),
  KEY `catalog_bouquetimage_c3f11644` (`bouquet_id`)
) ENGINE=MyISAM AUTO_INCREMENT=78 DEFAULT CHARSET=utf8;
/*!40101 SET character_set_client = @saved_cs_client */;

--
-- Dumping data for table `catalog_bouquetimage`
--

LOCK TABLES `catalog_bouquetimage` WRITE;
/*!40000 ALTER TABLE `catalog_bouquetimage` DISABLE KEYS */;
INSERT INTO `catalog_bouquetimage` VALUES (2,3,'flower_image/IMG_3789_1.jpg'),(3,3,'flower_image/IMG_3809.jpg'),(4,3,'flower_image/IMG_3787.jpg'),(5,4,'flower_image/IMG_2925.jpg'),(6,4,'flower_image/IMG_2933_1.jpg'),(7,4,'flower_image/IMG_2928.jpg'),(17,7,'flower_image/IMG_5402_2.jpg'),(18,7,'flower_image/IMG_5409_3.jpg'),(16,8,'flower_image/IMG_4422.jpg'),(19,7,'flower_image/IMG_5407_1.jpg'),(20,8,'flower_image/IMG_4427.jpg'),(21,9,'flower_image/IMG_5181.jpg'),(22,9,'flower_image/IMG_5186.jpg'),(24,9,'flower_image/IMG_5210_1.jpg'),(48,24,'flower_image/IMG_0990.JPG'),(46,23,'flower_image/1.JPG'),(29,13,'flower_image/IMG_5314_1.jpg'),(30,13,'flower_image/IMG_5315.jpg'),(31,14,'flower_image/IMG_5390.jpg'),(49,25,'flower_image/IMG_1150.jpg'),(45,22,'flower_image/IMG_1411_1.jpg'),(35,17,'flower_image/IMG_8637_1.JPG'),(36,17,'flower_image/IMG_8641.JPG'),(37,18,'flower_image/IMG_9222.JPG'),(38,18,'flower_image/IMG_9224.JPG'),(39,18,'flower_image/IMG_9221.JPG'),(40,19,'flower_image/IMG_1959.jpg'),(41,20,'flower_image/IMG_7023.JPG'),(42,20,'flower_image/IMG_7029.JPG'),(43,21,'flower_image/IMG_7032.JPG'),(44,21,'flower_image/IMG_7033.JPG'),(50,26,'flower_image/IMG_1555.jpg'),(51,27,'flower_image/IMG_1591.jpg'),(52,28,'flower_image/IMG_1617.jpg'),(53,29,'flower_image/IMG_1623.jpg'),(54,30,'flower_image/IMG_1770.jpg'),(55,31,'flower_image/IMG_1779.jpg'),(56,32,'flower_image/IMG_3303.JPG'),(57,33,'flower_image/IMG_3337.JPG'),(58,34,'flower_image/IMG_3361.JPG'),(59,35,'flower_image/IMG_5416.jpg'),(60,36,'flower_image/IMG_5505.jpg'),(61,37,'flower_image/IMG_5512.jpg'),(62,38,'flower_image/IMG_7036.JPG'),(63,39,'flower_image/IMG_7045.JPG'),(64,40,'flower_image/IMG_9252.JPG'),(65,41,'flower_image/IMG_9229.JPG'),(66,40,'flower_image/IMG_9251.JPG'),(67,40,'flower_image/IMG_9254.JPG'),(68,42,'flower_image/2_5.jpg'),(69,43,'flower_image/4_5.jpg'),(70,44,'flower_image/5_5.jpg'),(71,45,'flower_image/7_3.jpg'),(72,46,'flower_image/9_2.jpg'),(73,47,'flower_image/12_1.jpg'),(74,48,'flower_image/14.jpg'),(75,49,'flower_image/16.jpg'),(76,50,'flower_image/18.jpg'),(77,51,'flower_image/2_6.jpg');
/*!40000 ALTER TABLE `catalog_bouquetimage` ENABLE KEYS */;
UNLOCK TABLES;

--
-- Table structure for table `catalog_flowerimage`
--

DROP TABLE IF EXISTS `catalog_flowerimage`;
/*!40101 SET @saved_cs_client     = @@character_set_client */;
/*!40101 SET character_set_client = utf8 */;
CREATE TABLE `catalog_flowerimage` (
  `id` int(11) NOT NULL AUTO_INCREMENT,
  `flower_id` int(11) NOT NULL,
  `image` varchar(100) NOT NULL,
  PRIMARY KEY (`id`),
  KEY `catalog_flowerimage_194dbf75` (`flower_id`)
) ENGINE=MyISAM AUTO_INCREMENT=80 DEFAULT CHARSET=utf8;
/*!40101 SET character_set_client = @saved_cs_client */;

--
-- Dumping data for table `catalog_flowerimage`
--

LOCK TABLES `catalog_flowerimage` WRITE;
/*!40000 ALTER TABLE `catalog_flowerimage` DISABLE KEYS */;
INSERT INTO `catalog_flowerimage` VALUES (8,12,'flower_image/1314867638_gerbera.jpg'),(7,13,'flower_image/1316774702_paporotnik.jpg'),(5,4,'flower_image/IMG_2933.jpg'),(9,11,'flower_image/1315401774_29.jpg'),(10,10,'flower_image/1316588099_42.jpg'),(12,7,'flower_image/1315399412_25.jpg'),(13,6,'flower_image/1315392330_1.jpg'),(14,5,'flower_image/1316589617_53.jpg'),(15,15,'flower_image/1316774072_hot20bb.jpg'),(17,16,'flower_image/1314867523_beargrass.jpg'),(18,17,'flower_image/1316603097_91.jpg'),(19,19,'flower_image/1315822196_Hrisantema_Anastasia.jpg'),(20,20,'flower_image/1314886432_gipsofila.jpg'),(21,21,'flower_image/1315548197_30.jpg'),(22,22,'flower_image/1316779571_23.jpg'),(23,23,'flower_image/1316771292_phalenopsis_red_lips.jpg'),(24,24,'flower_image/1315397070_19.jpg'),(25,25,'flower_image/4.jpg'),(26,26,'flower_image/5.jpg'),(27,27,'flower_image/1.jpg'),(28,28,'flower_image/3.jpg'),(29,28,'flower_image/8.jpg'),(30,29,'flower_image/2.jpg'),(31,30,'flower_image/7.jpg'),(32,31,'flower_image/6.jpg'),(33,32,'flower_image/1_1.jpg'),(34,32,'flower_image/2_1.jpg'),(35,33,'flower_image/3_1.jpg'),(36,33,'flower_image/4_1.jpg'),(37,33,'flower_image/5_1.jpg'),(38,34,'flower_image/6_1.jpg'),(39,35,'flower_image/7_1.jpg'),(40,36,'flower_image/9.jpg'),(41,37,'flower_image/8_1.jpg'),(42,38,'flower_image/IMG_1046.JPG'),(43,39,'flower_image/IMG_1034.JPG'),(44,40,'flower_image/IMG_1040.JPG'),(45,41,'flower_image/3_2.jpg'),(46,42,'flower_image/2_2.jpg'),(47,42,'flower_image/1_2.jpg'),(48,43,'flower_image/4_2.jpg'),(49,44,'flower_image/3_3.jpg'),(50,45,'flower_image/4_3.jpg'),(51,46,'flower_image/2_3.jpg'),(52,47,'flower_image/2_4.jpg'),(53,48,'flower_image/1_3.jpg'),(54,49,'flower_image/3_4.jpg'),(55,50,'flower_image/1_4.jpg'),(56,51,'flower_image/5_2.jpg'),(57,52,'flower_image/1_5.jpg'),(58,53,'flower_image/6_2.jpg'),(59,54,'flower_image/4_4.jpg'),(60,55,'flower_image/5_3.jpg'),(61,56,'flower_image/5_4.jpg'),(62,57,'flower_image/1_6.jpg'),(63,58,'flower_image/3_5.jpg'),(64,59,'flower_image/6_3.jpg'),(65,60,'flower_image/8_2.jpg'),(66,61,'flower_image/9_1.jpg'),(67,62,'flower_image/7_2.jpg'),(68,63,'flower_image/6_4.jpg'),(69,64,'flower_image/10.jpg'),(70,65,'flower_image/8_3.jpg'),(71,66,'flower_image/18_1.jpg'),(72,67,'flower_image/9_3.jpg'),(73,68,'flower_image/11.jpg'),(74,69,'flower_image/13.jpg'),(75,70,'flower_image/15.jpg'),(76,71,'flower_image/7_4.jpg'),(77,72,'flower_image/19.jpg'),(78,73,'flower_image/16_1.jpg'),(79,74,'flower_image/17.jpg');
/*!40000 ALTER TABLE `catalog_flowerimage` ENABLE KEYS */;
UNLOCK TABLES;

--
-- Table structure for table `categories`
--

DROP TABLE IF EXISTS `categories`;
/*!40101 SET @saved_cs_client     = @@character_set_client */;
/*!40101 SET character_set_client = utf8 */;
CREATE TABLE `categories` (
  `id` int(11) NOT NULL AUTO_INCREMENT,
  `name` varchar(100) NOT NULL,
  `created_at` datetime NOT NULL,
  `updated_at` datetime NOT NULL,
  `meta_description` varchar(255) NOT NULL,
  `meta_keywords` varchar(255) NOT NULL,
  `title` varchar(255) NOT NULL,
  `slug` varchar(50) NOT NULL,
  `parent_id` int(11) DEFAULT NULL,
  `lft` int(10) unsigned NOT NULL,
  `rght` int(10) unsigned NOT NULL,
  `tree_id` int(10) unsigned NOT NULL,
  `level` int(10) unsigned NOT NULL,
  PRIMARY KEY (`id`),
  UNIQUE KEY `name` (`name`),
  UNIQUE KEY `slug` (`slug`),
  KEY `categories_63f17a16` (`parent_id`),
  KEY `categories_42b06ff6` (`lft`),
  KEY `categories_91543e5a` (`rght`),
  KEY `categories_efd07f28` (`tree_id`),
  KEY `categories_2a8f42e8` (`level`)
) ENGINE=MyISAM AUTO_INCREMENT=93 DEFAULT CHARSET=utf8;
/*!40101 SET character_set_client = @saved_cs_client */;

--
-- Dumping data for table `categories`
--

LOCK TABLES `categories` WRITE;
/*!40000 ALTER TABLE `categories` DISABLE KEYS */;
INSERT INTO `categories` VALUES (19,'Подарки','2013-01-16 08:46:14','2013-01-30 11:11:05','','','','podarki',NULL,1,20,4,0),(20,'Розы','2013-01-16 08:48:41','2013-01-16 10:46:29','','','','rozy',13,12,25,3,1),(21,'Тюльпаны','2013-01-16 08:49:26','2013-01-16 08:49:26','','','','tyulpany',13,26,27,3,1),(18,'Комнатные растения','2013-01-16 08:46:01','2013-01-30 11:11:21','','','','komnatnye-rasteniya',NULL,1,6,5,0),(13,'Цветы','2013-01-16 08:44:14','2013-01-30 11:10:34','','','','cvety',NULL,1,30,3,0),(92,'Букеты для родителей и гостей','2013-01-30 11:34:29','2013-01-30 11:34:29','','','','bukety-dlya-roditelej-i-gostej',81,4,5,6,1),(90,'Свадебный банкет','2013-01-30 11:33:34','2013-01-30 11:33:34','','','','svadebnyj-banket',81,8,9,6,1),(23,'Герберы','2013-01-16 08:51:03','2013-01-16 08:51:03','','','','gerbery',13,4,5,3,1),(24,'Хризантемы','2013-01-16 08:51:26','2013-01-16 08:51:26','','','','hrizantemy',13,28,27,3,1),(25,'Ромашки','2013-01-16 08:51:43','2013-01-16 08:51:49','','','','romashki',13,26,25,3,1),(26,'Экзотические цветы','2013-01-16 08:52:04','2013-01-16 08:52:04','','','','ekzoticheskie-cvety',13,28,29,3,1),(27,'Полевые цветы','2013-01-16 08:52:27','2013-01-16 08:52:27','','','','polevye-cvety',13,10,11,3,1),(29,'Лилии','2013-01-16 08:53:07','2013-01-16 08:53:07','','','','lilii',13,8,9,3,1),(30,'Каллы','2013-01-16 08:58:21','2013-01-16 08:58:21','','','','kally',13,6,7,3,1),(42,'Альстромерии','2013-01-16 12:23:52','2013-01-16 12:23:52','','','','alstromerii',13,2,3,3,1),(91,'Украшения на машину','2013-01-30 11:34:01','2013-01-30 11:34:01','','','','ukrasheniya-na-mashinu',81,10,11,6,1),(49,'Растение в подарок','2013-01-16 15:19:40','2013-01-16 15:19:40','','','','rastenie-v-podarok',18,4,5,5,1),(88,'Букет невесты','2013-01-30 11:24:09','2013-01-30 11:24:09','','','','buket-nevesty',81,2,3,6,1),(50,'Композиции','2013-01-16 15:20:09','2013-01-16 15:20:09','','','','kompozicii',18,2,3,5,1),(51,'Игрушки','2013-01-16 15:21:10','2013-01-16 15:21:10','','','','igrushki',19,8,9,4,1),(52,'Воздушные шары','2013-01-16 15:21:58','2013-01-16 15:21:58','','','','vozdushnye-shary',19,6,7,4,1),(53,'Открытки','2013-01-16 15:22:25','2013-01-16 15:22:25','','','','otkrytki',19,10,11,4,1),(54,'Сладости','2013-01-16 15:22:50','2013-01-16 15:22:50','','','','sladosti',19,16,17,4,1),(55,'Альбомы','2013-01-16 15:24:05','2013-01-16 15:24:05','','','','albomy',19,2,3,4,1),(56,'Сувениры','2013-01-16 15:24:27','2013-01-17 02:50:40','','','','suveniry',19,18,19,4,1),(57,'Свадебные подарки','2013-01-16 15:25:14','2013-01-16 15:25:14','','','','svadebnye-podarki',19,12,13,4,1),(58,'Свечи','2013-01-16 15:26:02','2013-01-16 15:26:02','','','','svechi',19,14,15,4,1),(59,'Вазы','2013-01-16 15:26:48','2013-01-16 15:26:48','','','','vazy',19,4,5,4,1),(81,'Свадебная флористика','2013-01-16 15:42:40','2013-01-30 11:11:32','','','','svadebnaya-floristika',NULL,1,12,6,0),(89,'Свадебные аксессуары','2013-01-30 11:33:11','2013-01-30 11:33:11','','','','svadebnye-aksessuary',81,6,7,6,1);
/*!40000 ALTER TABLE `categories` ENABLE KEYS */;
UNLOCK TABLES;

--
-- Table structure for table `contman_aboutpage`
--

DROP TABLE IF EXISTS `contman_aboutpage`;
/*!40101 SET @saved_cs_client     = @@character_set_client */;
/*!40101 SET character_set_client = utf8 */;
CREATE TABLE `contman_aboutpage` (
  `id` int(11) NOT NULL AUTO_INCREMENT,
  `content` longtext NOT NULL,
  `meta_description` varchar(255) NOT NULL,
  `meta_keywords` varchar(255) NOT NULL,
  `title` varchar(255) NOT NULL,
  PRIMARY KEY (`id`)
) ENGINE=MyISAM AUTO_INCREMENT=3 DEFAULT CHARSET=utf8;
/*!40101 SET character_set_client = @saved_cs_client */;

--
-- Dumping data for table `contman_aboutpage`
--

LOCK TABLES `contman_aboutpage` WRITE;
/*!40000 ALTER TABLE `contman_aboutpage` DISABLE KEYS */;
INSERT INTO `contman_aboutpage` VALUES (2,'<p><img src=\"/media/uploads/u9cuxsqwqvq.jpg\" alt=\"\" width=\"500\" height=\"334\" /><br /><br />Салон цветов<em> Amelia-Shop.ru </em>имеет большую популярность в городе Челябинске так как доставляет удовольствие клиентам своими работами и качеством товара , сотрудничает со многими компаниями , производит доставку по всему миру и дарит радость вашим сердцам .<br />Компания основана в 2010 году .<br /><br />Наши главные направления в работе :<br />- Оформление праздничных торжеств<br />- Оформление ресторанов<br />- Подарочная флористика<br />- Свадебная флористика<br />- Эксклюзивная подарочная упаковка<br />- Фитодизайн интерьеров<br />- Траурная флористика<br />- Доставка цветов<br /><br />Наша служба доставки <em>Amelia-Shop.ru </em>работает круглосуточно без перерыва и выходных , тем самым дает вам возможность заказать цветы в удобный для вас час и получить заказ в нужное вам время .<br /><br />Сделать заказ вы можете на нашем интернет-сайте <em>Amelia-Shop.ru</em> <br />по телефону горячей линии, который работает круглосуточно&nbsp;: +7(351) 777-91-32 <br />или посетив наш салон : ул. Академика Сахарова, д. 10.&nbsp; Мы всегда рады вас видеть!<br /><br />В нашей компании работают профессиональные флористы и дизайнеры имеющие специальное образование , их работы вы можете найти на нашем сайте.<br />А так же наших клиентов ждет огромный выбор свежесрезанных цветов и готовых букетов и конечно же безграничные возможности для исполнения любых цветочных пожеланий .<br /><br />А главное в нашем салоне, \"<em>Amelia-Shop.ru- </em>международной сети доставки цветов\" , вы можете оформить заказ на доставку цветов в любую точку мира и получить консультации по любым цветочным вопросам. <br /><br /></p>','','','О нас');
/*!40000 ALTER TABLE `contman_aboutpage` ENABLE KEYS */;
UNLOCK TABLES;

--
-- Table structure for table `contman_deliverypage`
--

DROP TABLE IF EXISTS `contman_deliverypage`;
/*!40101 SET @saved_cs_client     = @@character_set_client */;
/*!40101 SET character_set_client = utf8 */;
CREATE TABLE `contman_deliverypage` (
  `id` int(11) NOT NULL AUTO_INCREMENT,
  `content` longtext NOT NULL,
  `meta_description` varchar(255) NOT NULL,
  `meta_keywords` varchar(255) NOT NULL,
  `title` varchar(255) NOT NULL,
  PRIMARY KEY (`id`)
) ENGINE=MyISAM AUTO_INCREMENT=5 DEFAULT CHARSET=utf8;
/*!40101 SET character_set_client = @saved_cs_client */;

--
-- Dumping data for table `contman_deliverypage`
--

LOCK TABLES `contman_deliverypage` WRITE;
/*!40000 ALTER TABLE `contman_deliverypage` DISABLE KEYS */;
INSERT INTO `contman_deliverypage` VALUES (4,'<img src=\"/media/uploads/peugeot-partner-tepee-vp-2.jpg\" alt=\"\" width=\"400\" height=\"300\" /><br /><br />\r\n<p><strong>Стоимость и сроки доставки цветов</strong></p>\r\n<h3>Круглосуточная доставка по Челябинску</h3>\r\n<p><br />Мы работаем круглосуточно. В колл-центре всегда есть операторы на линии, водители службы доставки готовы доставить вам букет в любое время дня или ночи. Доставка цветов по Челябинску в пределах города осуществляется с оперативностью от 30-ти минут после заказа.</p>\r\n<p>Доставка по Челябинской области - от 1-го часа.<br />Кроме этого, у вас есть возможность заказать костюмированную доставку</p>\r\n<h3>Бесплатная доставка</h3>\r\n<p><br />Если при оформлении доставки вы выбрали один из следующих интервалов, то доставка бесплатна!</p>\r\n<p>с 00:00 до 02:00 &nbsp; &nbsp; &nbsp; &nbsp; &nbsp; &nbsp; &nbsp; &nbsp; &nbsp; &nbsp; &nbsp; &nbsp; &nbsp;&nbsp; с 10:00 до 13:00</p>\r\n<p>с 02:00 до 04:00 &nbsp; &nbsp; &nbsp; &nbsp; &nbsp; &nbsp; &nbsp; &nbsp; &nbsp; &nbsp; &nbsp; &nbsp; &nbsp;&nbsp; с 13:00 до 16:00</p>\r\n<p>с 04:00 до 06:00 &nbsp; &nbsp; &nbsp; &nbsp; &nbsp; &nbsp; &nbsp; &nbsp; &nbsp; &nbsp; &nbsp; &nbsp; &nbsp; &nbsp;с 16:00 до 19:00</p>\r\n<p>с 06:00 до 08:00 &nbsp; &nbsp; &nbsp; &nbsp; &nbsp; &nbsp; &nbsp; &nbsp; &nbsp; &nbsp; &nbsp;&nbsp; &nbsp; &nbsp; с 19:00 до 22:00</p>\r\n<p>с 08:00 до 10:00 &nbsp; &nbsp; &nbsp; &nbsp; &nbsp; &nbsp; &nbsp; &nbsp;&nbsp; &nbsp; &nbsp; &nbsp; &nbsp; &nbsp; с 22:00 до 00:00</p>\r\n<p>Внимание!!! При чрезвычайной загруженности дорог в Челябинске ( 8 баллов и выше по данным \"Яндекс.Пробки\") время доставки может быть скорректировано. Надеемся на Ваше понимание!<br /><br />Доставка по Челябинской области рассчитывается индивидуально, стоимость вы можете уточнить у менеджеров.</p>\r\n<h3>Доставка день в день</h3>\r\n<p>Доставка день в день для заказов от 1000 рублей бесплатно. Для заказов менее 1000 рублей стоимость доставки день в день составляет 200 рублей.</p>\r\n<h3>Доставка к точному времени</h3>\r\n<p>Если нужна доставка к точному времени, то стоимость доставки будет 200 рублей, и ваш букет доставят получателю с точностью до 5 минут от указанного при оформлении заказа срока.</p>\r\n<h3>Доставка по другим городам России, международная доставка</h3>\r\n<p>Доставка по Екатеринбургу может быть осуществлена в день оформления и оплаты заказа.</p>\r\n<p>По России, в страны СНГ и Балтии, а также в страны дальнего зарубежья, доставка осуществляется на следующий рабочий день после оформления и оплаты заказа. При необходимости более оперативной доставки, сообщите нам необходимые параметры заказа, и мы постараемся выполнить ваш заказ индивидуально, в более сжатые сроки.</p>\r\n<p>Доставка в выходные и праздничные дни - по запросу ( после вашего запроса менеджер нашей компании уточняет в регионе доставки возможность исполнения вашего заказа).</p>\r\n<p>При оформлении заказа на междугородную и международную доставку не забывайте учитывать разницу часовых поясов. В австралию, Японию, на Дальний Восток и т.п. заказы принимаются не позднее, чем за двое суток до даты доставки.</p>','','','');
/*!40000 ALTER TABLE `contman_deliverypage` ENABLE KEYS */;
UNLOCK TABLES;

--
-- Table structure for table `contman_discountspage`
--

DROP TABLE IF EXISTS `contman_discountspage`;
/*!40101 SET @saved_cs_client     = @@character_set_client */;
/*!40101 SET character_set_client = utf8 */;
CREATE TABLE `contman_discountspage` (
  `id` int(11) NOT NULL AUTO_INCREMENT,
  `content` longtext NOT NULL,
  `meta_description` varchar(255) NOT NULL,
  `meta_keywords` varchar(255) NOT NULL,
  `title` varchar(255) NOT NULL,
  PRIMARY KEY (`id`)
) ENGINE=MyISAM AUTO_INCREMENT=2 DEFAULT CHARSET=utf8;
/*!40101 SET character_set_client = @saved_cs_client */;

--
-- Dumping data for table `contman_discountspage`
--

LOCK TABLES `contman_discountspage` WRITE;
/*!40000 ALTER TABLE `contman_discountspage` DISABLE KEYS */;
/*!40000 ALTER TABLE `contman_discountspage` ENABLE KEYS */;
UNLOCK TABLES;

--
-- Table structure for table `contman_indexpage`
--

DROP TABLE IF EXISTS `contman_indexpage`;
/*!40101 SET @saved_cs_client     = @@character_set_client */;
/*!40101 SET character_set_client = utf8 */;
CREATE TABLE `contman_indexpage` (
  `id` int(11) NOT NULL AUTO_INCREMENT,
  `content` longtext NOT NULL,
  `meta_description` varchar(255) NOT NULL,
  `meta_keywords` varchar(255) NOT NULL,
  `title` varchar(255) NOT NULL,
  PRIMARY KEY (`id`)
) ENGINE=MyISAM AUTO_INCREMENT=2 DEFAULT CHARSET=utf8;
/*!40101 SET character_set_client = @saved_cs_client */;

--
-- Dumping data for table `contman_indexpage`
--

LOCK TABLES `contman_indexpage` WRITE;
/*!40000 ALTER TABLE `contman_indexpage` DISABLE KEYS */;
INSERT INTO `contman_indexpage` VALUES (1,'<div class=\"l\">\r\n<h3>Доставка цветов по всему миру</h3>\r\n<p>Дарите праздник вместе с Amelia-shop.ru! Красочные букеты и цветочные корзины - выбирайте и удивляйте! Наша служба доставки цветов радотает КРУГЛОСУТОЧНО.<br /><br />Amelia-shop.ru гарантирует Вам качество и оперативность при выполнении заказа на подарочные букеты цветов, сухоцветы и цветочные композиции. Доставка подарков выполняется курьерской службой по Челябинску и Всему Миру. Каждый заказ исполняется нами точно в срок.<br /><br />Мы гарантируем, что все цветы, использованные при составлении букетов и цветочны композиций, свежие и высокого качества. В условиях доставки цветов в холодное время года мы используем специальную защиту. Мы готовы выполнить срочный заказ доставки цветов как на букеты и композиции из нашего онлайн-каталога, так и на индивидуальный заказ даже из редких экзотических цветов.<br /><br /></p>\r\n</div>','','','');
/*!40000 ALTER TABLE `contman_indexpage` ENABLE KEYS */;
UNLOCK TABLES;

--
-- Table structure for table `contman_paymentpage`
--

DROP TABLE IF EXISTS `contman_paymentpage`;
/*!40101 SET @saved_cs_client     = @@character_set_client */;
/*!40101 SET character_set_client = utf8 */;
CREATE TABLE `contman_paymentpage` (
  `id` int(11) NOT NULL AUTO_INCREMENT,
  `content` longtext NOT NULL,
  `meta_description` varchar(255) NOT NULL,
  `meta_keywords` varchar(255) NOT NULL,
  `title` varchar(255) NOT NULL,
  PRIMARY KEY (`id`)
) ENGINE=MyISAM AUTO_INCREMENT=3 DEFAULT CHARSET=utf8;
/*!40101 SET character_set_client = @saved_cs_client */;

--
-- Dumping data for table `contman_paymentpage`
--

LOCK TABLES `contman_paymentpage` WRITE;
/*!40000 ALTER TABLE `contman_paymentpage` DISABLE KEYS */;
INSERT INTO `contman_paymentpage` VALUES (2,'<p>Мы предлагаем Вам следующие способы оплаты заказов:</p>\r\n<h3>Наличными в цветочном салоне Amelia-shop.ru</h3>\r\n<h3><img src=\"/media/uploads/cash_new.gif\" alt=\"\" width=\"89\" height=\"31\" />&nbsp;</h3>\r\n<p>Адрес салона: 454000, Челябинск, ул. Академика Сахарова, д.10. Время: 09:00-20:00.</p>\r\n<h3>Наличными курьеру</h3>\r\n<p>Адрес для вызова курьера и доставки могут отличаться. Вызов курьера за наличной оплатой по Челябинску - бесплатно (с 9:00 до 18:00) в пределах города.</p>\r\n<h3>Оплата кредитной картой при оформлении заказа на сайте</h3>\r\n<br /><img src=\"/media/uploads/visa_new.gif\" alt=\"\" width=\"49\" height=\"31\" />&nbsp;&nbsp;<img src=\"/media/uploads/master_new.gif\" alt=\"\" width=\"52\" height=\"31\" /><br />\r\n<p>VISA, MasterCard. Оплата происходит через авторизационный сервер универсальной платежной системы Mainpay.</p>\r\n<p>Карта Visa Electron может быть использована для оплаты покупок через Интернет только, если на обратной стороне карты прописано CVV2.</p>\r\n<h3>Оплата кредитной картой в салоне Amelia-shop.ru</h3>\r\n<p>В офисе нашей компании принимаются к оплате пластиковые карты &nbsp;VISA, Eurocard/MasterCard, Visa Electron, Maestro.</p>\r\n<h3>Оплата через платежную систему Яндекс.Деньги</h3>\r\n<br /><img src=\"/media/uploads/yandex_new.gif\" alt=\"\" width=\"73\" height=\"31\" /><br />\r\n<p>Яндекс.Деньги - доступный и безопасный способ оплатить за товары и услуги через интернет. Пополнение счета и оплата заказов происходят в реальном времени на сайте платежной системы.</p>\r\n<p><strong><em>Внимание! В связи с изменениями в российском законодательстве для пользователей платежной системы, не прошедших процедуру идентификации, с 21 декабря 2009 года установлено ограничение на максимальный размер платежей: 15000 рублей. Подробную информацию смотрите на сайте Яедекс.Деньги.</em></strong></p>\r\n<h3>Оплата через платежную систему Webmoney</h3>\r\n<h3><br /><img src=\"/media/uploads/webmoney_new.gif\" alt=\"\" width=\"93\" height=\"31\" /></h3>\r\n<p>Вы можете оплатить заказ с помощью кошелька Webmoney.</p>\r\n<h3>Оплата через Сбербанк</h3>\r\n<p>Вы можете произвести оплату в любом отделении Сбербанка по всей России.</p>\r\n<img src=\"/media/uploads/sbrf_new.gif\" alt=\"\" width=\"93\" height=\"31\" /><br />\r\n<p>Для того, чтобы Ваш заказ был принят к исполнению, пожалуйста, пришлите нам копию оплаченной квитанции на e-mail.</p>\r\n<h3>Наличными через платежный терминал QIWI (КИВИ)</h3>\r\n<img src=\"/media/uploads/qiwi_new.gif\" alt=\"\" width=\"82\" height=\"31\" />\r\n<p>По всей России установлено более 85000 платежных терминалов &nbsp;QIWI (КИВИ), Вы можете оплатить заказ в ближайшем терминале.</p>\r\n<p>Обращаем Ваше внимание, что при оплате заказа через платежные терминалы QIWI (КИВИ) возможна дополнительная комиссия, взимаемая за счет абонента. Комиссия зависит от условий, установленных в терминале.</p>\r\n<p>Узнать о комиссии на терминале можно непосредственно перед оплатой заказа.</p>\r\n<p>Внимание! Единовременный платеж через терминал&nbsp; QIWI (КИВИ) не может превышать 15000 рублей. Если сумма вашего заказа больше 15000 рублей, вам необходимо совершить несколько платежей подряд, указав один и тот же номер заказа.</p>\r\n<h3>Оплата через &nbsp;QIWI Кошелек&nbsp;</h3>\r\n<img src=\"/media/uploads/qiwi_ko.gif\" alt=\"\" width=\"65\" height=\"31\" /><br />\r\n<p>Вы можете оплатить заказ из личного кабинета в системе&nbsp; QIWI&nbsp; Кошелек.</p>\r\n<h3>Оплата по безналичному расчету для организаций</h3>','','','Оплата');
/*!40000 ALTER TABLE `contman_paymentpage` ENABLE KEYS */;
UNLOCK TABLES;

--
-- Table structure for table `contman_slideritem`
--

DROP TABLE IF EXISTS `contman_slideritem`;
/*!40101 SET @saved_cs_client     = @@character_set_client */;
/*!40101 SET character_set_client = utf8 */;
CREATE TABLE `contman_slideritem` (
  `id` int(11) NOT NULL AUTO_INCREMENT,
  `image` varchar(100) NOT NULL,
  `slogan` varchar(55) NOT NULL,
  `pageObject_id` int(11) NOT NULL,
  `link` varchar(55) NOT NULL,
  PRIMARY KEY (`id`),
  KEY `contman_slideritem_677c384e` (`pageObject_id`)
) ENGINE=MyISAM AUTO_INCREMENT=9 DEFAULT CHARSET=utf8;
/*!40101 SET character_set_client = @saved_cs_client */;

--
-- Dumping data for table `contman_slideritem`
--

LOCK TABLES `contman_slideritem` WRITE;
/*!40000 ALTER TABLE `contman_slideritem` DISABLE KEYS */;
INSERT INTO `contman_slideritem` VALUES (7,'slider_items/9999999.jpg','Акция 1+1=1',1,'http://test.amelia-shop.ru/service/akcii/'),(4,'slider_items/irina_2.png','Букет недели!',1,'http://test.amelia-shop.ru/product/korolevskij-podarok/'),(8,'slider_items/katia.png','Цветы любви',1,'');
/*!40000 ALTER TABLE `contman_slideritem` ENABLE KEYS */;
UNLOCK TABLES;

--
-- Table structure for table `django_admin_log`
--

DROP TABLE IF EXISTS `django_admin_log`;
/*!40101 SET @saved_cs_client     = @@character_set_client */;
/*!40101 SET character_set_client = utf8 */;
CREATE TABLE `django_admin_log` (
  `id` int(11) NOT NULL AUTO_INCREMENT,
  `action_time` datetime NOT NULL,
  `user_id` int(11) NOT NULL,
  `content_type_id` int(11) DEFAULT NULL,
  `object_id` longtext,
  `object_repr` varchar(200) NOT NULL,
  `action_flag` smallint(5) unsigned NOT NULL,
  `change_message` longtext NOT NULL,
  PRIMARY KEY (`id`),
  KEY `django_admin_log_fbfc09f1` (`user_id`),
  KEY `django_admin_log_e4470c6e` (`content_type_id`)
) ENGINE=MyISAM AUTO_INCREMENT=723 DEFAULT CHARSET=utf8;
/*!40101 SET character_set_client = @saved_cs_client */;

--
-- Dumping data for table `django_admin_log`
--

LOCK TABLES `django_admin_log` WRITE;
/*!40000 ALTER TABLE `django_admin_log` DISABLE KEYS */;
INSERT INTO `django_admin_log` VALUES (1,'2013-01-08 08:17:57',1,10,'1','First category',1,''),(2,'2013-01-08 08:18:22',1,10,'2','Second Category',1,''),(3,'2013-01-08 08:20:25',1,11,'1','Красная роза',1,''),(4,'2013-01-08 08:21:39',1,11,'2','Белая роза',1,''),(5,'2013-01-08 08:25:13',1,16,'1','1',1,''),(6,'2013-01-08 08:27:41',1,16,'1','1',2,'Добавлен Элемент слайдера \"1\". Добавлен Элемент слайдера \"2\". Добавлен Элемент слайдера \"3\".'),(7,'2013-01-08 08:35:05',1,18,'1','1',1,''),(8,'2013-01-08 08:35:31',1,18,'1','1',3,''),(9,'2013-01-08 08:35:58',1,18,'2','2',1,''),(10,'2013-01-08 08:55:04',1,3,'1','admin',2,'Изменен password,first_name и last_name.'),(11,'2013-01-08 08:57:53',1,25,'2','30be74a2-5971-11e2-a35e-00163e000bff',3,''),(12,'2013-01-08 08:57:53',1,25,'1','792f8eca-5970-11e2-a427-00163e000bff',3,''),(13,'2013-01-08 09:01:58',1,3,'2','vadyosa@yandex.ua',3,''),(14,'2013-01-08 09:06:10',1,25,'4','53ecbaaa-5972-11e2-9048-00163e000bff',3,''),(15,'2013-01-08 09:06:10',1,25,'3','a37be574-5971-11e2-977a-00163e000bff',3,''),(16,'2013-01-09 15:13:47',1,25,'7','d074b342-5a6d-11e2-a477-00163e000bff',3,''),(17,'2013-01-09 15:14:01',1,3,'5','montag@mail.ru',3,''),(18,'2013-01-09 20:32:29',1,23,'1','Услуга',1,''),(19,'2013-01-09 20:39:04',1,13,'1','Букет из роз',1,''),(20,'2013-01-09 21:07:10',1,22,'1','Новость',1,''),(21,'2013-01-09 21:08:32',1,22,'2','12.01.2012',1,''),(22,'2013-01-09 21:09:08',1,22,'2','12.01.2012',2,'Изменен public.'),(23,'2013-01-09 21:09:48',1,22,'2','Другая новость',2,'Изменен date и title.'),(24,'2013-01-09 21:15:14',1,19,'1','1',1,''),(25,'2013-01-09 22:45:06',1,16,'1','1',2,'Изменен content.'),(26,'2013-01-09 22:46:02',1,16,'1','1',2,'Изменен content.'),(27,'2013-01-09 22:47:48',1,18,'2','2',2,'Изменен content.'),(28,'2013-01-09 22:48:52',1,21,'1','1',1,''),(29,'2013-01-09 22:55:27',1,20,'1','1',1,''),(30,'2013-01-09 22:56:55',1,16,'1','1',2,'Изменен content.'),(31,'2013-01-10 07:35:42',1,13,'2','Букет из кактусов',1,''),(32,'2013-01-15 07:58:22',1,3,'4','as@2eng.ru',3,''),(33,'2013-01-15 07:58:33',1,3,'6','arseny@2eng.ru',3,''),(34,'2013-01-15 11:17:48',1,25,'11','8b338d26-5f04-11e2-b783-00163e000bff',3,''),(35,'2013-01-15 11:17:48',1,25,'10','c2d50368-5e41-11e2-b65e-00163e000bff',3,''),(36,'2013-01-15 11:17:48',1,25,'5','c4e4f196-5972-11e2-aec3-00163e000bff',3,''),(37,'2013-01-15 12:27:22',1,3,'9','j@mail.com',3,''),(38,'2013-01-15 13:08:16',1,3,'10','jkhgkj@lkjhlk.com',3,''),(39,'2013-01-15 13:08:56',1,25,'17','17',3,''),(40,'2013-01-15 13:08:56',1,25,'16','16',3,''),(41,'2013-01-15 13:08:56',1,25,'15','15',3,''),(42,'2013-01-15 13:08:56',1,25,'12','12',3,''),(43,'2013-01-15 14:50:32',1,13,'2','Букет из кактусов',3,''),(44,'2013-01-15 14:50:32',1,13,'1','Букет из роз',3,''),(45,'2013-01-15 14:50:55',1,11,'2','Белая роза',3,''),(46,'2013-01-15 14:50:55',1,11,'1','Красная роза',3,''),(47,'2013-01-16 06:02:50',1,18,'2','2',2,'Изменен content.'),(48,'2013-01-16 06:03:05',1,18,'2','2',2,'Ни одно поле не изменено.'),(49,'2013-01-16 06:05:31',1,18,'2','2',2,'Изменен content.'),(50,'2013-01-16 06:09:57',1,18,'2','2',2,'Изменен content.'),(51,'2013-01-16 06:11:43',1,18,'2','2',2,'Изменен content.'),(52,'2013-01-16 06:22:46',1,18,'2','2',2,'Изменен content.'),(53,'2013-01-16 06:30:26',1,18,'2','2',2,'Ни одно поле не изменено.'),(54,'2013-01-16 06:30:56',1,18,'2','2',2,'Изменен content.'),(55,'2013-01-16 06:32:06',1,18,'2','2',2,'Изменен content.'),(56,'2013-01-16 06:33:31',1,18,'2','2',2,'Изменен content.'),(57,'2013-01-16 06:34:08',1,18,'2','2',2,'Изменен content.'),(58,'2013-01-16 06:48:24',1,18,'2','2',2,'Изменен content.'),(59,'2013-01-16 06:49:09',1,18,'2','2',2,'Изменен content.'),(60,'2013-01-16 06:50:45',1,18,'2','2',2,'Изменен content.'),(61,'2013-01-16 06:51:31',1,18,'2','2',2,'Изменен content.'),(62,'2013-01-16 06:52:14',1,18,'2','2',2,'Изменен content.'),(63,'2013-01-16 06:54:25',1,18,'2','2',2,'Изменен content.'),(64,'2013-01-16 06:55:03',1,18,'2','2',2,'Изменен content.'),(65,'2013-01-16 07:00:12',1,16,'1','1',2,'Изменены link для Элемент слайдера \"1\".'),(66,'2013-01-16 07:20:36',1,18,'2','2',2,'Изменен content.'),(67,'2013-01-16 07:21:49',1,18,'2','2',2,'Ни одно поле не изменено.'),(68,'2013-01-16 07:40:29',1,10,'3','День Святого Валентина',1,''),(69,'2013-01-16 07:48:03',1,10,'3','Розы',2,'Изменен name и slug.'),(70,'2013-01-16 07:51:29',1,10,'4','Тюльпаны',1,''),(71,'2013-01-16 07:51:52',1,10,'5','Герберы',1,''),(72,'2013-01-16 07:52:09',1,10,'6','Хризантема',1,''),(73,'2013-01-16 07:52:21',1,10,'6','Хризантемы',2,'Изменен name.'),(74,'2013-01-16 07:52:41',1,10,'7','Ромашки',1,''),(75,'2013-01-16 07:53:21',1,10,'8','Экзотические цветы',1,''),(76,'2013-01-16 07:54:26',1,10,'9','Лилии',1,''),(77,'2013-01-16 07:55:15',1,10,'10','Каллы',1,''),(78,'2013-01-16 07:55:44',1,10,'11','Орхидеи',1,''),(79,'2013-01-16 07:56:27',1,10,'12','Фигурки из цветов',1,''),(80,'2013-01-16 08:44:14',1,10,'13','ЦВЕТЫ',1,''),(81,'2013-01-16 08:44:33',1,10,'14','ПОВОДЫ',1,''),(82,'2013-01-16 08:45:01',1,10,'15','VIP-БУКЕТЫ',1,''),(83,'2013-01-16 08:45:21',1,10,'16','ЦЕНА',1,''),(84,'2013-01-16 08:45:38',1,10,'17','ПОЛУЧАТЕЛЬ',1,''),(85,'2013-01-16 08:46:01',1,10,'18','КОМНАТНЫЕ РАСТЕНИЯ',1,''),(86,'2013-01-16 08:46:14',1,10,'19','ПОДАРКИ',1,''),(87,'2013-01-16 08:48:41',1,10,'20','Розы',1,''),(88,'2013-01-16 08:49:26',1,10,'21','Тюльпаны',1,''),(89,'2013-01-16 08:49:46',1,10,'22','Герберы',1,''),(90,'2013-01-16 08:51:06',1,10,'23','Герберы',1,''),(91,'2013-01-16 08:51:26',1,10,'24','Хризантемы',1,''),(92,'2013-01-16 08:51:43',1,10,'25','Ромашки',1,''),(93,'2013-01-16 08:51:49',1,10,'25','Ромашки',2,'Ни одно поле не изменено.'),(94,'2013-01-16 08:52:04',1,10,'26','Экзотические цветы',1,''),(95,'2013-01-16 08:52:27',1,10,'27','Полевые цветы',1,''),(96,'2013-01-16 08:52:50',1,10,'28','Гвоздики',1,''),(97,'2013-01-16 08:53:07',1,10,'29','Лилии',1,''),(98,'2013-01-16 08:58:34',1,10,'30','Каллы',1,''),(99,'2013-01-16 09:52:49',1,10,'20','Розы',2,'Изменен meta_description.'),(100,'2013-01-16 09:54:51',1,10,'31','Белые',1,''),(101,'2013-01-16 09:55:10',1,10,'32','Кремовые',1,''),(102,'2013-01-16 09:55:32',1,10,'33','Желтые',1,''),(103,'2013-01-16 09:56:12',1,10,'34','Зеленые',1,''),(104,'2013-01-16 09:56:42',1,10,'35','Оранжевые',1,''),(105,'2013-01-16 09:57:05',1,10,'36','Розовые',1,''),(106,'2013-01-16 09:58:40',1,10,'37','Красные',1,''),(107,'2013-01-16 09:58:55',1,10,'38','Бордовые',1,''),(108,'2013-01-16 09:59:13',1,10,'39','Кофейные',1,''),(109,'2013-01-16 09:59:43',1,10,'40','Сиреневые',1,''),(110,'2013-01-16 10:00:50',1,10,'41','Синие',1,''),(111,'2013-01-16 10:16:12',1,13,'3','Все для Тебя',1,''),(112,'2013-01-16 10:19:52',1,13,'3','Все для Тебя',2,'Добавлен Изображение букета \"http://test.amelia-shop.ru/media/flower_image/IMG_3789_1.jpg\". Удален Изображение букета \"http://test.amelia-shop.ru/media/flower_image/IMG_3789.jpg\".'),(113,'2013-01-16 10:24:16',1,13,'3','Все для Тебя',2,'Изменен promoblock.'),(114,'2013-01-16 10:24:55',1,13,'3','Все для Тебя',2,'Изменен promoblock.'),(115,'2013-01-16 10:27:08',1,13,'3','Все для Тебя',2,'Изменен promoblock.'),(116,'2013-01-16 10:28:12',1,13,'3','Все для Тебя',2,'Изменен promoblock.'),(117,'2013-01-16 10:28:43',1,13,'3','Все для Тебя',2,'Изменен promoblock.'),(118,'2013-01-16 10:35:25',1,13,'3','Все для Тебя',2,'Изменен promoblock.'),(119,'2013-01-16 10:35:25',1,13,'3','Все для Тебя',2,'Изменен promoblock.'),(120,'2013-01-16 10:39:43',1,11,'3','Роза',1,''),(121,'2013-01-16 10:39:49',1,13,'3','Все для Тебя',2,'Добавлен Элемент букета \"Роза\".'),(122,'2013-01-16 10:45:51',1,11,'4','Розы',1,''),(123,'2013-01-16 10:46:29',1,10,'20','Розы',2,'Изменен meta_description.'),(124,'2013-01-16 10:46:58',1,11,'3','Роза',3,''),(125,'2013-01-16 10:50:28',1,11,'5','Хризантема кустовая',1,''),(126,'2013-01-16 10:52:13',1,10,'13','ЦВЕТЫ',2,'Изменены is_active для Цветок \"Розы\".'),(127,'2013-01-16 10:53:04',1,11,'5','Хризантема кустовая',2,'Изменен is_active.'),(128,'2013-01-16 10:59:21',1,11,'6','Альстромерии',1,''),(129,'2013-01-16 11:58:36',1,11,'4','Розы',2,'Изменен price,description и promoblock.'),(130,'2013-01-16 11:59:05',1,11,'4','Розы',2,'Изменен description и category.'),(131,'2013-01-16 12:18:04',1,11,'5','Хризантема кустовая',2,'Изменен price,description,promoblock и category.'),(132,'2013-01-16 12:21:37',1,11,'6','Альстромерии',2,'Изменен price,description и promoblock.'),(133,'2013-01-16 12:23:52',1,10,'42','Альстромерии',1,''),(134,'2013-01-16 12:25:06',1,11,'6','Альстромерии',2,'Изменен category.'),(135,'2013-01-16 12:29:47',1,11,'7','Эустома',1,''),(136,'2013-01-16 12:52:21',1,11,'7','Эустома',2,'Изменен price.'),(137,'2013-01-16 12:53:07',1,11,'4','Розы',2,'Добавлен Изображение цветка \"http://test.amelia-shop.ru/media/flower_image/IMG_2933.jpg\".'),(138,'2013-01-16 13:36:41',1,13,'3','Все для Тебя',2,'Изменен promoblock. Добавлен Элемент букета \"Хризантема кустовая\". Добавлен Элемент букета \"Розы\". Добавлен Элемент букета \"Альстромерии\". Добавлен Элемент букета \"Эустома\". Добавлен Изображение букета \"http://test.amelia-shop.ru/media/flower_image/IMG_3809.jpg\". Добавлен Изображение букета \"http://test.amelia-shop.ru/media/flower_image/IMG_3787.jpg\".'),(139,'2013-01-16 13:58:47',1,13,'4','Каравелла',1,''),(140,'2013-01-16 14:00:21',1,13,'4','Каравелла',2,'Добавлен Изображение букета \"http://test.amelia-shop.ru/media/flower_image/IMG_2925.jpg\". Добавлен Изображение букета \"http://test.amelia-shop.ru/media/flower_image/IMG_2933_1.jpg\".'),(141,'2013-01-16 14:08:48',1,13,'4','Каравелла',2,'Добавлен Изображение букета \"http://test.amelia-shop.ru/media/flower_image/IMG_2928.jpg\".'),(142,'2013-01-16 14:09:39',1,13,'4','Каравелла',2,'Изменен promoblock.'),(143,'2013-01-16 15:04:20',1,10,'43','Букеты',1,''),(144,'2013-01-16 15:04:52',1,10,'44','Корзины и Композиции',1,''),(145,'2013-01-16 15:06:02',1,10,'45','Бизнес букет',1,''),(146,'2013-01-16 15:07:25',1,10,'46','Поздравляю',1,''),(147,'2013-01-16 15:16:15',1,10,'47','Она',1,''),(148,'2013-01-16 15:17:22',1,10,'48','Он',1,''),(149,'2013-01-16 15:19:40',1,10,'49','Растение в подарок',1,''),(150,'2013-01-16 15:20:09',1,10,'50','Композиции',1,''),(151,'2013-01-16 15:21:10',1,10,'51','Игрушки',1,''),(152,'2013-01-16 15:21:58',1,10,'52','Воздушные шары',1,''),(153,'2013-01-16 15:22:25',1,10,'53','Открытки',1,''),(154,'2013-01-16 15:22:50',1,10,'54','Сладости',1,''),(155,'2013-01-16 15:24:05',1,10,'55','Альбомы',1,''),(156,'2013-01-16 15:24:27',1,10,'56','Сувениры',1,''),(157,'2013-01-16 15:25:14',1,10,'57','Свадебные подарки',1,''),(158,'2013-01-16 15:26:02',1,10,'58','Свечи',1,''),(159,'2013-01-16 15:26:48',1,10,'59','Вазы',1,''),(160,'2013-01-16 15:27:54',1,10,'60','До 2000 р.',1,''),(161,'2013-01-16 15:29:23',1,10,'61','От 3000 р. до 4000 р.',1,''),(162,'2013-01-16 15:30:34',1,10,'62','От 2000 р. до 3000 р.',1,''),(163,'2013-01-16 15:31:14',1,10,'63','От 4000 р. до 5000 р.',1,''),(164,'2013-01-16 15:32:12',1,10,'64','От 5000 р. до 6000 р.',1,''),(165,'2013-01-16 15:33:39',1,10,'65','От 6000 р. до 8000 р.',1,''),(166,'2013-01-16 15:34:16',1,10,'66','От 8000 р. до 10000 р.',1,''),(167,'2013-01-16 15:35:05',1,10,'67','От 10000 р. до 15000 р.',1,''),(168,'2013-01-16 15:35:57',1,10,'68','От 15000 р. до 25000 р.',1,''),(169,'2013-01-16 15:36:21',1,10,'69','От 25000 р.',1,''),(170,'2013-01-16 15:37:09',1,10,'70','День рождения',1,''),(171,'2013-01-16 15:37:34',1,10,'71','Бизнес букет',1,''),(172,'2013-01-16 15:37:55',1,10,'72','Розы на праздник',1,''),(173,'2013-01-16 15:38:21',1,10,'73','Юбилей',1,''),(174,'2013-01-16 15:38:43',1,10,'74','Цветы любви',1,''),(175,'2013-01-16 15:39:08',1,10,'75','Свадьба',1,''),(176,'2013-01-16 15:39:34',1,10,'76','Цветы по гороскопу',1,''),(177,'2013-01-16 15:40:00',1,10,'77','Прости',1,''),(178,'2013-01-16 15:40:19',1,10,'78','Спасибо',1,''),(179,'2013-01-16 15:40:49',1,10,'79','Рождение ребенка',1,''),(180,'2013-01-16 15:41:25',1,10,'80','Оформление интерьера',1,''),(181,'2013-01-16 15:42:40',1,10,'81','Свадебная флористика',1,''),(182,'2013-01-16 15:43:04',1,10,'82','Новый год',1,''),(183,'2013-01-16 15:44:26',1,10,'83','8 марта',1,''),(184,'2013-01-16 15:44:52',1,10,'84','Корпоративное обслуживание',1,''),(185,'2013-01-16 15:57:38',1,23,'1','Фитодизайн интерьера',2,'Изменен title.'),(186,'2013-01-16 15:58:10',1,23,'2','Новогоднее оформление',1,''),(187,'2013-01-16 15:58:53',1,23,'3','Оформление ресторанов',1,''),(188,'2013-01-16 15:59:30',1,23,'4','Подарочная упаковка',1,''),(189,'2013-01-16 16:00:05',1,23,'5','Оформление свадьбы цветами',1,''),(190,'2013-01-16 16:04:18',1,23,'6','Организация и проведение выездной регистрации',1,''),(191,'2013-01-16 16:05:41',1,23,'7','Оформление цветами',1,''),(192,'2013-01-16 16:07:32',1,23,'8','Оформление шарами',1,''),(193,'2013-01-16 16:12:42',1,23,'9','Организация и проведение праздников',1,''),(194,'2013-01-16 16:17:37',1,23,'2','Новогоднее оформление',2,'Изменен public.'),(195,'2013-01-16 16:18:17',1,23,'3','Оформление ресторанов',2,'Изменен public.'),(196,'2013-01-16 16:19:00',1,23,'10','Траурная флористика',1,''),(197,'2013-01-16 16:21:20',1,10,'85','Траурная флористика',1,''),(198,'2013-01-17 02:57:38',1,10,'85','Траурная флористика',2,'Изменен parent.'),(199,'2013-01-17 03:00:12',1,10,'85','Флористика Траурная',2,'Изменен name.'),(200,'2013-01-17 03:03:31',1,10,'86','Флористика Траурная',1,''),(201,'2013-01-17 03:15:50',1,10,'81','СВАДЕБНАЯ ФЛОРИСТИКА',2,'Изменен name.'),(202,'2013-01-17 03:17:51',1,10,'77','Прости',2,'Изменен parent.'),(203,'2013-01-17 03:18:32',1,10,'83','8 МАРТА',2,'Изменен name.'),(204,'2013-01-17 03:28:28',1,10,'82','НОВЫЙ ГОД',2,'Изменен name.'),(205,'2013-01-17 03:30:10',1,10,'84','КОРПОРАТИВНОЕ ОБСЛУЖИВАНИЕ',2,'Изменен name.'),(206,'2013-01-17 03:32:11',1,10,'86','ТРАУРНАЯ ФЛОРИСТИКА',2,'Изменен name.'),(207,'2013-01-17 04:08:38',1,13,'5','Осень',1,''),(208,'2013-01-17 04:09:55',1,13,'5','Осень',2,'Добавлен Изображение букета \"http://test.amelia-shop.ru/media/flower_image/IMG_2632.jpg\".'),(209,'2013-01-17 04:33:11',1,13,'6','Таинственная незнакомка',1,''),(210,'2013-01-17 04:42:15',1,13,'6','Таинственная незнакомка',3,''),(211,'2013-01-17 04:42:15',1,13,'5','Осень',3,''),(212,'2013-01-17 07:24:17',1,11,'8','Тестовая позиция',1,''),(213,'2013-01-17 07:33:23',1,13,'3','Все для Тебя',2,'Изменен description.'),(214,'2013-01-18 06:01:39',1,13,'7','Дива',1,''),(215,'2013-01-18 06:25:47',1,13,'7','Дива',2,'Изменен promoblock.'),(216,'2013-01-18 06:26:37',1,13,'7','Дива',2,'Изменен promoblock.'),(217,'2013-01-18 06:51:16',1,13,'7','Дива',2,'Добавлен Элемент букета \"Розы\". Добавлен Изображение букета \"http://test.amelia-shop.ru/media/flower_image/IMG_5409.jpg\". Добавлен Изображение букета \"http://test.amelia-shop.ru/media/flower_image/IMG_5407.jpg\".'),(218,'2013-01-18 07:53:18',1,13,'7','Дива',2,'Удален Изображение букета \"http://test.amelia-shop.ru/media/flower_image/IMG_5409.jpg\".'),(219,'2013-01-18 07:53:54',1,13,'7','Дива',2,'Добавлен Изображение букета \"http://test.amelia-shop.ru/media/flower_image/IMG_5409_1.jpg\".'),(220,'2013-01-18 07:54:50',1,13,'7','Дива',2,'Удален Изображение букета \"http://test.amelia-shop.ru/media/flower_image/IMG_5409_1.jpg\".'),(221,'2013-01-18 07:57:38',1,13,'7','Дива',2,'Добавлен Изображение букета \"http://test.amelia-shop.ru/media/flower_image/IMG_5402_1.jpg\". Добавлен Изображение букета \"http://test.amelia-shop.ru/media/flower_image/IMG_5409_2.jpg\". Удален Изображение букета \"http://test.amelia-shop.ru/media/flower_image/IMG_5402.jpg\".'),(222,'2013-01-18 08:00:15',1,23,'11','Свадебный распорядитель',1,''),(223,'2013-01-18 08:09:44',1,23,'11','СВАДЕБНЫЙ РАСПОРЯДИТЕЛЬ',2,'Изменен title.'),(224,'2013-01-18 08:10:35',1,23,'11','Свадебный распорядитель',2,'Изменен title.'),(225,'2013-01-18 08:10:46',1,23,'10','Траурная флористика',2,'Изменен public.'),(226,'2013-01-18 08:14:02',1,11,'9','test',1,''),(227,'2013-01-18 08:16:28',1,11,'10','Ромашки',1,''),(228,'2013-01-18 08:16:44',1,11,'9','test',3,''),(229,'2013-01-18 08:26:01',1,11,'11','Орхидея Ванда',1,''),(230,'2013-01-18 08:28:08',1,11,'12','Гербера',1,''),(231,'2013-01-18 08:32:26',1,11,'13','Папоротник',1,''),(232,'2013-01-18 08:33:11',1,11,'12','Гербера',2,'Изменен description. Добавлен Изображение цветка \"http://test.amelia-shop.ru/media/flower_image/1314867638_gerbera.jpg\".'),(233,'2013-01-18 08:33:46',1,11,'11','Орхидея Ванда',2,'Добавлен Изображение цветка \"http://test.amelia-shop.ru/media/flower_image/1315401774_29.jpg\".'),(234,'2013-01-18 08:34:37',1,11,'10','Ромашки',2,'Добавлен Изображение цветка \"http://test.amelia-shop.ru/media/flower_image/1316588099_42.jpg\".'),(235,'2013-01-18 08:35:40',1,11,'14','test',1,''),(236,'2013-01-18 08:35:42',1,11,'7','Эустома',2,'Добавлен Изображение цветка \"http://test.amelia-shop.ru/media/flower_image/1315399412_25.jpg\".'),(237,'2013-01-18 08:36:28',1,11,'6','Альстромерия',2,'Изменен name. Добавлен Изображение цветка \"http://test.amelia-shop.ru/media/flower_image/1315392330_1.jpg\".'),(238,'2013-01-18 08:37:22',1,11,'5','Хризантема кустовая',2,'Добавлен Изображение цветка \"http://test.amelia-shop.ru/media/flower_image/1316589617_53.jpg\".'),(239,'2013-01-18 08:40:33',1,13,'7','Дива',2,'Добавлен Элемент букета \"Гербера\". Добавлен Элемент букета \"Ромашки\". Добавлен Элемент букета \"Орхидея Ванда\". Добавлен Элемент букета \"Папоротник\".'),(240,'2013-01-18 08:46:48',1,11,'15','Роза кустовая',1,''),(241,'2013-01-18 08:47:54',1,13,'3','Все для Тебя',2,'Добавлен Элемент букета \"Роза кустовая\".'),(242,'2013-01-18 08:50:05',1,13,'3','Все для Тебя',2,'Изменен description.'),(243,'2013-01-18 08:57:22',1,11,'14','test',2,'Добавлен Изображение цветка \"http://test.amelia-shop.ru/media/flower_image/Chrysanthemum.jpg\".'),(244,'2013-01-18 09:00:32',1,11,'14','test',3,''),(245,'2013-01-18 09:09:20',1,13,'8','Альстромерия',1,''),(246,'2013-01-18 09:20:37',1,13,'7','Дива',2,'Удален Изображение букета \"http://test.amelia-shop.ru/media/flower_image/IMG_5407.jpg\". Удален Изображение букета \"http://test.amelia-shop.ru/media/flower_image/IMG_5402_1.jpg\". Удален Изображение букета \"http://test.amelia-shop.ru/media/flower_image/IMG_5409_2.jpg\".'),(247,'2013-01-18 09:21:01',1,13,'7','Дива',2,'Добавлен Изображение букета \"http://test.amelia-shop.ru/media/flower_image/IMG_5402_2.jpg\".'),(248,'2013-01-18 09:22:30',1,13,'7','Дива',2,'Добавлен Изображение букета \"http://test.amelia-shop.ru/media/flower_image/IMG_5409_3.jpg\". Добавлен Изображение букета \"http://test.amelia-shop.ru/media/flower_image/IMG_5407_1.jpg\".'),(249,'2013-01-18 09:34:43',1,13,'8','Альстромерия',2,'Изменен description и promoblock. Добавлен Элемент букета \"Альстромерия\". Добавлен Изображение букета \"http://test.amelia-shop.ru/media/flower_image/IMG_4427.jpg\".'),(250,'2013-01-18 09:36:45',1,13,'8','Альстромерия',2,'Изменен description и promoblock.'),(251,'2013-01-18 09:38:24',1,13,'7','Дива',2,'Изменен is_new.'),(252,'2013-01-18 09:38:39',1,13,'3','Все для Тебя',2,'Изменен is_recommended.'),(253,'2013-01-18 09:45:28',1,13,'4','Каравелла',2,'Изменен is_new.'),(254,'2013-01-18 09:46:14',1,13,'8','Альстромерия',2,'Изменен is_new,is_recommended и description.'),(255,'2013-01-18 09:46:24',1,13,'7','Дива',2,'Изменен is_new и is_recommended.'),(256,'2013-01-18 09:54:38',1,13,'9','варяч',1,''),(257,'2013-01-18 10:04:23',1,13,'9','Монмартр',2,'Изменен name,price и description. Добавлен Элемент букета \"Розы\". Добавлен Изображение букета \"http://test.amelia-shop.ru/media/flower_image/IMG_5186.jpg\". Добавлен Изображение букета \"http://test.amelia-shop.ru/media/flower_image/IMG_5210.jpg\".'),(258,'2013-01-18 10:06:12',1,13,'9','Монмартр',2,'Добавлен Изображение букета \"http://test.amelia-shop.ru/media/flower_image/IMG_5210_1.jpg\". Удален Изображение букета \"http://test.amelia-shop.ru/media/flower_image/IMG_5210.jpg\".'),(259,'2013-01-18 10:12:17',1,13,'9','Монмартр',2,'Изменен promoblock.'),(260,'2013-01-18 10:27:00',1,13,'10','Избранница',1,''),(261,'2013-01-18 10:31:17',1,13,'10','Избранница',2,'Изменен promoblock. Добавлен Изображение букета \"http://test.amelia-shop.ru/media/flower_image/IMG_5225.jpg\".'),(262,'2013-01-18 10:38:03',1,13,'11','Лебединое озеро',1,''),(263,'2013-01-18 10:39:59',1,13,'11','Лебединое озеро',3,''),(264,'2013-01-18 10:50:59',1,13,'12','бук',1,''),(265,'2013-01-18 10:58:46',1,13,'12','Любимой Маме',2,'Изменен name,price,description и promoblock. Добавлен Элемент букета \"Розы\".'),(266,'2013-01-18 10:59:03',1,13,'12','Любимой Маме',2,'Ни одно поле не изменено.'),(267,'2013-01-18 10:59:56',1,13,'12','Любимой Маме',2,'Ни одно поле не изменено.'),(268,'2013-01-18 11:00:56',1,13,'12','Любимой Маме',2,'Изменен description.'),(269,'2013-01-18 11:02:11',1,13,'12','Любимой Маме',2,'Изменен description.'),(270,'2013-01-18 11:02:43',1,13,'12','Любимой Маме',2,'Изменен description.'),(271,'2013-01-18 11:03:40',1,13,'12','Любимой Маме',2,'Изменен description.'),(272,'2013-01-18 11:04:11',1,13,'12','Любимой Маме',2,'Изменен description.'),(273,'2013-01-18 11:04:29',1,13,'12','Любимой Маме',2,'Изменен description.'),(274,'2013-01-18 11:04:55',1,13,'12','Любимой Маме',2,'Изменен description.'),(275,'2013-01-18 11:05:19',1,13,'12','Любимой Маме',2,'Изменен description.'),(276,'2013-01-18 11:05:40',1,13,'12','Любимой Маме',2,'Ни одно поле не изменено.'),(277,'2013-01-18 11:09:23',1,13,'12','Любимой Маме',3,''),(278,'2013-01-18 11:15:11',1,13,'13','Любимой Маме',1,''),(279,'2013-01-18 11:17:06',1,13,'13','Любимой Маме',2,'Изменен promoblock. Добавлен Элемент букета \"Розы\".'),(280,'2013-01-18 11:21:07',1,13,'13','Любимой Маме',2,'Изменен promoblock. Добавлен Изображение букета \"http://test.amelia-shop.ru/media/flower_image/IMG_5315.jpg\".'),(281,'2013-01-18 11:25:29',1,11,'16','Беарграсс',1,''),(282,'2013-01-18 11:26:29',1,13,'13','Любимой Маме',2,'Добавлен Элемент букета \"Беарграсс\".'),(283,'2013-01-18 11:36:26',1,11,'17','Эвкалипт Парвифолия',1,''),(284,'2013-01-18 11:40:52',1,13,'14','Любящее сердце',1,''),(285,'2013-01-18 11:42:46',1,13,'9','Монмартр',2,'Изменен is_new.'),(286,'2013-01-18 11:43:34',1,13,'13','Любимой Маме',2,'Изменен is_new.'),(287,'2013-01-22 10:07:03',1,10,'43','VIP Букеты',2,'Изменен name и slug.'),(288,'2013-01-22 10:07:30',1,10,'87','Букеты',1,''),(289,'2013-01-22 10:07:56',1,10,'13','Цветы',2,'Изменен name.'),(290,'2013-01-22 10:08:37',1,10,'19','Подарки',2,'Изменен name.'),(291,'2013-01-22 10:09:36',1,10,'18','Комнатные растения',2,'Изменен name.'),(292,'2013-01-24 07:37:57',1,10,'81','Свадебная флористика',2,'Изменен name.'),(293,'2013-01-24 07:39:01',1,10,'84','КОРПОРАТИВНОЕ ОБСЛУЖИВАНИЕ',3,''),(294,'2013-01-24 07:40:41',1,10,'82','Новогодние предложения',2,'Изменен name и slug.'),(295,'2013-01-24 07:42:41',1,23,'12','Корпоративное обслуживание',1,''),(296,'2013-01-25 11:01:26',1,16,'1','1',2,'Изменены image для Элемент слайдера \"1\".'),(297,'2013-01-25 11:58:53',1,16,'1','1',2,'Ни одно поле не изменено.'),(298,'2013-01-25 12:18:37',1,16,'1','1',2,'Удален Элемент слайдера \"None\".'),(299,'2013-01-25 12:18:44',1,16,'1','1',2,'Удален Элемент слайдера \"None\".'),(300,'2013-01-25 12:18:50',1,16,'1','1',2,'Удален Элемент слайдера \"None\".'),(301,'2013-01-25 12:26:36',1,16,'1','1',2,'Добавлен Элемент слайдера \"4\".'),(302,'2013-01-25 12:28:37',1,16,'1','1',2,'Добавлен Элемент слайдера \"5\".'),(303,'2013-01-25 12:29:30',1,16,'1','1',2,'Изменены image для Элемент слайдера \"4\".'),(304,'2013-01-25 12:40:48',1,16,'1','1',2,'Изменены image для Элемент слайдера \"4\".'),(305,'2013-01-25 12:42:03',1,16,'1','1',2,'Изменены image для Элемент слайдера \"4\".'),(306,'2013-01-25 12:42:32',1,16,'1','1',2,'Ни одно поле не изменено.'),(307,'2013-01-25 12:46:10',1,16,'1','1',2,'Изменены image для Элемент слайдера \"4\".'),(308,'2013-01-25 12:46:24',1,16,'1','1',2,'Удален Элемент слайдера \"None\".'),(309,'2013-01-25 12:47:15',1,16,'1','1',2,'Добавлен Элемент слайдера \"6\".'),(310,'2013-01-25 12:52:35',1,16,'1','1',2,'Удален Элемент слайдера \"None\".'),(311,'2013-01-25 13:48:44',1,13,'15','роьпса',1,''),(312,'2013-01-25 13:49:41',1,13,'15','роьпса',2,'Добавлен Изображение букета \"http://test.amelia-shop.ru/media/flower_image/IMG_1411.jpg\".'),(313,'2013-01-25 13:50:53',1,13,'15','Королевский подарок',2,'Изменен name,price и is_recommended. Добавлен Элемент букета \"Розы\". Добавлен Изображение букета \"http://test.amelia-shop.ru/media/flower_image/12.jpg\".'),(314,'2013-01-25 13:52:05',1,16,'1','1',2,'Изменены link для Элемент слайдера \"4\".'),(315,'2013-01-25 13:55:49',1,13,'15','Королевский подарок',2,'Изменен description и promoblock.'),(316,'2013-01-25 14:11:16',1,16,'1','1',2,'Изменен content.'),(317,'2013-01-25 14:32:47',1,16,'1','1',2,'Изменен content.'),(318,'2013-01-28 10:10:44',1,11,'18','Белая роза',1,''),(319,'2013-01-28 21:25:21',1,11,'18','Белая роза',2,'Изменен vip и business_bouquet.'),(320,'2013-01-28 21:26:27',1,11,'18','Белая роза',2,'Изменен he.'),(321,'2013-01-28 21:27:58',1,13,'15','Королевский подарок',2,'Изменен vip.'),(322,'2013-01-30 11:13:14',1,23,'10','Траурная флористика',3,''),(323,'2013-01-30 11:13:47',1,23,'13','Траурная флористика',1,''),(324,'2013-01-30 11:24:09',1,10,'88','Букет невесты',1,''),(325,'2013-01-30 11:33:11',1,10,'89','Свадебные аксессуары',1,''),(326,'2013-01-30 11:33:34',1,10,'90','Свадебный банкет',1,''),(327,'2013-01-30 11:34:01',1,10,'91','Украшения на машину',1,''),(328,'2013-01-30 11:34:29',1,10,'92','Букеты для родителей и гостей',1,''),(329,'2013-01-30 12:11:49',1,22,'3','Новость',1,''),(330,'2013-01-30 12:16:18',1,22,'1','Стал известен самый модный оттенок цветов 2013 года',2,'Изменен date,title,anounce и text.'),(331,'2013-01-30 12:17:15',1,22,'3','Новость',3,''),(332,'2013-01-30 12:17:15',1,22,'2','Другая новость',3,''),(333,'2013-01-30 12:24:21',1,22,'1','Стал известен самый модный оттенок цветов 2013 года',2,'Изменен anounce.'),(334,'2013-01-30 13:46:35',1,22,'4','В феврале пуансеттию сменяют нарциссы',1,''),(335,'2013-01-30 13:47:57',1,22,'1','Стал известен самый модный оттенок цветов 2013 года',2,'Ни одно поле не изменено.'),(336,'2013-01-30 13:48:34',1,22,'1','Стал известен самый модный оттенок цветов 2013 года',2,'Ни одно поле не изменено.'),(337,'2013-01-31 06:54:47',1,22,'1','Стал известен самый модный оттенок цветов 2013 года',2,'Изменен text.'),(338,'2013-01-31 06:57:12',1,22,'1','Стал известен самый модный оттенок цветов 2013 года',2,'Изменен text.'),(339,'2013-01-31 07:03:03',1,22,'4','В феврале пуансеттию сменяют нарциссы',2,'Изменен text.'),(340,'2013-01-31 07:18:16',1,22,'1','Стал известен самый модный оттенок цветов 2013 года',2,'Ни одно поле не изменено.'),(341,'2013-01-31 07:19:25',1,22,'1','Стал известен самый модный оттенок цветов 2013 года',2,'Изменен anounce.'),(342,'2013-01-31 07:51:20',1,22,'5','\"Лучше всего цветы продаются в \"сезон Валентина\"!\"',1,''),(343,'2013-01-31 07:51:33',1,22,'5','\"Лучше всего цветы продаются в \"сезон Валентина\"!\"',2,'Изменен public.'),(344,'2013-02-05 08:26:05',1,13,'16','Сочи',1,''),(345,'2013-02-05 08:31:16',1,11,'19','Хризантема Анастасия',1,''),(346,'2013-02-05 08:31:42',1,13,'16','Сочи',2,'Добавлен Элемент букета \"Хризантема Анастасия\".'),(347,'2013-02-05 08:33:54',1,11,'19','Хризантема Анастасия',2,'Изменен promoblock.'),(348,'2013-02-05 08:38:57',1,13,'17','Букет невесты №1',1,''),(349,'2013-02-05 08:42:21',1,11,'20','Гипсофила',1,''),(350,'2013-02-05 08:46:47',1,11,'21','Фрезия',1,''),(351,'2013-02-05 08:51:51',1,13,'17','Букет невесты №1',2,'Изменен promoblock. Добавлен Элемент букета \"Гипсофила\". Добавлен Элемент букета \"Фрезия\".'),(352,'2013-02-05 08:55:50',1,13,'17','Букет невесты №1',2,'Изменены image для Изображение букета \"http://test.amelia-shop.ru/media/flower_image/IMG_8637_1.JPG\".'),(353,'2013-02-05 08:56:52',1,13,'17','Букет невесты №1',2,'Добавлен Изображение букета \"http://test.amelia-shop.ru/media/flower_image/IMG_8641.JPG\".'),(354,'2013-02-05 08:58:31',1,13,'14','Любящее сердце',2,'Изменен is_new.'),(355,'2013-02-05 08:58:58',1,13,'16','Сочи',2,'Изменен is_new.'),(356,'2013-02-05 09:16:41',1,13,'18','Букет невесты №2',1,''),(357,'2013-02-05 09:22:55',1,13,'18','Букет невесты №2',2,'Добавлен Элемент букета \"Розы\". Добавлен Элемент букета \"Папоротник\". Добавлен Элемент букета \"Эустома\".'),(358,'2013-02-05 09:25:06',1,13,'18','Букет невесты №2',2,'Добавлен Изображение букета \"http://test.amelia-shop.ru/media/flower_image/IMG_9224.JPG\".'),(359,'2013-02-05 09:27:18',1,13,'18','Букет невесты №2',2,'Добавлен Изображение букета \"http://test.amelia-shop.ru/media/flower_image/IMG_9221.JPG\".'),(360,'2013-02-05 09:42:34',1,13,'19','Букет невесты \"Наталья\"',1,''),(361,'2013-02-05 09:45:06',1,11,'22','Калла',1,''),(362,'2013-02-05 09:48:19',1,11,'23','Орхидея Фаленопсис',1,''),(363,'2013-02-05 09:49:46',1,11,'23','Орхидея Фаленопсис',2,'Изменен description.'),(364,'2013-02-05 09:50:01',1,11,'23','Орхидея Фаленопсис',2,'Изменен description.'),(365,'2013-02-05 09:50:20',1,11,'23','Орхидея Фаленопсис',2,'Ни одно поле не изменено.'),(366,'2013-02-05 09:50:24',1,11,'23','Орхидея Фаленопсис',2,'Ни одно поле не изменено.'),(367,'2013-02-05 09:50:52',1,11,'21','Фрезия',2,'Изменен description.'),(368,'2013-02-05 09:51:50',1,11,'7','Эустома',2,'Ни одно поле не изменено.'),(369,'2013-02-05 09:52:28',1,11,'7','Эустома',2,'Ни одно поле не изменено.'),(370,'2013-02-05 09:52:57',1,11,'7','Эустома',2,'Изменен description.'),(371,'2013-02-05 09:55:47',1,11,'23','Орхидея Фаленопсис',2,'Ни одно поле не изменено.'),(372,'2013-02-05 09:56:35',1,11,'22','Калла',2,'Изменен promoblock.'),(373,'2013-02-05 09:56:51',1,11,'21','Фрезия',2,'Ни одно поле не изменено.'),(374,'2013-02-05 10:01:18',1,11,'24','Гортензия',1,''),(375,'2013-02-05 10:02:35',1,13,'19','Букет невесты \"Наталья\"',2,'Добавлен Элемент букета \"Розы\". Добавлен Элемент букета \"Орхидея Фаленопсис\". Добавлен Элемент букета \"Гортензия\". Добавлен Элемент букета \"Калла\".'),(376,'2013-02-05 10:02:54',1,11,'23','Орхидея Фаленопсис',2,'Изменен price.'),(377,'2013-02-05 10:22:58',1,13,'20','Надежда',1,''),(378,'2013-02-05 10:23:33',1,13,'20','Надежда',2,'Добавлен Изображение букета \"http://test.amelia-shop.ru/media/flower_image/IMG_7023.JPG\".'),(379,'2013-02-05 10:25:38',1,13,'20','Надежда',2,'Добавлен Изображение букета \"http://test.amelia-shop.ru/media/flower_image/IMG_7029.JPG\".'),(380,'2013-02-05 10:29:07',1,13,'7','Дива',2,'Изменен is_new.'),(381,'2013-02-05 10:56:00',1,13,'21','Позитив',1,''),(382,'2013-02-05 10:57:15',1,13,'21','Позитив',2,'Добавлен Изображение букета \"http://test.amelia-shop.ru/media/flower_image/IMG_7033.JPG\".'),(383,'2013-02-05 11:03:10',1,13,'3','Все для Тебя',2,'Изменен vip,birthday,anniversary,love,congrat,sorry,holiday_roses,wedding,thanks,horoscope и she.'),(384,'2013-02-05 11:05:25',1,13,'4','Каравелла',2,'Изменен sims,birthday,anniversary,love,congrat,sorry,holiday_roses,wedding,thanks,horoscope и she.'),(385,'2013-02-06 03:24:59',1,16,'1','1',2,'Добавлен Элемент слайдера \"7\".'),(386,'2013-02-06 03:59:59',1,16,'1','1',2,'Изменены image для Элемент слайдера \"7\".'),(387,'2013-02-06 04:11:19',1,23,'14','Акции',1,''),(388,'2013-02-06 04:11:57',1,23,'14','Акции',2,'Изменен text.'),(389,'2013-02-06 04:12:30',1,16,'1','1',2,'Изменены link для Элемент слайдера \"7\".'),(390,'2013-02-06 04:51:07',1,16,'1','1',2,'Добавлен Элемент слайдера \"8\".'),(391,'2013-02-06 05:54:21',1,23,'1','Фитодизайн интерьера',2,'Изменен text.'),(392,'2013-02-06 05:59:20',1,23,'1','Фитодизайн интерьера',2,'Изменен text.'),(393,'2013-02-06 06:49:31',1,23,'2','Новогоднее оформление',2,'Изменен public.'),(394,'2013-02-06 06:49:46',1,23,'3','Оформление ресторанов',2,'Изменен public.'),(395,'2013-02-06 06:50:01',1,23,'4','Подарочная упаковка',2,'Изменен public.'),(396,'2013-02-06 06:50:09',1,23,'5','Оформление свадьбы цветами',2,'Изменен public.'),(397,'2013-02-06 06:50:16',1,23,'6','Организация и проведение выездной регистрации',2,'Изменен public.'),(398,'2013-02-06 06:50:25',1,23,'7','Оформление цветами',2,'Изменен public.'),(399,'2013-02-06 06:50:37',1,23,'8','Оформление шарами',2,'Изменен public.'),(400,'2013-02-06 06:50:44',1,23,'9','Организация и проведение праздников',2,'Изменен public.'),(401,'2013-02-06 06:50:51',1,23,'11','Свадебный распорядитель',2,'Изменен public.'),(402,'2013-02-06 06:51:02',1,23,'12','Корпоративное обслуживание',2,'Изменен public.'),(403,'2013-02-06 06:51:09',1,23,'13','Траурная флористика',2,'Изменен public.'),(404,'2013-02-06 06:53:34',1,18,'2','2',2,'Изменен content.'),(405,'2013-02-06 07:00:09',1,16,'1','1',2,'Изменены image для Элемент слайдера \"8\".'),(406,'2013-02-06 07:54:42',1,18,'2','2',2,'Изменен content.'),(407,'2013-02-06 07:56:15',1,18,'2','2',2,'Ни одно поле не изменено.'),(408,'2013-02-06 07:57:38',1,18,'2','2',2,'Изменен content.'),(409,'2013-02-06 07:58:05',1,18,'2','2',2,'Изменен content.'),(410,'2013-02-06 07:59:36',1,18,'2','2',2,'Изменен content.'),(411,'2013-02-06 08:33:45',1,23,'11','Свадебный распорядитель',2,'Изменен text.'),(412,'2013-02-06 08:33:51',1,23,'11','Свадебный распорядитель',2,'Изменен public.'),(413,'2013-02-06 08:35:25',1,23,'11','Свадебный распорядитель',2,'Изменен text.'),(414,'2013-02-06 08:36:18',1,23,'11','Свадебный распорядитель',2,'Изменен text.'),(415,'2013-02-06 08:36:59',1,23,'11','Свадебный распорядитель',2,'Изменен text.'),(416,'2013-02-06 08:37:23',1,23,'11','Свадебный распорядитель',2,'Изменен text.'),(417,'2013-02-06 08:45:46',1,23,'11','Свадебный распорядитель',2,'Изменен text.'),(418,'2013-02-06 09:12:06',1,23,'11','Свадебный распорядитель',2,'Изменен text.'),(419,'2013-02-06 09:12:58',1,23,'11','Свадебный распорядитель',2,'Ни одно поле не изменено.'),(420,'2013-02-06 09:32:11',1,23,'13','Траурная флористика',2,'Изменен text и public.'),(421,'2013-02-06 09:43:47',1,23,'13','Траурная флористика',2,'Ни одно поле не изменено.'),(422,'2013-02-06 12:17:48',1,23,'6','Организация и проведение выездной регистрации',2,'Изменен text и public.'),(423,'2013-02-06 12:18:14',1,23,'6','Организация и проведение выездной регистрации',2,'Ни одно поле не изменено.'),(424,'2013-02-06 12:21:10',1,23,'6','Организация и проведение выездной регистрации',2,'Изменен text.'),(425,'2013-02-06 12:22:22',1,23,'6','Организация и проведение выездной регистрации',2,'Изменен text.'),(426,'2013-02-06 12:22:52',1,23,'6','Организация и проведение выездной регистрации',2,'Изменен text.'),(427,'2013-02-06 12:23:14',1,23,'6','Организация и проведение выездной регистрации',2,'Изменен text.'),(428,'2013-02-06 12:23:59',1,23,'6','Организация и проведение выездной регистрации',2,'Изменен text.'),(429,'2013-02-06 12:26:28',1,23,'6','Организация и проведение выездной регистрации',2,'Изменен text.'),(430,'2013-02-06 12:27:05',1,23,'6','Организация и проведение выездной регистрации',2,'Изменен text.'),(431,'2013-02-06 13:38:06',1,18,'2','2',2,'Изменен content.'),(432,'2013-02-07 04:50:58',1,11,'25','Мишка Яков',1,''),(433,'2013-02-07 05:18:51',1,11,'26','Мишка «Bearington»',1,''),(434,'2013-02-07 05:20:42',1,11,'26','Мишка «Bearington»',2,'Изменен description.'),(435,'2013-02-07 05:21:05',1,11,'26','Мишка «Bearington»',2,'Ни одно поле не изменено.'),(436,'2013-02-07 05:21:49',1,11,'26','Мишка «Bearington»',2,'Изменен description.'),(437,'2013-02-07 05:22:28',1,11,'26','Мишка «Bearington»',2,'Изменен description.'),(438,'2013-02-07 05:23:29',1,11,'26','Мишка «Bearington»',2,'Изменен description.'),(439,'2013-02-07 05:23:58',1,11,'26','Мишка «Bearington»',2,'Изменен description.'),(440,'2013-02-07 05:24:21',1,11,'26','Мишка «Bearington»',2,'Изменен description.'),(441,'2013-02-07 05:47:13',1,11,'27','Мишка \"Большая любовь\"',1,''),(442,'2013-02-07 06:10:42',1,11,'28','Пес Зефир',1,''),(443,'2013-02-07 06:11:08',1,11,'28','Пес Зефир',2,'Добавлен Изображение цветка \"http://test.amelia-shop.ru/media/flower_image/8.jpg\".'),(444,'2013-02-07 06:11:49',1,11,'28','Пес Зефир',2,'Изменен description.'),(445,'2013-02-07 06:12:39',1,11,'28','Пес Зефир',2,'Ни одно поле не изменено.'),(446,'2013-02-07 06:19:21',1,11,'29','Пес Боби',1,''),(447,'2013-02-07 06:20:19',1,11,'29','Пес Боби',2,'Изменен promoblock.'),(448,'2013-02-07 06:20:41',1,11,'28','Пес Зефир',2,'Изменен promoblock.'),(449,'2013-02-07 06:20:52',1,11,'27','Мишка \"Большая любовь\"',2,'Изменен promoblock.'),(450,'2013-02-07 06:21:22',1,11,'28','Пес Зефир',2,'Ни одно поле не изменено.'),(451,'2013-02-07 06:21:47',1,11,'29','Пес Боби',2,'Ни одно поле не изменено.'),(452,'2013-02-07 06:22:01',1,11,'28','Пес Зефир',2,'Ни одно поле не изменено.'),(453,'2013-02-07 06:22:24',1,11,'26','Мишка «Bearington»',2,'Изменен promoblock и sims.'),(454,'2013-02-07 06:22:36',1,11,'25','Мишка Яков',2,'Изменен promoblock.'),(455,'2013-02-07 06:29:51',1,11,'30','Слоненок Бонни',1,''),(456,'2013-02-07 06:35:43',1,11,'31','Слоненок с бабочкой',1,''),(457,'2013-02-07 06:36:20',1,11,'31','Слоненок с бабочкой',2,'Изменен price.'),(458,'2013-02-07 06:36:49',1,11,'31','Слоненок с бабочкой',2,'Изменен price.'),(459,'2013-02-07 07:11:12',1,13,'22','Королевский подарок',1,''),(460,'2013-02-07 07:11:33',1,13,'22','Королевский подарок',2,'Ни одно поле не изменено.'),(461,'2013-02-07 07:12:35',1,13,'22','Королевский подарок',2,'Изменен description.'),(462,'2013-02-07 07:13:00',1,16,'1','1',2,'Изменены link для Элемент слайдера \"4\".'),(463,'2013-02-07 07:26:31',1,16,'1','1',2,'Изменены slogan для Элемент слайдера \"4\". Изменены slogan для Элемент слайдера \"7\". Изменены slogan для Элемент слайдера \"8\".'),(464,'2013-02-07 07:27:12',1,16,'1','1',2,'Изменены slogan для Элемент слайдера \"4\". Изменены slogan для Элемент слайдера \"7\". Изменены slogan для Элемент слайдера \"8\".'),(465,'2013-02-07 08:15:04',1,11,'32','Альбом для фотографий \"Свадебный\"',1,''),(466,'2013-02-07 08:15:22',1,11,'32','Альбом для фотографий \"Свадебный\"',2,'Добавлен Изображение цветка \"http://test.amelia-shop.ru/media/flower_image/2_1.jpg\".'),(467,'2013-02-07 08:28:24',1,11,'33','Фотоальбом  \"Первые шаги\"',1,''),(468,'2013-02-07 08:33:00',1,11,'33','Фотоальбом  \"Первые шаги\"',2,'Изменен description. Добавлен Изображение цветка \"http://test.amelia-shop.ru/media/flower_image/4_1.jpg\". Добавлен Изображение цветка \"http://test.amelia-shop.ru/media/flower_image/5_1.jpg\".'),(469,'2013-02-07 08:44:55',1,11,'34','Фотоальбом \"Детский\"',1,''),(470,'2013-02-07 08:49:17',1,11,'34','Фотоальбом \"Детский\"',2,'Ни одно поле не изменено.'),(471,'2013-02-07 08:55:32',1,11,'35','Альбом для фотографий \"Цветы\"',1,''),(472,'2013-02-07 09:17:06',1,11,'36','Фотоальбом \"Разнообразный мир\"',1,''),(473,'2013-02-07 09:23:32',1,11,'37','Фотоальбом',1,''),(474,'2013-02-07 09:23:48',1,11,'35','Альбом для фотографий \"Цветы\"',2,'Изменен promoblock.'),(475,'2013-02-07 09:24:06',1,11,'36','Фотоальбом \"Разнообразный мир\"',2,'Изменен promoblock.'),(476,'2013-02-07 09:40:21',1,11,'38','Воздушный шарик \"Спанч Боб\"',1,''),(477,'2013-02-07 09:42:22',1,11,'38','Воздушный шарик \"Спанч Боб\"',2,'Добавлен Изображение цветка \"http://test.amelia-shop.ru/media/flower_image/IMG_1046.JPG\".'),(478,'2013-02-07 09:47:03',1,11,'39','Воздушный шарик \"Золотое сердце\"',1,''),(479,'2013-02-07 09:51:36',1,11,'40','Шар с гелием \"Миккимаус\"',1,''),(480,'2013-02-07 10:10:46',1,11,'41','Шар с гелием \" Сердце\"',1,''),(481,'2013-02-07 10:13:04',1,11,'41','Шар с гелием \" Сердце\"',2,'Изменен promoblock.'),(482,'2013-02-07 10:15:58',1,11,'42','Шар с гелием \"С днем рождения!',1,''),(483,'2013-02-07 10:18:22',1,11,'42','Шар с гелием \"С днем рождения!',2,'Изменен promoblock. Добавлен Изображение цветка \"http://test.amelia-shop.ru/media/flower_image/1_2.jpg\".'),(484,'2013-02-07 10:22:54',1,11,'43','Шар с гелием',1,''),(485,'2013-02-07 10:48:32',1,11,'44','Ваза напольная \"Цветы\"',1,''),(486,'2013-02-07 10:55:37',1,11,'45','Ваза Цилиндр №1',1,''),(487,'2013-02-07 11:01:17',1,11,'46','Напольная ваза \"Квадрат\"',1,''),(488,'2013-02-07 11:02:28',1,11,'46','Напольная ваза \"Квадрат\"',2,'Изменен description.'),(489,'2013-02-07 11:03:52',1,11,'46','Напольная ваза \"Квадрат\"',2,'Изменен sims.'),(490,'2013-02-07 11:04:24',1,11,'46','Напольная ваза \"Квадрат\"',2,'Изменен promoblock.'),(491,'2013-02-07 11:04:46',1,11,'44','Ваза напольная \"Цветы\"',2,'Изменен promoblock.'),(492,'2013-02-07 11:07:12',1,11,'47','Напольная ваза',1,''),(493,'2013-02-07 11:09:17',1,11,'48','Альбом для фотографий',1,''),(494,'2013-02-07 11:13:33',1,11,'49','Воздушный шар с гелием',1,''),(495,'2013-02-07 11:14:19',1,11,'49','Воздушный шар с гелием',2,'Изменен promoblock.'),(496,'2013-02-07 11:16:33',1,11,'50','Мишка \"I love you\"',1,''),(497,'2013-02-07 11:17:24',1,11,'50','Мишка \"I love you\"',2,'Изменен promoblock.'),(498,'2013-02-07 11:21:38',1,11,'51','Ваза стеклянная синяя',1,''),(499,'2013-02-07 11:27:09',1,11,'52','Напольная ваза Черная',1,''),(500,'2013-02-07 11:28:02',1,11,'52','Напольная ваза Черная',2,'Изменен description.'),(501,'2013-02-07 11:30:53',1,11,'53','Ваза Цилиндр №2',1,''),(502,'2013-02-07 12:29:03',1,11,'54','Открытка ручной работы \"Море\"',1,''),(503,'2013-02-07 12:38:23',1,11,'55','Открытка ручной работы \"Особый стиль\"',1,''),(504,'2013-02-07 12:40:10',1,11,'56','Открытка ручной работы',1,''),(505,'2013-02-07 12:47:55',1,11,'57','Открытка ручной работы \"Обручальные кольца\"',1,''),(506,'2013-02-08 03:39:53',1,11,'57','Открытка ручной работы \"Обручальные кольца\"',2,'Изменен wedding.'),(507,'2013-02-08 03:52:12',1,11,'58','Самой нежной',1,''),(508,'2013-02-08 03:59:23',1,11,'58','Открытка ручной работы \"Самой нежной\"',2,'Изменен name.'),(509,'2013-02-08 04:00:58',1,11,'58','Открытка ручной работы \"Самой нежной\"',2,'Ни одно поле не изменено.'),(510,'2013-02-08 04:02:31',1,11,'58','Открытка ручной работы \"Самой нежной\"',2,'Ни одно поле не изменено.'),(511,'2013-02-08 04:03:23',1,11,'58','Открытка ручной работы \"Самой нежной\"',2,'Ни одно поле не изменено.'),(512,'2013-02-08 04:06:22',1,11,'58','Самой нежной',2,'Изменен name. Добавлен Изображение цветка \"http://test.amelia-shop.ru/media/flower_image/3_5.jpg\".'),(513,'2013-02-08 04:17:52',1,11,'59','Конверт ручной работы \"Поздравляю\"',1,''),(514,'2013-02-08 04:25:59',1,11,'60','конверт ручной работы \"С любовью\"',1,''),(515,'2013-02-08 04:38:58',1,11,'61','Конверт ручной работы \"Believe\"',1,''),(516,'2013-02-08 04:45:51',1,11,'62','Конверт ручной работы \"Wedding day\"',1,''),(517,'2013-02-08 04:47:57',1,11,'58','Открытка ручной работы \"Самой нежной\"',2,'Изменен name.'),(518,'2013-02-08 05:56:32',1,13,'23','Оранж',1,''),(519,'2013-02-08 06:02:35',1,13,'23','Оранж',2,'Добавлен Изображение букета \"http://test.amelia-shop.ru/media/flower_image/1.1.JPG\".'),(520,'2013-02-08 06:04:12',1,13,'23','Оранж',2,'Удален Изображение букета \"http://test.amelia-shop.ru/media/flower_image/1.1.JPG\".'),(521,'2013-02-08 06:27:00',1,13,'24','Статский советник',1,''),(522,'2013-02-08 06:33:53',1,13,'25','Сердце',1,''),(523,'2013-02-08 06:45:17',1,13,'26','Букет невесты \"Аврора\"',1,''),(524,'2013-02-08 06:53:25',1,13,'27','Цветущий сад',1,''),(525,'2013-02-08 06:59:02',1,13,'28','Букет невесты №3',1,''),(526,'2013-02-08 07:00:15',1,13,'28','Букет невесты №3',2,'Изменен description.'),(527,'2013-02-08 07:07:08',1,13,'29','Бутоньерка',1,''),(528,'2013-02-08 07:11:51',1,13,'30','101 роза',1,''),(529,'2013-02-08 07:12:44',1,13,'30','101 роза',2,'Изменен description.'),(530,'2013-02-08 07:19:01',1,13,'31','Букет невесты №4',1,''),(531,'2013-02-08 07:28:37',1,13,'32','Татьяна',1,''),(532,'2013-02-08 07:34:06',1,13,'33','Хорошее настроение',1,''),(533,'2013-02-08 07:43:38',1,13,'34','Лесная опушка',1,''),(534,'2013-02-08 07:52:17',1,13,'35','Королева Марго',1,''),(535,'2013-02-08 08:01:19',1,13,'36','Жасмин',1,''),(536,'2013-02-08 08:08:31',1,13,'37','Адам',1,''),(537,'2013-02-08 08:10:09',1,13,'37','Адам',2,'Изменен price и is_active.'),(538,'2013-02-08 08:11:13',1,13,'36','Жасмин',2,'Изменен description.'),(539,'2013-02-08 08:12:03',1,13,'36','Жасмин',2,'Изменен description.'),(540,'2013-02-08 08:22:13',1,13,'38','Во имя любви!',1,''),(541,'2013-02-08 08:26:24',1,13,'39','Варвара',1,''),(542,'2013-02-08 08:37:05',1,13,'40','Королеве красоты',1,''),(543,'2013-02-08 08:41:44',1,13,'41','Бутоньерка №2',1,''),(544,'2013-02-08 08:42:10',1,13,'29','Бутоньерка №1',2,'Изменен name.'),(545,'2013-02-08 08:46:48',1,13,'21','Позитив',2,'Изменен description.'),(546,'2013-02-08 10:25:08',1,13,'3','Все для Тебя',2,'Изменен promoblock.'),(547,'2013-02-08 10:26:04',1,13,'4','Каравелла',2,'Изменен promoblock.'),(548,'2013-02-08 10:26:37',1,13,'7','Дива',2,'Изменен promoblock.'),(549,'2013-02-08 10:27:03',1,13,'8','Альстромерия',2,'Изменен promoblock.'),(550,'2013-02-08 10:27:26',1,13,'9','Монмартр',2,'Изменен promoblock.'),(551,'2013-02-08 10:28:29',1,13,'13','Любимой Маме',2,'Изменен promoblock.'),(552,'2013-02-08 10:29:00',1,13,'14','Любящее сердце',2,'Изменен promoblock.'),(553,'2013-02-08 10:29:48',1,13,'17','Букет невесты №1',2,'Изменен promoblock.'),(554,'2013-02-08 10:30:44',1,13,'18','Букет невесты №2',2,'Изменен promoblock.'),(555,'2013-02-08 10:31:22',1,13,'19','Букет невесты \"Наталья\"',2,'Изменен promoblock.'),(556,'2013-02-08 10:32:14',1,13,'20','Надежда',2,'Изменен promoblock.'),(557,'2013-02-08 10:33:33',1,13,'21','Позитив',2,'Изменен promoblock.'),(558,'2013-02-08 10:33:58',1,13,'22','Королевский подарок',2,'Изменен promoblock.'),(559,'2013-02-08 10:41:45',1,13,'23','Оранж',2,'Изменен promoblock.'),(560,'2013-02-08 10:43:47',1,13,'24','Статский советник',2,'Изменен promoblock.'),(561,'2013-02-08 11:24:38',1,13,'25','Сердце',2,'Изменен promoblock.'),(562,'2013-02-08 11:28:45',1,13,'26','Букет невесты \"Аврора\"',2,'Изменен promoblock.'),(563,'2013-02-08 11:33:20',1,13,'27','Цветущий сад',2,'Изменен promoblock.'),(564,'2013-02-08 11:35:22',1,13,'28','Букет невесты №3',2,'Изменен promoblock.'),(565,'2013-02-08 11:38:29',1,13,'29','Бутоньерка №1',2,'Изменен promoblock.'),(566,'2013-02-08 11:42:07',1,13,'30','101 роза',2,'Изменен promoblock.'),(567,'2013-02-08 11:56:24',1,13,'31','Букет невесты №4',2,'Изменен promoblock.'),(568,'2013-02-08 11:58:15',1,13,'32','Татьяна',2,'Изменен promoblock.'),(569,'2013-02-08 12:48:26',1,13,'33','Хорошее настроение',2,'Изменен promoblock.'),(570,'2013-02-08 12:55:47',1,13,'34','Лесная опушка',2,'Изменен promoblock.'),(571,'2013-02-08 12:58:07',1,13,'35','Королева Марго',2,'Изменен promoblock.'),(572,'2013-02-08 12:59:58',1,13,'36','Жасмин',2,'Изменен promoblock.'),(573,'2013-02-08 13:02:08',1,13,'37','Адам',2,'Изменен promoblock.'),(574,'2013-02-08 13:04:18',1,13,'38','Во имя любви!',2,'Изменен promoblock.'),(575,'2013-02-08 13:07:14',1,13,'39','Варвара',2,'Изменен promoblock.'),(576,'2013-02-08 13:09:53',1,13,'40','Королеве красоты',2,'Изменен description и promoblock.'),(577,'2013-02-08 13:11:18',1,13,'41','Бутоньерка №2',2,'Изменен promoblock.'),(578,'2013-02-09 08:12:01',1,13,'3','Все для Тебя',2,'Изменен promoblock.'),(579,'2013-02-09 08:15:12',1,13,'4','Каравелла',2,'Изменен promoblock.'),(580,'2013-02-09 08:16:10',1,13,'7','Дива',2,'Изменен promoblock.'),(581,'2013-02-09 08:20:31',1,13,'8','Альстромерия',2,'Изменен promoblock и sims.'),(582,'2013-02-09 08:23:39',1,13,'9','Монмартр',2,'Изменен promoblock и sims.'),(583,'2013-02-09 08:31:08',1,13,'13','Любимой Маме',2,'Изменен promoblock.'),(584,'2013-02-09 08:32:26',1,13,'14','Любящее сердце',2,'Изменен promoblock и sims.'),(585,'2013-02-09 08:34:55',1,13,'17','Букет невесты №1',2,'Изменен promoblock и sims.'),(586,'2013-02-09 08:35:57',1,13,'18','Букет невесты №2',2,'Изменен promoblock.'),(587,'2013-02-09 08:37:47',1,13,'19','Букет невесты \"Наталья\"',2,'Изменен promoblock.'),(588,'2013-02-09 08:40:54',1,13,'20','Надежда',2,'Изменен promoblock.'),(589,'2013-02-09 08:43:24',1,13,'21','Позитив',2,'Изменен promoblock и sims.'),(590,'2013-02-09 08:44:11',1,13,'22','Королевский подарок',2,'Изменен promoblock и sims.'),(591,'2013-02-09 09:05:04',1,13,'23','Оранж',2,'Изменен promoblock.'),(592,'2013-02-09 09:12:34',1,13,'24','Статский советник',2,'Изменен promoblock и sims.'),(593,'2013-02-09 09:23:07',1,13,'25','Сердце',2,'Изменен promoblock.'),(594,'2013-02-09 09:26:51',1,13,'26','Букет невесты \"Аврора\"',2,'Изменен promoblock и sims.'),(595,'2013-02-09 09:30:37',1,13,'27','Цветущий сад',2,'Изменен promoblock и sims.'),(596,'2013-02-09 09:32:54',1,13,'28','Букет невесты №3',2,'Изменен promoblock и sims.'),(597,'2013-02-09 09:35:34',1,13,'29','Бутоньерка №1',2,'Изменен promoblock и sims.'),(598,'2013-02-09 09:36:51',1,13,'30','101 роза',2,'Изменен promoblock.'),(599,'2013-02-09 09:39:35',1,13,'31','Букет невесты №4',2,'Изменен promoblock.'),(600,'2013-02-09 09:42:39',1,13,'32','Татьяна',2,'Изменен promoblock.'),(601,'2013-02-09 09:45:16',1,13,'33','Хорошее настроение',2,'Изменен promoblock.'),(602,'2013-02-09 09:46:24',1,13,'34','Лесная опушка',2,'Изменен promoblock.'),(603,'2013-02-09 09:48:19',1,13,'35','Королева Марго',2,'Изменен promoblock.'),(604,'2013-02-09 09:49:14',1,13,'36','Жасмин',2,'Изменен promoblock.'),(605,'2013-02-09 09:49:55',1,13,'37','Адам',2,'Изменен promoblock.'),(606,'2013-02-09 09:50:57',1,13,'38','Во имя любви!',2,'Изменен promoblock.'),(607,'2013-02-09 09:52:29',1,13,'39','Варвара',2,'Изменен promoblock и sims.'),(608,'2013-02-09 09:55:29',1,13,'40','Королеве красоты',2,'Изменен promoblock.'),(609,'2013-02-09 09:56:29',1,13,'41','Бутоньерка №2',2,'Изменен promoblock.'),(610,'2013-02-09 10:38:22',1,13,'33','Хорошее настроение',2,'Изменен promoblock.'),(611,'2013-02-09 10:38:56',1,13,'39','Варвара',2,'Изменен promoblock.'),(612,'2013-02-09 10:40:17',1,13,'25','Сердце',2,'Изменен promoblock.'),(613,'2013-02-09 10:41:20',1,13,'30','101 роза',2,'Изменен promoblock.'),(614,'2013-02-09 10:43:21',1,13,'32','Татьяна',2,'Изменен promoblock.'),(615,'2013-02-09 10:44:33',1,13,'35','Королева Марго',2,'Изменен promoblock.'),(616,'2013-02-09 10:45:23',1,13,'24','Статский советник',2,'Изменен promoblock.'),(617,'2013-02-09 11:02:07',1,13,'23','Оранж',2,'Изменен promoblock.'),(618,'2013-02-09 11:02:38',1,13,'24','Статский советник',2,'Изменен promoblock.'),(619,'2013-02-09 11:02:58',1,13,'25','Сердце',2,'Ни одно поле не изменено.'),(620,'2013-02-09 11:03:39',1,13,'26','Букет невесты \"Аврора\"',2,'Изменен promoblock.'),(621,'2013-02-09 11:04:25',1,13,'27','Цветущий сад',2,'Изменен promoblock.'),(622,'2013-02-09 11:04:56',1,13,'28','Букет невесты №3',2,'Изменен promoblock.'),(623,'2013-02-09 11:05:37',1,13,'29','Бутоньерка №1',2,'Изменен promoblock.'),(624,'2013-02-09 11:05:58',1,13,'30','101 роза',2,'Изменен promoblock.'),(625,'2013-02-09 11:06:25',1,13,'31','Букет невесты №4',2,'Изменен promoblock.'),(626,'2013-02-09 11:06:57',1,13,'32','Татьяна',2,'Изменен promoblock.'),(627,'2013-02-09 11:09:08',1,13,'33','Хорошее настроение',2,'Изменен promoblock.'),(628,'2013-02-09 11:09:46',1,13,'34','Лесная опушка',2,'Изменен promoblock.'),(629,'2013-02-09 11:10:22',1,13,'35','Королева Марго',2,'Изменен promoblock.'),(630,'2013-02-09 13:04:08',1,13,'40','Королеве красоты',2,'Изменен category.'),(631,'2013-02-09 13:04:23',1,13,'40','Королеве красоты',2,'Изменен promoblock.'),(632,'2013-02-09 13:07:01',1,13,'40','Королеве красоты',2,'Добавлен Изображение букета \"http://test.amelia-shop.ru/media/flower_image/IMG_9251.JPG\". Добавлен Изображение букета \"http://test.amelia-shop.ru/media/flower_image/IMG_9254.JPG\".'),(633,'2013-02-09 16:26:10',1,23,'2','Новогоднее оформление',2,'Изменен text и public.'),(634,'2013-02-09 16:30:11',1,23,'2','Новогоднее оформление',2,'Изменен text.'),(635,'2013-02-09 16:35:25',1,23,'2','Новогоднее оформление',2,'Ни одно поле не изменено.'),(636,'2013-02-09 17:01:38',1,23,'3','Оформление ресторанов',2,'Изменен text и public.'),(637,'2013-02-09 17:07:29',1,23,'2','Новогоднее оформление',2,'Изменен text.'),(638,'2013-02-09 17:10:24',1,23,'2','Новогоднее оформление',2,'Изменен text.'),(639,'2013-02-09 17:12:13',1,23,'2','Новогоднее оформление',2,'Изменен text.'),(640,'2013-02-10 13:10:07',1,23,'2','Новогоднее оформление',2,'Изменен text.'),(641,'2013-02-10 13:14:27',1,23,'2','Новогоднее оформление',2,'Ни одно поле не изменено.'),(642,'2013-02-10 13:19:29',1,23,'2','Новогоднее оформление',2,'Изменен text.'),(643,'2013-02-10 13:22:12',1,23,'2','Новогоднее оформление',2,'Изменен text.'),(644,'2013-02-10 13:31:35',1,23,'3','Оформление ресторанов',2,'Изменен text.'),(645,'2013-02-12 09:35:32',1,13,'42','Нежность',1,''),(646,'2013-02-12 09:37:43',1,13,'42','Нежность',2,'Изменен promoblock.'),(647,'2013-02-12 09:43:48',1,13,'43','Радуга',1,''),(648,'2013-02-12 09:52:09',1,13,'44','Солнечные ромашки',1,''),(649,'2013-02-12 09:56:58',1,13,'45','Эликсир Любви',1,''),(650,'2013-02-12 09:58:03',1,13,'45','Эликсир Любви',2,'Изменен description.'),(651,'2013-02-12 10:05:23',1,19,'2','2',1,''),(652,'2013-02-12 10:06:16',1,19,'2','2',3,''),(653,'2013-02-12 10:06:42',1,19,'1','1',3,''),(654,'2013-02-12 10:07:54',1,13,'46','Валентинка',1,''),(655,'2013-02-12 10:08:08',1,19,'3','3',1,''),(656,'2013-02-12 10:09:11',1,19,'3','3',2,'Изменен content.'),(657,'2013-02-12 10:09:37',1,19,'3','3',2,'Изменен content.'),(658,'2013-02-12 10:14:41',1,13,'47','Фреш',1,''),(659,'2013-02-12 10:19:23',1,19,'3','3',2,'Изменен content.'),(660,'2013-02-12 10:20:52',1,13,'48','Угловая композиция ',1,''),(661,'2013-02-12 10:25:26',1,19,'3','3',2,'Изменен content.'),(662,'2013-02-12 10:25:40',1,13,'49','Бутоньерка №3',1,''),(663,'2013-02-12 10:26:01',1,19,'3','3',2,'Изменен content.'),(664,'2013-02-12 10:28:02',1,19,'3','3',2,'Изменен content.'),(665,'2013-02-12 10:28:56',1,19,'3','3',2,'Изменен content.'),(666,'2013-02-12 10:29:54',1,19,'3','3',2,'Изменен content.'),(667,'2013-02-12 10:30:48',1,19,'3','3',2,'Изменен content.'),(668,'2013-02-12 10:31:49',1,13,'50','Букет невесты №5',1,''),(669,'2013-02-12 10:32:03',1,19,'3','3',2,'Изменен content.'),(670,'2013-02-12 10:32:23',1,19,'3','3',2,'Изменен content.'),(671,'2013-02-12 10:32:41',1,19,'3','3',2,'Изменен content.'),(672,'2013-02-12 10:41:24',1,19,'3','3',2,'Изменен content.'),(673,'2013-02-12 11:01:35',1,19,'3','3',3,''),(674,'2013-02-12 11:03:42',1,19,'4','4',1,''),(675,'2013-02-12 11:04:39',1,19,'4','4',2,'Изменен content.'),(676,'2013-02-12 11:05:20',1,19,'4','4',2,'Изменен content.'),(677,'2013-02-12 11:05:40',1,19,'4','4',2,'Изменен content.'),(678,'2013-02-12 11:06:07',1,19,'4','4',2,'Изменен content.'),(679,'2013-02-12 11:07:20',1,19,'4','4',2,'Изменен content.'),(680,'2013-02-12 11:08:01',1,19,'4','4',2,'Изменен content.'),(681,'2013-02-12 11:08:26',1,19,'4','4',2,'Изменен content.'),(682,'2013-02-12 11:09:08',1,19,'4','4',2,'Изменен content.'),(683,'2013-02-12 11:10:27',1,19,'4','4',2,'Изменен content.'),(684,'2013-02-12 11:12:43',1,19,'4','4',2,'Изменен content.'),(685,'2013-02-12 11:13:05',1,19,'4','4',2,'Изменен content.'),(686,'2013-02-12 11:13:20',1,13,'51','История любви',1,''),(687,'2013-02-12 11:13:51',1,19,'4','4',2,'Изменен content.'),(688,'2013-02-12 11:14:17',1,19,'4','4',2,'Изменен content.'),(689,'2013-02-12 11:23:23',1,19,'4','4',2,'Изменен content.'),(690,'2013-02-12 11:39:55',1,11,'63','Валентинка ручной работы  №1',1,''),(691,'2013-02-12 11:44:53',1,11,'64','Валентинка ручной работы №2',1,''),(692,'2013-02-12 11:52:12',1,19,'4','4',2,'Изменен content.'),(693,'2013-02-12 11:53:47',1,11,'65','Валентинка ручной работы №3',1,''),(694,'2013-02-12 11:56:41',1,19,'4','4',2,'Изменен content.'),(695,'2013-02-12 11:59:13',1,19,'4','4',2,'Ни одно поле не изменено.'),(696,'2013-02-12 12:03:06',1,11,'66','Валентинка ручной работы №4',1,''),(697,'2013-02-12 12:06:02',1,18,'2','2',2,'Изменен content.'),(698,'2013-02-12 12:06:19',1,18,'2','2',2,'Изменен content.'),(699,'2013-02-12 12:08:24',1,18,'2','2',2,'Ни одно поле не изменено.'),(700,'2013-02-12 12:09:03',1,11,'67','Валентинка ручной работы №5',1,''),(701,'2013-02-12 12:18:41',1,11,'68','Валентинка ручной работы №6',1,''),(702,'2013-02-12 12:23:59',1,11,'69','Валентинка ручной работы №7',1,''),(703,'2013-02-12 12:26:57',1,21,'1','1',3,''),(704,'2013-02-12 12:29:26',1,11,'70','Валентинка ручной работы№8',1,''),(705,'2013-02-12 12:35:20',1,21,'2','2',1,''),(706,'2013-02-12 12:36:06',1,11,'71','Валентинка ручной работы №9',1,''),(707,'2013-02-12 12:41:06',1,11,'72','Валентинка ручной работы №10',1,''),(708,'2013-02-12 12:41:54',1,21,'2','2',2,'Изменен content.'),(709,'2013-02-12 12:48:07',1,11,'73','Валентинка ручной работы № 11',1,''),(710,'2013-02-12 12:48:49',1,11,'73','Валентинка ручной работы № 11',2,'Добавлен Изображение цветка \"http://amelia-shop.ru/media/flower_image/16_1.jpg\".'),(711,'2013-02-12 12:54:12',1,11,'74','Валентинка ручной работы №12',1,''),(712,'2013-02-12 13:01:17',1,21,'2','2',2,'Изменен content.'),(713,'2013-02-12 13:13:02',1,21,'2','2',2,'Изменен content.'),(714,'2013-02-12 13:13:56',1,21,'2','2',2,'Изменен content.'),(715,'2013-02-12 13:14:25',1,21,'2','2',2,'Изменен content.'),(716,'2013-02-12 13:14:52',1,21,'2','2',2,'Изменен content.'),(717,'2013-02-12 13:17:47',1,21,'2','2',2,'Изменен content.'),(718,'2013-02-12 13:22:18',1,21,'2','2',2,'Изменен content.'),(719,'2013-02-12 13:32:32',1,21,'2','2',2,'Изменен content.'),(720,'2013-02-12 13:34:36',1,21,'2','2',2,'Изменен content.'),(721,'2013-02-12 13:37:37',1,21,'2','2',2,'Ни одно поле не изменено.'),(722,'2013-02-12 13:38:11',1,20,'1','1',3,'');
/*!40000 ALTER TABLE `django_admin_log` ENABLE KEYS */;
UNLOCK TABLES;

--
-- Table structure for table `django_content_type`
--

DROP TABLE IF EXISTS `django_content_type`;
/*!40101 SET @saved_cs_client     = @@character_set_client */;
/*!40101 SET character_set_client = utf8 */;
CREATE TABLE `django_content_type` (
  `id` int(11) NOT NULL AUTO_INCREMENT,
  `name` varchar(100) NOT NULL,
  `app_label` varchar(100) NOT NULL,
  `model` varchar(100) NOT NULL,
  PRIMARY KEY (`id`),
  UNIQUE KEY `app_label` (`app_label`,`model`)
) ENGINE=MyISAM AUTO_INCREMENT=26 DEFAULT CHARSET=utf8;
/*!40101 SET character_set_client = @saved_cs_client */;

--
-- Dumping data for table `django_content_type`
--

LOCK TABLES `django_content_type` WRITE;
/*!40000 ALTER TABLE `django_content_type` DISABLE KEYS */;
INSERT INTO `django_content_type` VALUES (1,'permission','auth','permission'),(2,'group','auth','group'),(3,'user','auth','user'),(4,'content type','contenttypes','contenttype'),(5,'session','sessions','session'),(6,'site','sites','site'),(7,'log entry','admin','logentry'),(8,'migration history','south','migrationhistory'),(9,'kv store','thumbnail','kvstore'),(10,'Категория','catalog','category'),(11,'Цветок','catalog','flower'),(12,'Изображение цветка','catalog','flowerimage'),(13,'Букет','catalog','bouquet'),(14,'Изображение букета','catalog','bouquetimage'),(15,'Элемент букета','catalog','item'),(16,'Контент для главной страницы','contman','indexpage'),(17,'Элемент слайдера','contman','slideritem'),(18,'Контент для  страницы \"О нас\"','contman','aboutpage'),(19,'Контент для  страницы \"Доставка\"','contman','deliverypage'),(20,'Контент для  страницы \"Скидки\"','contman','discountspage'),(21,'Контент для  страницы \"Оплата\"','contman','paymentpage'),(22,'Новость','news','news'),(23,'Услуга','services','services'),(24,'Звонок','calls','call'),(25,'Заказ','order','order');
/*!40000 ALTER TABLE `django_content_type` ENABLE KEYS */;
UNLOCK TABLES;

--
-- Table structure for table `django_session`
--

DROP TABLE IF EXISTS `django_session`;
/*!40101 SET @saved_cs_client     = @@character_set_client */;
/*!40101 SET character_set_client = utf8 */;
CREATE TABLE `django_session` (
  `session_key` varchar(40) NOT NULL,
  `session_data` longtext NOT NULL,
  `expire_date` datetime NOT NULL,
  PRIMARY KEY (`session_key`),
  KEY `django_session_c25c2c28` (`expire_date`)
) ENGINE=MyISAM DEFAULT CHARSET=utf8;
/*!40101 SET character_set_client = @saved_cs_client */;

--
-- Dumping data for table `django_session`
--

LOCK TABLES `django_session` WRITE;
/*!40000 ALTER TABLE `django_session` DISABLE KEYS */;
INSERT INTO `django_session` VALUES ('32e060d418871e3da3b01f4e79b2a9ef','YTRmZTA2MmQ5ZGJjYmQyOGYyNTgwOWZiM2MxMjdlOTc0M2Q2NzdmYzqAAn1xAShVEl9hdXRoX3Vz\nZXJfYmFja2VuZHECVSlkamFuZ28uY29udHJpYi5hdXRoLmJhY2tlbmRzLk1vZGVsQmFja2VuZHED\nVQ1fYXV0aF91c2VyX2lkcQSKAQd1Lg==\n','2013-02-08 16:02:33'),('43a6a136ad4f5473a1956b9ec1347300','MjQzZDI4OTRiMTM5M2Q5ZmQ1NjlmZGVkNzJkNzZkNDA5Zjc1YjhhMzqAAn1xAS4=\n','2013-01-29 13:32:01'),('53243d71a4a5c353d2bde835223dd654','MjQzZDI4OTRiMTM5M2Q5ZmQ1NjlmZGVkNzJkNzZkNDA5Zjc1YjhhMzqAAn1xAS4=\n','2013-01-28 18:15:53'),('1f6be21242511100c2107fdcc8583773','MjQzZDI4OTRiMTM5M2Q5ZmQ1NjlmZGVkNzJkNzZkNDA5Zjc1YjhhMzqAAn1xAS4=\n','2013-01-28 18:16:09'),('4e8193f70e890b70b151a4668dac12a3','MjQzZDI4OTRiMTM5M2Q5ZmQ1NjlmZGVkNzJkNzZkNDA5Zjc1YjhhMzqAAn1xAS4=\n','2013-01-28 18:16:30'),('024ad78931bdf6ace392cbcc01354ce9','MjQzZDI4OTRiMTM5M2Q5ZmQ1NjlmZGVkNzJkNzZkNDA5Zjc1YjhhMzqAAn1xAS4=\n','2013-01-28 18:16:40'),('03c283bc99fa308a03726d6a3a39d32a','MjQzZDI4OTRiMTM5M2Q5ZmQ1NjlmZGVkNzJkNzZkNDA5Zjc1YjhhMzqAAn1xAS4=\n','2013-01-28 18:16:48'),('6248f45985d33d24cdbc62bb767fb727','MjQzZDI4OTRiMTM5M2Q5ZmQ1NjlmZGVkNzJkNzZkNDA5Zjc1YjhhMzqAAn1xAS4=\n','2013-01-28 18:17:23'),('a062617a069e38c0a54eca471c8965c2','MjQzZDI4OTRiMTM5M2Q5ZmQ1NjlmZGVkNzJkNzZkNDA5Zjc1YjhhMzqAAn1xAS4=\n','2013-01-28 18:18:09'),('2fc3149e75f2dba378c89e94e6f728c2','MjQzZDI4OTRiMTM5M2Q5ZmQ1NjlmZGVkNzJkNzZkNDA5Zjc1YjhhMzqAAn1xAS4=\n','2013-01-29 12:09:39'),('806ae8ed4a7947d2e65dbdad7076c49d','MjQzZDI4OTRiMTM5M2Q5ZmQ1NjlmZGVkNzJkNzZkNDA5Zjc1YjhhMzqAAn1xAS4=\n','2013-01-28 18:08:05'),('95ac0ded89e2aa644c8670a28175a585','MjQzZDI4OTRiMTM5M2Q5ZmQ1NjlmZGVkNzJkNzZkNDA5Zjc1YjhhMzqAAn1xAS4=\n','2013-01-28 18:08:52'),('c10584e8b56565034582545a74e262dc','MjQzZDI4OTRiMTM5M2Q5ZmQ1NjlmZGVkNzJkNzZkNDA5Zjc1YjhhMzqAAn1xAS4=\n','2013-01-28 18:10:41'),('cc7be73d76e7cba6b085d8ab104661e0','MjQzZDI4OTRiMTM5M2Q5ZmQ1NjlmZGVkNzJkNzZkNDA5Zjc1YjhhMzqAAn1xAS4=\n','2013-01-28 18:11:24'),('f9e29bd5b51cd89838a2b29ae9665d70','MjQzZDI4OTRiMTM5M2Q5ZmQ1NjlmZGVkNzJkNzZkNDA5Zjc1YjhhMzqAAn1xAS4=\n','2013-01-28 18:13:25'),('5c338d45eaca4f8a49a892703925bf1f','MjQzZDI4OTRiMTM5M2Q5ZmQ1NjlmZGVkNzJkNzZkNDA5Zjc1YjhhMzqAAn1xAS4=\n','2013-01-28 18:14:19'),('e66448ab548f4756eef9f03b8f6aeb85','MjQzZDI4OTRiMTM5M2Q5ZmQ1NjlmZGVkNzJkNzZkNDA5Zjc1YjhhMzqAAn1xAS4=\n','2013-01-28 18:14:50'),('3f2fea6f50e0bdfb3501e23235c6a510','MjQzZDI4OTRiMTM5M2Q5ZmQ1NjlmZGVkNzJkNzZkNDA5Zjc1YjhhMzqAAn1xAS4=\n','2013-01-28 18:15:15'),('620807eb301d18d5ad84a3e3e1994b09','MjQzZDI4OTRiMTM5M2Q5ZmQ1NjlmZGVkNzJkNzZkNDA5Zjc1YjhhMzqAAn1xAS4=\n','2013-01-28 18:15:26'),('8a6dcc4e1d13c0b113a1b7e2772bcd05','MjQzZDI4OTRiMTM5M2Q5ZmQ1NjlmZGVkNzJkNzZkNDA5Zjc1YjhhMzqAAn1xAS4=\n','2013-01-28 18:15:33'),('bc5558a3246c32b6f2ba04ccf25f6fd2','MjQzZDI4OTRiMTM5M2Q5ZmQ1NjlmZGVkNzJkNzZkNDA5Zjc1YjhhMzqAAn1xAS4=\n','2013-01-29 12:54:26'),('0a7c6f2a770ea58b30aa6b991aa94559','MjQzZDI4OTRiMTM5M2Q5ZmQ1NjlmZGVkNzJkNzZkNDA5Zjc1YjhhMzqAAn1xAS4=\n','2013-01-30 06:25:16'),('2c0293944e978c6b0a192dd50b59b16a','MjQzZDI4OTRiMTM5M2Q5ZmQ1NjlmZGVkNzJkNzZkNDA5Zjc1YjhhMzqAAn1xAS4=\n','2013-01-29 12:25:17'),('ad38c427b243b52ffdf73bf913fea86a','OTcxZjVmNTk1OWU4ODFmYmVmNThkMjUzZDc2ZWM3YzFhYTRhZTU1YzqAAn1xAShVEl9hdXRoX3Vz\nZXJfYmFja2VuZHECVSlkamFuZ28uY29udHJpYi5hdXRoLmJhY2tlbmRzLk1vZGVsQmFja2VuZHED\nVQ1fYXV0aF91c2VyX2lkcQSKAQhVBGNhcnRxBX1xBmNkamFuZ28uZGIubW9kZWxzLmJhc2UKbW9k\nZWxfdW5waWNrbGUKcQdjY2F0YWxvZy5tb2RlbHMKQm91cXVldApxCF1jZGphbmdvLmRiLm1vZGVs\ncy5iYXNlCnNpbXBsZV9jbGFzc19mYWN0b3J5CnEJh1JxCn1xCyhVEG1ldGFfZGVzY3JpcHRpb25x\nDFgAAAAAVQRzbHVncQ1YDAAAAGJ1a2V0LWl6LXJvenEOVQ1tZXRhX2tleXdvcmRzcQ9YAAAAAFUE\nbmFtZXEQWBYAAADQkdGD0LrQtdGCINC40Lcg0YDQvtC3cRFVBXRpdGxlcRJYAAAAAFUJaXNfYWN0\naXZlcROIVQpjcmVhdGVkX2F0cRRjZGF0ZXRpbWUKZGF0ZXRpbWUKcRVVCgfdAQkUJwMAAABjZGph\nbmdvLnV0aWxzLnRpbWV6b25lClVUQwpxFilScReGUnEYVQZfc3RhdGVxGWNkamFuZ28uZGIubW9k\nZWxzLmJhc2UKTW9kZWxTdGF0ZQpxGimBcRt9cRwoVQZhZGRpbmdxHYlVAmRicR5VB2RlZmF1bHRx\nH3ViVQZpc19uZXdxIIhVCnVwZGF0ZWRfYXRxIWgVVQoH3QEJFCcDAAAAaBeGUnEiVQpwcm9tb2Js\nb2NrcSNYDwAAANCa0L7QvdGC0LXQvdGCLnEkVQJpZHEligEBVQ5pc19yZWNvbW1lbmRlZHEmiFUL\nY2F0ZWdvcnlfaWRxJ4oBAlUFcHJpY2VxKIoC9AFVC2Rlc2NyaXB0aW9ucSlYNAAAANCR0YPQutC1\n0YIg0LjQtyDQsdC10LvRi9GFINC4INC60YDQsNGB0L3Ri9GFINGA0L7Qty5xKnViSwFzVQVvcmRl\ncnEraAdjb3JkZXIubW9kZWxzCk9yZGVyCnEsXWgJh1JxLX1xLihVB2NvbW1lbnRxL1UAVQRldWxh\ncTCJVQ9fY3VzdG9tZXJfY2FjaGVxMWgHY2RqYW5nby5jb250cmliLmF1dGgubW9kZWxzClVzZXIK\ncTJdaAmHUnEzfXE0KFUIdXNlcm5hbWVxNVgKAAAAYWtAMmVuZy5ydXE2VQpmaXJzdF9uYW1lcTdY\nAAAAAFUJbGFzdF9uYW1lcThYAAAAAFUJaXNfYWN0aXZlcTmIVQZfc3RhdGVxOmgaKYFxO31xPChV\nBmFkZGluZ3E9iVUCZGJxPlUHZGVmYXVsdHE/dWJVBWVtYWlscUBYCgAAAGFrQDJlbmcucnVxQVUM\naXNfc3VwZXJ1c2VycUKJVQhpc19zdGFmZnFDiVUKbGFzdF9sb2dpbnFEaBVVCgfdAQ8MDB0AAABo\nFilScUWGUnFGVQhwYXNzd29yZHFHWE0AAABwYmtkZjJfc2hhMjU2JDEwMDAwJHlCUWxpQ2NBeWZk\nYyR2N2l5c2E5Q0tabHVQZG1ORFNxYVdmRmQ0cklmTWx3bmNiV2dNamRkZ0JZPXFIVQJpZHFJigEI\nVQtkYXRlX2pvaW5lZHFKaBVVCgfdAQ8LMjAAAABoRYZScUt1Ymg6aBopgXFMfXFNKGg9iWg+aD91\nYlUHY2l0eV9vdHFOVQBVCnRvdGFsX3N1bW1xT4oC9AFVFWN1c3RvbWVyX25vdGlmaWNhdGlvbnFQ\nVQBVCm1ha2VfcGhvdG9xUYlVBWZpb19wcVJVAFUHY2FydF9pZHFTVSRlNWM5YjcxMi01ZjBjLTEx\nZTItYmIyOS0wMDE2M2UwMDBiZmZxVFULYXNrX2FkZHJlc3NxVYloSYoBDlUJYWRkcmVzc19wcVZV\nAFULY3VzdG9tZXJfaWRxV4oBCGhAVQBVCXByZWRfenZvbnFYiVUEY2FydHFZWB8AAAAKINCR0YPQ\nutC10YIg0LjQtyDRgNC+0LcgLS0gMSAKcVpVCGRlbGl2ZXJ5cVtYbAAAANCh0LDQvNC+0LLRi9Cy\n0L7Qty4gCiDQlNCw0YLQsCDRgdCw0LzQvtCy0YvQstC+0LfQsCAtLSAuINCS0YDQtdC80Y8g0YHQ\nsNC80L7QstGL0LLQvtC30LAg0YEgMTA6MDAg0LTQviAxMDowMHFcVQpkb3BfdGVsX290cV1VAFUG\nZmlvX290cV5YAQAAACBVCmRhdGVfYWRkZWRxX2gVVQoH3QEPDA0JBfKNaBYpUnFghlJxYVUGdGVs\nX290cWJVAFUNcG9zdGNhcmRfc2lnbnFjVQBVBXRlbF9wcWRVAFUEYW5vbnFliVUIaW5faGFuZHNx\nZolVCnBheV9tZXRob2RxZ1UAVQ1wb3N0Y2FyZF90ZXh0cWhVAHVidS4=\n','2013-01-29 12:13:09'),('3ce65f42d3cdc072eb4c25e77e51db1d','NWExYmMyMDViNTdjYTNmNWJjYWE4NmYzNWZkMWI2NTM4NzIxZmQ2MjqAAn1xAShVBGNhcnRxAn1x\nAyhjZGphbmdvLmRiLm1vZGVscy5iYXNlCm1vZGVsX3VucGlja2xlCnEEY2NhdGFsb2cubW9kZWxz\nCkJvdXF1ZXQKcQVdY2RqYW5nby5kYi5tb2RlbHMuYmFzZQpzaW1wbGVfY2xhc3NfZmFjdG9yeQpx\nBodScQd9cQgoVRBtZXRhX2Rlc2NyaXB0aW9ucQlYAAAAAFUEc2x1Z3EKWAwAAABidWtldC1pei1y\nb3pxC1UNbWV0YV9rZXl3b3Jkc3EMWAAAAABVBG5hbWVxDVgWAAAA0JHRg9C60LXRgiDQuNC3INGA\n0L7Qt3EOVQV0aXRsZXEPWAAAAABVCWlzX2FjdGl2ZXEQiFUKY3JlYXRlZF9hdHERY2RhdGV0aW1l\nCmRhdGV0aW1lCnESVQoH3QEJFCcDAAAAY2RqYW5nby51dGlscy50aW1lem9uZQpVVEMKcRMpUnEU\nhlJxFVUGX3N0YXRlcRZjZGphbmdvLmRiLm1vZGVscy5iYXNlCk1vZGVsU3RhdGUKcRcpgXEYfXEZ\nKFUGYWRkaW5ncRqJVQJkYnEbVQdkZWZhdWx0cRx1YlUGaXNfbmV3cR2IVQp1cGRhdGVkX2F0cR5o\nElUKB90BCRQnAwAAAGgUhlJxH1UKcHJvbW9ibG9ja3EgWA8AAADQmtC+0L3RgtC10L3Rgi5xIVUC\naWRxIooBAVUOaXNfcmVjb21tZW5kZWRxI4hVC2NhdGVnb3J5X2lkcSSKAQJVBXByaWNlcSWKAvQB\nVQtkZXNjcmlwdGlvbnEmWDQAAADQkdGD0LrQtdGCINC40Lcg0LHQtdC70YvRhSDQuCDQutGA0LDR\ngdC90YvRhSDRgNC+0LcucSd1YksCaARjY2F0YWxvZy5tb2RlbHMKRmxvd2VyCnEoXWgGh1JxKX1x\nKihVEG1ldGFfZGVzY3JpcHRpb25xK1gAAAAAVQRzbHVncSxYDQAAAGtyYXNuYXlhLXJvemFxLVUN\nbWV0YV9rZXl3b3Jkc3EuWAAAAABVBG5hbWVxL1gXAAAA0JrRgNCw0YHQvdCw0Y8g0YDQvtC30LBx\nMFUFdGl0bGVxMVgAAAAAVQlpc19hY3RpdmVxMohVCmNyZWF0ZWRfYXRxM2gSVQoH3QEICBQZAAAA\naBMpUnE0hlJxNVUGX3N0YXRlcTZoFymBcTd9cTgoVQZhZGRpbmdxOYlVAmRicTpVB2RlZmF1bHRx\nO3ViVQZpc19uZXdxPIhVCnVwZGF0ZWRfYXRxPWgSVQoH3QEICBQZAAAAaDSGUnE+VQpwcm9tb2Js\nb2NrcT9YJgAAANCa0L7QvdGC0LXQvdGCINC60YDQsNGB0L3QvtC5INGA0L7Qt9GLcUBVAmlkcUGK\nAQFVDmlzX3JlY29tbWVuZGVkcUKIVQtjYXRlZ29yeV9pZHFDigEBVQVwcmljZXFEigEyVQtkZXNj\ncmlwdGlvbnFFWDsAAADQotC10LrRgdGC0L7QstC+0LUg0L7Qv9C40YHQsNC90LjQtSDQutGA0LDR\ngdC90L7QuSDRgNC+0LfRi3FGdWJLAXVVEl9hdXRoX3VzZXJfYmFja2VuZHFHVSlkamFuZ28uY29u\ndHJpYi5hdXRoLmJhY2tlbmRzLk1vZGVsQmFja2VuZHFIVQ1fYXV0aF91c2VyX2lkcUmKAQFVBW9y\nZGVycUpoBGNvcmRlci5tb2RlbHMKT3JkZXIKcUtdaAaHUnFMfXFNKFUHY29tbWVudHFOWAAAAABV\nBGV1bGFxT4lVD19jdXN0b21lcl9jYWNoZXFQaARjZGphbmdvLmNvbnRyaWIuYXV0aC5tb2RlbHMK\nVXNlcgpxUV1oBodScVJ9cVMoVQh1c2VybmFtZXFUWAUAAABhZG1pbnFVVQpmaXJzdF9uYW1lcVZY\nBAAAAEpvaG5xV1UJbGFzdF9uYW1lcVhVA0RvZXFZVQlpc19hY3RpdmVxWohVBl9zdGF0ZXFbaBcp\ngXFcfXFdKFUGYWRkaW5ncV6JVQJkYnFfVQdkZWZhdWx0cWB1YlUFZW1haWxxYVgRAAAAYWRtaW5A\nZXhhbXBsZS5jb21xYlUMaXNfc3VwZXJ1c2VycWOIVQhpc19zdGFmZnFkiFUKbGFzdF9sb2dpbnFl\naBJVCgfdAQ8MGjAAAABoEylScWaGUnFnVQhwYXNzd29yZHFoWE0AAABwYmtkZjJfc2hhMjU2JDEw\nMDAwJFFtSDFwaXVvTVBiViRWYlVJd2dOeDFsYlZWWU8wRkRHeS9zR0FaUTBRZ3U1TUZtcGlUKzNC\nN0N3PXFpVQJpZHFqigEBVQtkYXRlX2pvaW5lZHFraBJVCgfdAQgIDygAAABoZoZScWx1YmhbaBcp\ngXFtfXFuKGheiWhfaGB1YlUHY2l0eV9vdHFvWAQAAABrbGpocXBVCnRvdGFsX3N1bW1xcYoCGgRV\nFWN1c3RvbWVyX25vdGlmaWNhdGlvbnFyVQBVCm1ha2VfcGhvdG9xc4lVBWZpb19wcXRYBgAAAGpr\naGdqa3F1VQdjYXJ0X2lkcXZVJDA2ODMyNTJjLTVmMTQtMTFlMi04MGM1LTAwMTYzZTAwMGJmZnF3\nVQthc2tfYWRkcmVzc3F4iWhqigERVQlhZGRyZXNzX3BxeVgHAAAAc3ZvYm8gN3F6VQtjdXN0b21l\ncl9pZHF7igEBaGFYEQAAAGFkbWluQGV4YW1wbGUuY29tcXxVCXByZWRfenZvbnF9iVUEY2FydHF+\nWD8AAAAKINCR0YPQutC10YIg0LjQtyDRgNC+0LcgLS0gMiAKCiDQmtGA0LDRgdC90LDRjyDRgNC+\n0LfQsCAtLSAxIApxf1UIZGVsaXZlcnlxgFg5AAAA0KHQsNC80L7QstGL0LLQvtC3LiAKINCU0LDR\ngtCwINGB0LDQvNC+0LLRi9Cy0L7Qt9CwIC0tIC4gcYFVCmRvcF90ZWxfb3RxglgAAAAAVQZmaW9f\nb3Rxg1gIAAAASm9obiBEb2VxhFUKZGF0ZV9hZGRlZHGFaBJVCgfdAQ8NAzoMTU5oZoZScYZVBnRl\nbF9vdHGHWAsAAAArNzY1NDY1MTMyMXGIVQ1wb3N0Y2FyZF9zaWducYlVAFUFdGVsX3BxilgJAAAA\nKzc2NTQ2MjEzcYtVBGFub25xjIlVCGluX2hhbmRzcY2IVQpwYXlfbWV0aG9kcY5YIwAAANCR0LXQ\nt9C90LDQu9C40YfQvdGL0Lkg0YDQsNGB0YfQtdGCcY9VDXBvc3RjYXJkX3RleHRxkFUAdWJ1Lg==\n','2013-01-29 13:06:44'),('be00fc81d8a9cd35e8c7cf4cfe39ec9e','MjQzZDI4OTRiMTM5M2Q5ZmQ1NjlmZGVkNzJkNzZkNDA5Zjc1YjhhMzqAAn1xAS4=\n','2013-01-29 13:32:01'),('aa005cf5f0a0b4517f69365f7c35e8d6','MjQzZDI4OTRiMTM5M2Q5ZmQ1NjlmZGVkNzJkNzZkNDA5Zjc1YjhhMzqAAn1xAS4=\n','2013-01-29 13:40:24'),('f22ddbd95230d68e13f02cd6df417ba3','MjQzZDI4OTRiMTM5M2Q5ZmQ1NjlmZGVkNzJkNzZkNDA5Zjc1YjhhMzqAAn1xAS4=\n','2013-01-29 13:35:36'),('56880f1d9847d72642043f81328df901','MjQzZDI4OTRiMTM5M2Q5ZmQ1NjlmZGVkNzJkNzZkNDA5Zjc1YjhhMzqAAn1xAS4=\n','2013-01-29 13:35:36'),('52af6cee54dcd0569890c9f6cdd1f70d','MjQzZDI4OTRiMTM5M2Q5ZmQ1NjlmZGVkNzJkNzZkNDA5Zjc1YjhhMzqAAn1xAS4=\n','2013-01-29 13:35:40'),('a1ec7982f4854b20515dc05c7442ab80','MjQzZDI4OTRiMTM5M2Q5ZmQ1NjlmZGVkNzJkNzZkNDA5Zjc1YjhhMzqAAn1xAS4=\n','2013-01-29 13:35:40'),('c929e4d391632159ea0b6f5d4c056327','MjQzZDI4OTRiMTM5M2Q5ZmQ1NjlmZGVkNzJkNzZkNDA5Zjc1YjhhMzqAAn1xAS4=\n','2013-01-29 13:35:43'),('f223969b024a02735eed127c0aff3811','MjQzZDI4OTRiMTM5M2Q5ZmQ1NjlmZGVkNzJkNzZkNDA5Zjc1YjhhMzqAAn1xAS4=\n','2013-01-29 13:35:43'),('59556c1031da4ec67aaadaea3b41e9bd','MjQzZDI4OTRiMTM5M2Q5ZmQ1NjlmZGVkNzJkNzZkNDA5Zjc1YjhhMzqAAn1xAS4=\n','2013-01-29 13:32:05'),('1321d169a8d8750e30eea6552eca6657','MjQzZDI4OTRiMTM5M2Q5ZmQ1NjlmZGVkNzJkNzZkNDA5Zjc1YjhhMzqAAn1xAS4=\n','2013-01-29 12:07:46'),('fb2ee20d05b989b02ed3086244b85d77','MjQzZDI4OTRiMTM5M2Q5ZmQ1NjlmZGVkNzJkNzZkNDA5Zjc1YjhhMzqAAn1xAS4=\n','2013-01-29 12:12:09'),('dbddd3f831846bf52dfb62ccdf8779b9','OWI4NzQ1ZjI2ODkxNTM3NzFlMGI4ZGFhOTM1OWZlOTFlMGVmNGQ3MTqAAn1xAShVDV9hdXRoX3Vz\nZXJfaWRxAooBAVUSX2F1dGhfdXNlcl9iYWNrZW5kcQNVKWRqYW5nby5jb250cmliLmF1dGguYmFj\na2VuZHMuTW9kZWxCYWNrZW5kcQRVA2xwcHEFSwF1Lg==\n','2013-01-27 12:07:15'),('09b90b113006b11addfd39770a940a68','MjQzZDI4OTRiMTM5M2Q5ZmQ1NjlmZGVkNzJkNzZkNDA5Zjc1YjhhMzqAAn1xAS4=\n','2013-01-23 22:44:25'),('c9f6c989f6fb4472b083e24494367c34','MjQzZDI4OTRiMTM5M2Q5ZmQ1NjlmZGVkNzJkNzZkNDA5Zjc1YjhhMzqAAn1xAS4=\n','2013-02-20 12:21:17'),('5e68351ea09a728a93f5a6efe395edb9','MjQzZDI4OTRiMTM5M2Q5ZmQ1NjlmZGVkNzJkNzZkNDA5Zjc1YjhhMzqAAn1xAS4=\n','2013-01-24 10:07:11'),('b7e40c6ffa1a4d3eb80c68219dbb8017','Zjc0ZDdkMGJkOGYwMjQyZGE0MzcxZDg5ODliYTI2ZDhmYjM2MWI5ODqAAn1xAShVBGNhcnRxAn1x\nAyhjZGphbmdvLmRiLm1vZGVscy5iYXNlCm1vZGVsX3VucGlja2xlCnEEY2NhdGFsb2cubW9kZWxz\nCkZsb3dlcgpxBV1jZGphbmdvLmRiLm1vZGVscy5iYXNlCnNpbXBsZV9jbGFzc19mYWN0b3J5CnEG\nh1JxB31xCChVEG1ldGFfZGVzY3JpcHRpb25xCVgAAAAAVQRzbHVncQpYDQAAAGtyYXNuYXlhLXJv\nemFxC1UNbWV0YV9rZXl3b3Jkc3EMWAAAAABVBG5hbWVxDVgXAAAA0JrRgNCw0YHQvdCw0Y8g0YDQ\nvtC30LBxDlUFdGl0bGVxD1gAAAAAVQlpc19hY3RpdmVxEIhVCmNyZWF0ZWRfYXRxEWNkYXRldGlt\nZQpkYXRldGltZQpxElUKB90BCAgUGQAAAGNkamFuZ28udXRpbHMudGltZXpvbmUKVVRDCnETKVJx\nFIZScRVVBl9zdGF0ZXEWY2RqYW5nby5kYi5tb2RlbHMuYmFzZQpNb2RlbFN0YXRlCnEXKYFxGH1x\nGShVBmFkZGluZ3EaiVUCZGJxG1UHZGVmYXVsdHEcdWJVBmlzX25ld3EdiFUKdXBkYXRlZF9hdHEe\naBJVCgfdAQgIFBkAAABoFIZScR9VCnByb21vYmxvY2txIFgmAAAA0JrQvtC90YLQtdC90YIg0LrR\ngNCw0YHQvdC+0Lkg0YDQvtC30YtxIVUCaWRxIooBAVUOaXNfcmVjb21tZW5kZWRxI4hVC2NhdGVn\nb3J5X2lkcSSKAQFVBXByaWNlcSWKATJVC2Rlc2NyaXB0aW9ucSZYOwAAANCi0LXQutGB0YLQvtCy\n0L7QtSDQvtC/0LjRgdCw0L3QuNC1INC60YDQsNGB0L3QvtC5INGA0L7Qt9GLcSd1YksBaARjY2F0\nYWxvZy5tb2RlbHMKQm91cXVldApxKF1oBodScSl9cSooVRBtZXRhX2Rlc2NyaXB0aW9ucStYAAAA\nAFUEc2x1Z3EsWBEAAABidWtldC1pei1rYWt0dXNvdnEtVQ1tZXRhX2tleXdvcmRzcS5YAAAAAFUE\nbmFtZXEvWCAAAADQkdGD0LrQtdGCINC40Lcg0LrQsNC60YLRg9GB0L7QsnEwVQV0aXRsZXExWAAA\nAABVCWlzX2FjdGl2ZXEyiFUKY3JlYXRlZF9hdHEzaBJVCgfdAQoHIyoAAABoEylScTSGUnE1VQZf\nc3RhdGVxNmgXKYFxN31xOChVBmFkZGluZ3E5iVUCZGJxOlUHZGVmYXVsdHE7dWJVBmlzX25ld3E8\niVUKdXBkYXRlZF9hdHE9aBJVCgfdAQoHIyoAAABoNIZScT5VCnByb21vYmxvY2txP1gOAAAA0JrQ\nvtC90YLQtdC90YJxQFUCaWRxQYoBAlUOaXNfcmVjb21tZW5kZWRxQohVC2NhdGVnb3J5X2lkcUOK\nAQJVBXByaWNlcUSKArAEVQtkZXNjcmlwdGlvbnFFWBAAAADQntC/0LjRgdCw0L3QuNC1cUZ1YksB\ndVUNX2F1dGhfdXNlcl9pZHFHigEHVRJfYXV0aF91c2VyX2JhY2tlbmRxSFUpZGphbmdvLmNvbnRy\naWIuYXV0aC5iYWNrZW5kcy5Nb2RlbEJhY2tlbmRxSXUu\n','2013-01-29 12:39:44'),('6559f45348c7dff0f8ee9b88cd9a2f9c','OWI4NzQ1ZjI2ODkxNTM3NzFlMGI4ZGFhOTM1OWZlOTFlMGVmNGQ3MTqAAn1xAShVDV9hdXRoX3Vz\nZXJfaWRxAooBAVUSX2F1dGhfdXNlcl9iYWNrZW5kcQNVKWRqYW5nby5jb250cmliLmF1dGguYmFj\na2VuZHMuTW9kZWxCYWNrZW5kcQRVA2xwcHEFSwF1Lg==\n','2013-01-31 15:18:32'),('affcd0e68e69a38c732e054053f637f3','MjQzZDI4OTRiMTM5M2Q5ZmQ1NjlmZGVkNzJkNzZkNDA5Zjc1YjhhMzqAAn1xAS4=\n','2013-01-25 06:12:17'),('d68d3a139ae7e401e4734e15015aa6b1','MjQzZDI4OTRiMTM5M2Q5ZmQ1NjlmZGVkNzJkNzZkNDA5Zjc1YjhhMzqAAn1xAS4=\n','2013-01-25 13:16:05'),('8a31753b0685918400ca1d2f7aca6334','MjQzZDI4OTRiMTM5M2Q5ZmQ1NjlmZGVkNzJkNzZkNDA5Zjc1YjhhMzqAAn1xAS4=\n','2013-02-06 14:55:44'),('0473bcbbdfa060fe8317989e961b4579','MjQzZDI4OTRiMTM5M2Q5ZmQ1NjlmZGVkNzJkNzZkNDA5Zjc1YjhhMzqAAn1xAS4=\n','2013-01-31 07:59:48'),('45a0a0d877221e6dc1ec876eb8022826','MjQzZDI4OTRiMTM5M2Q5ZmQ1NjlmZGVkNzJkNzZkNDA5Zjc1YjhhMzqAAn1xAS4=\n','2013-01-28 17:44:39'),('3366f15e642b1d9a595a5251718dae34','MjQzZDI4OTRiMTM5M2Q5ZmQ1NjlmZGVkNzJkNzZkNDA5Zjc1YjhhMzqAAn1xAS4=\n','2013-01-28 18:06:47'),('2fb6d332dc372169b105ae3fd64b7fde','MjQzZDI4OTRiMTM5M2Q5ZmQ1NjlmZGVkNzJkNzZkNDA5Zjc1YjhhMzqAAn1xAS4=\n','2013-01-28 16:37:21'),('eb4ea1fafdd22d96d615446d25ed9c4e','OThlNWFkZTlkODRjMmQzYWU0NWVmYmRhN2YwZTQ5ZTA3MDQxMzMyZDqAAn1xAShVDV9hdXRoX3Vz\nZXJfaWRxAooBCFUSX2F1dGhfdXNlcl9iYWNrZW5kcQNVKWRqYW5nby5jb250cmliLmF1dGguYmFj\na2VuZHMuTW9kZWxCYWNrZW5kcQRVBGNhcnRxBX1xBmNkamFuZ28uZGIubW9kZWxzLmJhc2UKbW9k\nZWxfdW5waWNrbGUKcQdjY2F0YWxvZy5tb2RlbHMKRmxvd2VyCnEIXWNkamFuZ28uZGIubW9kZWxz\nLmJhc2UKc2ltcGxlX2NsYXNzX2ZhY3RvcnkKcQmHUnEKfXELKFUQbWV0YV9kZXNjcmlwdGlvbnEM\nWAAAAABVBHNsdWdxDVgNAAAAa3Jhc25heWEtcm96YXEOVQ1tZXRhX2tleXdvcmRzcQ9YAAAAAFUE\nbmFtZXEQWBcAAADQmtGA0LDRgdC90LDRjyDRgNC+0LfQsHERVQV0aXRsZXESWAAAAABVCWlzX2Fj\ndGl2ZXETiFUKY3JlYXRlZF9hdHEUY2RhdGV0aW1lCmRhdGV0aW1lCnEVVQoH3QEICBQZAAAAY2Rq\nYW5nby51dGlscy50aW1lem9uZQpVVEMKcRYpUnEXhlJxGFUGX3N0YXRlcRljZGphbmdvLmRiLm1v\nZGVscy5iYXNlCk1vZGVsU3RhdGUKcRopgXEbfXEcKFUGYWRkaW5ncR2JVQJkYnEeVQdkZWZhdWx0\ncR91YlUGaXNfbmV3cSCIVQp1cGRhdGVkX2F0cSFoFVUKB90BCAgUGQAAAGgXhlJxIlUKcHJvbW9i\nbG9ja3EjWCYAAADQmtC+0L3RgtC10L3RgiDQutGA0LDRgdC90L7QuSDRgNC+0LfRi3EkVQJpZHEl\nigEBVQ5pc19yZWNvbW1lbmRlZHEmiFULY2F0ZWdvcnlfaWRxJ4oBAVUFcHJpY2VxKIoBMlULZGVz\nY3JpcHRpb25xKVg7AAAA0KLQtdC60YHRgtC+0LLQvtC1INC+0L/QuNGB0LDQvdC40LUg0LrRgNCw\n0YHQvdC+0Lkg0YDQvtC30YtxKnViSwFzVQNscHBxK0sBdS4=\n','2013-01-29 11:59:40'),('e531cc8f6b4df5f32b2f46dc90b34712','YTc0ZWQyZDcwNmEyYmUxZmE2ODNjMDc1OWQwNmY0ZmQ4N2Y2MWVhODqAAn1xAShVEl9hdXRoX3Vz\nZXJfYmFja2VuZHECVSlkamFuZ28uY29udHJpYi5hdXRoLmJhY2tlbmRzLk1vZGVsQmFja2VuZHED\nVQ1fYXV0aF91c2VyX2lkcQSKAQhVBGNhcnRxBX1xBmNkamFuZ28uZGIubW9kZWxzLmJhc2UKbW9k\nZWxfdW5waWNrbGUKcQdjY2F0YWxvZy5tb2RlbHMKQm91cXVldApxCF1jZGphbmdvLmRiLm1vZGVs\ncy5iYXNlCnNpbXBsZV9jbGFzc19mYWN0b3J5CnEJh1JxCn1xCyhVEG1ldGFfZGVzY3JpcHRpb25x\nDFgAAAAAVQRzbHVncQ1YDAAAAGJ1a2V0LWl6LXJvenEOVQ1tZXRhX2tleXdvcmRzcQ9YAAAAAFUE\nbmFtZXEQWBYAAADQkdGD0LrQtdGCINC40Lcg0YDQvtC3cRFVBXRpdGxlcRJYAAAAAFUJaXNfYWN0\naXZlcROIVQpjcmVhdGVkX2F0cRRjZGF0ZXRpbWUKZGF0ZXRpbWUKcRVVCgfdAQkUJwMAAABjZGph\nbmdvLnV0aWxzLnRpbWV6b25lClVUQwpxFilScReGUnEYVQZfc3RhdGVxGWNkamFuZ28uZGIubW9k\nZWxzLmJhc2UKTW9kZWxTdGF0ZQpxGimBcRt9cRwoVQZhZGRpbmdxHYlVAmRicR5VB2RlZmF1bHRx\nH3ViVQZpc19uZXdxIIhVCnVwZGF0ZWRfYXRxIWgVVQoH3QEJFCcDAAAAaBeGUnEiVQpwcm9tb2Js\nb2NrcSNYDwAAANCa0L7QvdGC0LXQvdGCLnEkVQJpZHEligEBVQ5pc19yZWNvbW1lbmRlZHEmiFUL\nY2F0ZWdvcnlfaWRxJ4oBAlUFcHJpY2VxKIoC9AFVC2Rlc2NyaXB0aW9ucSlYNAAAANCR0YPQutC1\n0YIg0LjQtyDQsdC10LvRi9GFINC4INC60YDQsNGB0L3Ri9GFINGA0L7Qty5xKnViSwFzdS4=\n','2013-01-29 12:12:28'),('5106639de2d16dd42990c7d0763de14e','MjQzZDI4OTRiMTM5M2Q5ZmQ1NjlmZGVkNzJkNzZkNDA5Zjc1YjhhMzqAAn1xAS4=\n','2013-01-28 15:41:49'),('b9178bd2bb68a83a0d3762cdf5890c6c','ODQ1NDExOGVmNTNhNDQ0NGRkNDQxZjNhODNjMGM0MDM5NDNhYTYyNjqAAn1xAVUDbHBwcQJLAnMu\n','2013-02-01 17:04:37'),('834a00a04ea6f8e532e354ecfbd306ba','MjQzZDI4OTRiMTM5M2Q5ZmQ1NjlmZGVkNzJkNzZkNDA5Zjc1YjhhMzqAAn1xAS4=\n','2013-01-30 07:34:14'),('45feb9d6fff0fb89ac4d2061a9d2fa9a','MjQzZDI4OTRiMTM5M2Q5ZmQ1NjlmZGVkNzJkNzZkNDA5Zjc1YjhhMzqAAn1xAS4=\n','2013-01-28 17:38:47'),('196d6eee6573d36def8b882e431c5012','MjQzZDI4OTRiMTM5M2Q5ZmQ1NjlmZGVkNzJkNzZkNDA5Zjc1YjhhMzqAAn1xAS4=\n','2013-01-28 17:41:22'),('927e7ba995eff652d4ea97786846ae79','MjQzZDI4OTRiMTM5M2Q5ZmQ1NjlmZGVkNzJkNzZkNDA5Zjc1YjhhMzqAAn1xAS4=\n','2013-01-30 12:46:56'),('4ed73d6af79c2b17bf3129b7d7aa91ff','MjQzZDI4OTRiMTM5M2Q5ZmQ1NjlmZGVkNzJkNzZkNDA5Zjc1YjhhMzqAAn1xAS4=\n','2013-01-30 07:36:08'),('24cae3e66cfdb207fd3c65f4e2b9daf6','NWJlOTkzYzFjMjk2OThkYWFkYjdjMDA1MjA3MTRiN2NkYjVhZDcwNjqAAn1xAShVEl9hdXRoX3Vz\nZXJfYmFja2VuZHECVSlkamFuZ28uY29udHJpYi5hdXRoLmJhY2tlbmRzLk1vZGVsQmFja2VuZHED\nVQ1fYXV0aF91c2VyX2lkcQSKAQFVBGNhcnRxBX1xBihjZGphbmdvLmRiLm1vZGVscy5iYXNlCm1v\nZGVsX3VucGlja2xlCnEHY2NhdGFsb2cubW9kZWxzCkZsb3dlcgpxCF1jZGphbmdvLmRiLm1vZGVs\ncy5iYXNlCnNpbXBsZV9jbGFzc19mYWN0b3J5CnEJh1JxCn1xCyhVEG1ldGFfZGVzY3JpcHRpb25x\nDFgAAAAAVQRzbHVncQ1YEgAAAHRlc3RvdmF5YS1wb3ppY2l5YXEOVQ1tZXRhX2tleXdvcmRzcQ9Y\nAAAAAFUEbmFtZXEQWB8AAADQotC10YHRgtC+0LLQsNGPINC/0L7Qt9C40YbQuNGPcRFVBXRpdGxl\ncRJYAAAAAFUJaXNfYWN0aXZlcROIVQpjcmVhdGVkX2F0cRRjZGF0ZXRpbWUKZGF0ZXRpbWUKcRVV\nCgfdAREHGBAAAABjZGphbmdvLnV0aWxzLnRpbWV6b25lClVUQwpxFilScReGUnEYVQZfc3RhdGVx\nGWNkamFuZ28uZGIubW9kZWxzLmJhc2UKTW9kZWxTdGF0ZQpxGimBcRt9cRwoVQZhZGRpbmdxHYlV\nAmRicR5VB2RlZmF1bHRxH3ViVQZpc19uZXdxIIlVCnVwZGF0ZWRfYXRxIWgVVQoH3QERBxgQAAAA\naBeGUnEiVQpwcm9tb2Jsb2NrcSNYAAAAAFUCaWRxJIoBCFUOaXNfcmVjb21tZW5kZWRxJYlVC2Nh\ndGVnb3J5X2lkcSaKAQ9VBXByaWNlcSeKAQpVC2Rlc2NyaXB0aW9ucShYWwAAANCU0LvRjyDQv9GA\n0L7QstC10YDQutC4INGA0LDQsdC+0YLQvtGB0L/QvtGB0L7QsdC90L7RgdGC0Lgg0L/Qu9Cw0YLR\nkdC20L3Ri9GFINGB0LjRgdGC0LXQvC5xKXViSwFoB2NjYXRhbG9nLm1vZGVscwpCb3VxdWV0CnEq\nXWgJh1JxK31xLChVEG1ldGFfZGVzY3JpcHRpb25xLVgAAAAAVQRzbHVncS5YDgAAAHZzZS1kbHlh\nLXRlYnlhcS9VDW1ldGFfa2V5d29yZHNxMFgAAAAAVQRuYW1lcTFYFgAAANCS0YHQtSDQtNC70Y8g\n0KLQtdCx0Y9xMlUFdGl0bGVxM1gAAAAAVQlpc19hY3RpdmVxNIhVCmNyZWF0ZWRfYXRxNWgVVQoH\n3QEQChALAAAAaBYpUnE2hlJxN1UGX3N0YXRlcThoGimBcTl9cTooVQZhZGRpbmdxO4lVAmRicTxV\nB2RlZmF1bHRxPXViVQZpc19uZXdxPohVCnVwZGF0ZWRfYXRxP2gVVQoH3QEQDSQpAAAAaDaGUnFA\nVQpwcm9tb2Jsb2NrcUFYQAEAADxwPtCa0YDRg9C/0L3Ri9C1INCx0YPRgtC+0L3RiyDRgNC+0LfR\niyBFc3BlcmFuemEg0Lgg0L7Rh9C10L3RjCDRj9GA0LrQsNGPINC4INCw0YDQvtC80LDRgtC90LDR\njyDQutGD0YHRgtC+0LLQsNGPINGA0L7Qt9CwINGB0LzQvtGC0YDRj9GC0YHRjyDQvdC10LLQtdGA\n0L7Rj9GC0L3QviDQttC40LLQvtC/0LjRgdC90L4g0L3QsCDRhNC+0L3QtSDQutGA0LDRgdC+0YfQ\nvdGL0YUg0Y3QutC30L7RgtC40YfQtdGB0LrQuNGFINGG0LLQtdGC0L7QsiDQuCDRgdC+0YfQvdC+\n0Lkg0LfQtdC70LXQvdC4LjxiciAvPjxiciAvPtCQ0YDRgtC40LrRg9C7OiAxMjA1MTI8L3A+cUJV\nAmlkcUOKAQNVDmlzX3JlY29tbWVuZGVkcUSIVQtjYXRlZ29yeV9pZHFFigEUVQVwcmljZXFGigIk\nE1ULZGVzY3JpcHRpb25xR1ioAAAA0K3RhNGE0LXQutGC0L3Ri9C5INC20LXQvdGB0YLQstC10L3Q\nvdGL0Lkg0LHRg9C60LXRgiAtINGB0LDQvNC+INCy0L7Qv9C70L7RidC10L3QuNC1INC+0YfQsNGA\n0L7QstCw0L3QuNGPINC4INC20LjQt9C90LXQu9GO0LHQuNGPLCDQutGA0LDRgdC+0YLRiyDQuCDQ\nvNC+0LvQvtC00L7RgdGC0LghcUh1YksBdVUDbHBwcUlLAXUu\n','2013-02-02 15:16:36'),('18e786b4102f923e168eae8b2ba194d1','MjQzZDI4OTRiMTM5M2Q5ZmQ1NjlmZGVkNzJkNzZkNDA5Zjc1YjhhMzqAAn1xAS4=\n','2013-01-30 08:28:38'),('194de9269f95ed4edb2d037eaced07b9','MjQzZDI4OTRiMTM5M2Q5ZmQ1NjlmZGVkNzJkNzZkNDA5Zjc1YjhhMzqAAn1xAS4=\n','2013-01-29 13:30:29'),('9986a44cd40f46f16502683c06571f88','MjQzZDI4OTRiMTM5M2Q5ZmQ1NjlmZGVkNzJkNzZkNDA5Zjc1YjhhMzqAAn1xAS4=\n','2013-01-29 11:56:30'),('d08f356a19575876ca823cc698e61406','NGI4YmMxNTQ1NzdmYzFhZTZkZTgxOGMxNGZhNDgyODlhMzI1YTdjNjqAAn1xAShVDV9hdXRoX3Vz\nZXJfaWRxAooBCFUSX2F1dGhfdXNlcl9iYWNrZW5kcQNVKWRqYW5nby5jb250cmliLmF1dGguYmFj\na2VuZHMuTW9kZWxCYWNrZW5kcQRVBGNhcnRxBX1xBmNkamFuZ28uZGIubW9kZWxzLmJhc2UKbW9k\nZWxfdW5waWNrbGUKcQdjY2F0YWxvZy5tb2RlbHMKRmxvd2VyCnEIXWNkamFuZ28uZGIubW9kZWxz\nLmJhc2UKc2ltcGxlX2NsYXNzX2ZhY3RvcnkKcQmHUnEKfXELKFUQbWV0YV9kZXNjcmlwdGlvbnEM\nWAAAAABVBHNsdWdxDVgNAAAAa3Jhc25heWEtcm96YXEOVQ1tZXRhX2tleXdvcmRzcQ9YAAAAAFUE\nbmFtZXEQWBcAAADQmtGA0LDRgdC90LDRjyDRgNC+0LfQsHERVQV0aXRsZXESWAAAAABVCWlzX2Fj\ndGl2ZXETiFUKY3JlYXRlZF9hdHEUY2RhdGV0aW1lCmRhdGV0aW1lCnEVVQoH3QEICBQZAAAAY2Rq\nYW5nby51dGlscy50aW1lem9uZQpVVEMKcRYpUnEXhlJxGFUGX3N0YXRlcRljZGphbmdvLmRiLm1v\nZGVscy5iYXNlCk1vZGVsU3RhdGUKcRopgXEbfXEcKFUGYWRkaW5ncR2JVQJkYnEeVQdkZWZhdWx0\ncR91YlUGaXNfbmV3cSCIVQp1cGRhdGVkX2F0cSFoFVUKB90BCAgUGQAAAGgXhlJxIlUKcHJvbW9i\nbG9ja3EjWCYAAADQmtC+0L3RgtC10L3RgiDQutGA0LDRgdC90L7QuSDRgNC+0LfRi3EkVQJpZHEl\nigEBVQ5pc19yZWNvbW1lbmRlZHEmiFULY2F0ZWdvcnlfaWRxJ4oBAVUFcHJpY2VxKIoBMlULZGVz\nY3JpcHRpb25xKVg7AAAA0KLQtdC60YHRgtC+0LLQvtC1INC+0L/QuNGB0LDQvdC40LUg0LrRgNCw\n0YHQvdC+0Lkg0YDQvtC30YtxKnViSwFzVQVvcmRlcnEraAdjb3JkZXIubW9kZWxzCk9yZGVyCnEs\nXWgJh1JxLX1xLihVB2NvbW1lbnRxL1UAVQRldWxhcTCJVQ9fY3VzdG9tZXJfY2FjaGVxMWNjb3B5\nX3JlZwpfcmVjb25zdHJ1Y3RvcgpxMmNkamFuZ28uY29udHJpYi5hdXRoLm1vZGVscwpVc2VyCnEz\nY19fYnVpbHRpbl9fCm9iamVjdApxNE6HUnE1fXE2KFUIdXNlcm5hbWVxN1gKAAAAYWtAMmVuZy5y\ndXE4VQpmaXJzdF9uYW1lcTlYAAAAAFUJbGFzdF9uYW1lcTpYAAAAAFUJaXNfYWN0aXZlcTuIVQZf\nc3RhdGVxPGgaKYFxPX1xPihVBmFkZGluZ3E/iVUCZGJxQFUHZGVmYXVsdHFBdWJVBWVtYWlscUJY\nCgAAAGFrQDJlbmcucnVxQ1UMaXNfc3VwZXJ1c2VycUSJVQhpc19zdGFmZnFFiVUKbGFzdF9sb2dp\nbnFGaBVVCgfdAQ8MDB0AAABoFilScUeGUnFIVQhwYXNzd29yZHFJWE0AAABwYmtkZjJfc2hhMjU2\nJDEwMDAwJHlCUWxpQ2NBeWZkYyR2N2l5c2E5Q0tabHVQZG1ORFNxYVdmRmQ0cklmTWx3bmNiV2dN\namRkZ0JZPXFKVQJpZHFLigEIVQtkYXRlX2pvaW5lZHFMaBVVCgfdAQ8LMjAAAABoR4ZScU11Ymg8\naBopgXFOfXFPKGg/iGhAaEF1YlUHY2l0eV9vdHFQVQBVCnRvdGFsX3N1bW1xUYoBMlUVY3VzdG9t\nZXJfbm90aWZpY2F0aW9ucVJVAFUKbWFrZV9waG90b3FTiVUFZmlvX3BxVFUAVQdjYXJ0X2lkcVVV\nJGZhOWEyNDg4LTVmMGMtMTFlMi1hNmJhLTAwMTYzZTAwMGJmZnFWVQthc2tfYWRkcmVzc3FXiWhL\nTlUJYWRkcmVzc19wcVhVAFULY3VzdG9tZXJfaWRxWYoBCGhCVQBVCXByZWRfenZvbnFaiVUEY2Fy\ndHFbWCAAAAAKINCa0YDQsNGB0L3QsNGPINGA0L7Qt9CwIC0tIDEgCnFcVQhkZWxpdmVyeXFdVQBV\nCmRvcF90ZWxfb3RxXlUAVQZmaW9fb3RxX1gBAAAAIFUKZGF0ZV9hZGRlZHFgTlUGdGVsX290cWFV\nAFUNcG9zdGNhcmRfc2lnbnFiVQBVBXRlbF9wcWNVAFUEYW5vbnFkiVUIaW5faGFuZHNxZYlVCnBh\neV9tZXRob2RxZlUAVQ1wb3N0Y2FyZF90ZXh0cWdVAHVidS4=\n','2013-01-29 12:13:32'),('4869f532efc14a4eca8490fb56a15c54','MjQzZDI4OTRiMTM5M2Q5ZmQ1NjlmZGVkNzJkNzZkNDA5Zjc1YjhhMzqAAn1xAS4=\n','2013-01-29 12:27:39'),('f2baf1e6e7960bd3ed02e5be2f47291c','NDIwNzIyYjFhOTU4MDJkYzVlMTViNmNiMDRhNzYwYjI4OTgxYmE4ZDqAAn1xAShVBGNhcnRxAn1x\nA2NkamFuZ28uZGIubW9kZWxzLmJhc2UKbW9kZWxfdW5waWNrbGUKcQRjY2F0YWxvZy5tb2RlbHMK\nQm91cXVldApxBV1jZGphbmdvLmRiLm1vZGVscy5iYXNlCnNpbXBsZV9jbGFzc19mYWN0b3J5CnEG\nh1JxB31xCChVEG1ldGFfZGVzY3JpcHRpb25xCVgAAAAAVQRzbHVncQpYDAAAAGJ1a2V0LWl6LXJv\nenELVQ1tZXRhX2tleXdvcmRzcQxYAAAAAFUEbmFtZXENWBYAAADQkdGD0LrQtdGCINC40Lcg0YDQ\nvtC3cQ5VBXRpdGxlcQ9YAAAAAFUJaXNfYWN0aXZlcRCIVQpjcmVhdGVkX2F0cRFjZGF0ZXRpbWUK\nZGF0ZXRpbWUKcRJVCgfdAQkUJwMAAABjZGphbmdvLnV0aWxzLnRpbWV6b25lClVUQwpxEylScRSG\nUnEVVQZfc3RhdGVxFmNkamFuZ28uZGIubW9kZWxzLmJhc2UKTW9kZWxTdGF0ZQpxFymBcRh9cRko\nVQZhZGRpbmdxGolVAmRicRtVB2RlZmF1bHRxHHViVQZpc19uZXdxHYhVCnVwZGF0ZWRfYXRxHmgS\nVQoH3QEJFCcDAAAAaBSGUnEfVQpwcm9tb2Jsb2NrcSBYDwAAANCa0L7QvdGC0LXQvdGCLnEhVQJp\nZHEiigEBVQ5pc19yZWNvbW1lbmRlZHEjiFULY2F0ZWdvcnlfaWRxJIoBAlUFcHJpY2VxJYoC9AFV\nC2Rlc2NyaXB0aW9ucSZYNAAAANCR0YPQutC10YIg0LjQtyDQsdC10LvRi9GFINC4INC60YDQsNGB\n0L3Ri9GFINGA0L7Qty5xJ3ViSwFzVQ1fYXV0aF91c2VyX2lkcSiKAQdVEl9hdXRoX3VzZXJfYmFj\na2VuZHEpVSlkamFuZ28uY29udHJpYi5hdXRoLmJhY2tlbmRzLk1vZGVsQmFja2VuZHEqdS4=\n','2013-01-29 12:36:18'),('0ef66c23cf14c6dd91bd56cc32c523e7','MGMwYmVlM2JlOWFmNGVkM2NiYWI2NDU4YWZlZGVhZDM0ODcwNGM5MDqAAn1xAVUDbHBwcQJLAXMu\n','2013-01-31 08:50:24'),('b71a1df5b75189a0e93cda381c5f287f','YTc0ZWQyZDcwNmEyYmUxZmE2ODNjMDc1OWQwNmY0ZmQ4N2Y2MWVhODqAAn1xAShVEl9hdXRoX3Vz\nZXJfYmFja2VuZHECVSlkamFuZ28uY29udHJpYi5hdXRoLmJhY2tlbmRzLk1vZGVsQmFja2VuZHED\nVQ1fYXV0aF91c2VyX2lkcQSKAQhVBGNhcnRxBX1xBmNkamFuZ28uZGIubW9kZWxzLmJhc2UKbW9k\nZWxfdW5waWNrbGUKcQdjY2F0YWxvZy5tb2RlbHMKQm91cXVldApxCF1jZGphbmdvLmRiLm1vZGVs\ncy5iYXNlCnNpbXBsZV9jbGFzc19mYWN0b3J5CnEJh1JxCn1xCyhVEG1ldGFfZGVzY3JpcHRpb25x\nDFgAAAAAVQRzbHVncQ1YDAAAAGJ1a2V0LWl6LXJvenEOVQ1tZXRhX2tleXdvcmRzcQ9YAAAAAFUE\nbmFtZXEQWBYAAADQkdGD0LrQtdGCINC40Lcg0YDQvtC3cRFVBXRpdGxlcRJYAAAAAFUJaXNfYWN0\naXZlcROIVQpjcmVhdGVkX2F0cRRjZGF0ZXRpbWUKZGF0ZXRpbWUKcRVVCgfdAQkUJwMAAABjZGph\nbmdvLnV0aWxzLnRpbWV6b25lClVUQwpxFilScReGUnEYVQZfc3RhdGVxGWNkamFuZ28uZGIubW9k\nZWxzLmJhc2UKTW9kZWxTdGF0ZQpxGimBcRt9cRwoVQZhZGRpbmdxHYlVAmRicR5VB2RlZmF1bHRx\nH3ViVQZpc19uZXdxIIhVCnVwZGF0ZWRfYXRxIWgVVQoH3QEJFCcDAAAAaBeGUnEiVQpwcm9tb2Js\nb2NrcSNYDwAAANCa0L7QvdGC0LXQvdGCLnEkVQJpZHEligEBVQ5pc19yZWNvbW1lbmRlZHEmiFUL\nY2F0ZWdvcnlfaWRxJ4oBAlUFcHJpY2VxKIoC9AFVC2Rlc2NyaXB0aW9ucSlYNAAAANCR0YPQutC1\n0YIg0LjQtyDQsdC10LvRi9GFINC4INC60YDQsNGB0L3Ri9GFINGA0L7Qty5xKnViSwFzdS4=\n','2013-01-29 12:13:56'),('4cbad3730228e911102a98469808ae98','MjQzZDI4OTRiMTM5M2Q5ZmQ1NjlmZGVkNzJkNzZkNDA5Zjc1YjhhMzqAAn1xAS4=\n','2013-01-29 12:30:38'),('5a33bc4985b490da8c9caf42677d8ea3','MjQzZDI4OTRiMTM5M2Q5ZmQ1NjlmZGVkNzJkNzZkNDA5Zjc1YjhhMzqAAn1xAS4=\n','2013-01-29 12:47:34'),('7ec39195d3cce54fcb379f4be66cddb3','NmJmNzlkYmM3YWMyZmRjYmFiN2YyYTUzYTYyZTkwNDg2N2FkY2E1YzqAAn1xAVUEY2FydHECfXED\nKGNkamFuZ28uZGIubW9kZWxzLmJhc2UKbW9kZWxfdW5waWNrbGUKcQRjY2F0YWxvZy5tb2RlbHMK\nRmxvd2VyCnEFXWNkamFuZ28uZGIubW9kZWxzLmJhc2UKc2ltcGxlX2NsYXNzX2ZhY3RvcnkKcQaH\nUnEHfXEIKFUQbWV0YV9kZXNjcmlwdGlvbnEJWAAAAABVBHNsdWdxClgNAAAAa3Jhc25heWEtcm96\nYXELVQ1tZXRhX2tleXdvcmRzcQxYAAAAAFUEbmFtZXENWBcAAADQmtGA0LDRgdC90LDRjyDRgNC+\n0LfQsHEOVQV0aXRsZXEPWAAAAABVCWlzX2FjdGl2ZXEQiFUKY3JlYXRlZF9hdHERY2RhdGV0aW1l\nCmRhdGV0aW1lCnESVQoH3QEICBQZAAAAY2RqYW5nby51dGlscy50aW1lem9uZQpVVEMKcRMpUnEU\nhlJxFVUGX3N0YXRlcRZjZGphbmdvLmRiLm1vZGVscy5iYXNlCk1vZGVsU3RhdGUKcRcpgXEYfXEZ\nKFUGYWRkaW5ncRqJVQJkYnEbVQdkZWZhdWx0cRx1YlUGaXNfbmV3cR2IVQp1cGRhdGVkX2F0cR5o\nElUKB90BCAgUGQAAAGgUhlJxH1UKcHJvbW9ibG9ja3EgWCYAAADQmtC+0L3RgtC10L3RgiDQutGA\n0LDRgdC90L7QuSDRgNC+0LfRi3EhVQJpZHEiigEBVQ5pc19yZWNvbW1lbmRlZHEjiFULY2F0ZWdv\ncnlfaWRxJIoBAVUFcHJpY2VxJYoBMlULZGVzY3JpcHRpb25xJlg7AAAA0KLQtdC60YHRgtC+0LLQ\nvtC1INC+0L/QuNGB0LDQvdC40LUg0LrRgNCw0YHQvdC+0Lkg0YDQvtC30YtxJ3ViSwFoBGNjYXRh\nbG9nLm1vZGVscwpCb3VxdWV0CnEoXWgGh1JxKX1xKihVEG1ldGFfZGVzY3JpcHRpb25xK1gAAAAA\nVQRzbHVncSxYDAAAAGJ1a2V0LWl6LXJvenEtVQ1tZXRhX2tleXdvcmRzcS5YAAAAAFUEbmFtZXEv\nWBYAAADQkdGD0LrQtdGCINC40Lcg0YDQvtC3cTBVBXRpdGxlcTFYAAAAAFUJaXNfYWN0aXZlcTKI\nVQpjcmVhdGVkX2F0cTNoElUKB90BCRQnAwAAAGgTKVJxNIZScTVVBl9zdGF0ZXE2aBcpgXE3fXE4\nKFUGYWRkaW5ncTmJVQJkYnE6VQdkZWZhdWx0cTt1YlUGaXNfbmV3cTyIVQp1cGRhdGVkX2F0cT1o\nElUKB90BCRQnAwAAAGg0hlJxPlUKcHJvbW9ibG9ja3E/WA8AAADQmtC+0L3RgtC10L3Rgi5xQFUC\naWRxQYoBAVUOaXNfcmVjb21tZW5kZWRxQohVC2NhdGVnb3J5X2lkcUOKAQJVBXByaWNlcUSKAvQB\nVQtkZXNjcmlwdGlvbnFFWDQAAADQkdGD0LrQtdGCINC40Lcg0LHQtdC70YvRhSDQuCDQutGA0LDR\ngdC90YvRhSDRgNC+0LcucUZ1YksBdXMu\n','2013-01-29 13:07:56'),('c39384e3e50cc2474e4cee695e680035','MjQzZDI4OTRiMTM5M2Q5ZmQ1NjlmZGVkNzJkNzZkNDA5Zjc1YjhhMzqAAn1xAS4=\n','2013-01-29 12:59:06'),('7827c56be05afc035cce11a488da398b','MjQzZDI4OTRiMTM5M2Q5ZmQ1NjlmZGVkNzJkNzZkNDA5Zjc1YjhhMzqAAn1xAS4=\n','2013-01-30 06:24:28'),('2da49ac690b2ef3457dd96df845d9818','MjQzZDI4OTRiMTM5M2Q5ZmQ1NjlmZGVkNzJkNzZkNDA5Zjc1YjhhMzqAAn1xAS4=\n','2013-01-29 14:49:09'),('d1fb17e3ff04e5eafac92a4655b98ec8','MjQzZDI4OTRiMTM5M2Q5ZmQ1NjlmZGVkNzJkNzZkNDA5Zjc1YjhhMzqAAn1xAS4=\n','2013-01-30 06:24:14'),('6a0d7771c45265d37d3aa80cde35c0f0','Y2QwYjdiYzY5ODIzN2RmYWNjZmJjOGZkNDFkNTZkNmM2YzhlNTk0YzqAAn1xAShVDV9hdXRoX3Vz\nZXJfaWRxAooBAVUSX2F1dGhfdXNlcl9iYWNrZW5kcQNVKWRqYW5nby5jb250cmliLmF1dGguYmFj\na2VuZHMuTW9kZWxCYWNrZW5kcQR1Lg==\n','2013-01-29 14:52:44'),('8b6cdb295e2ac21e1adce173a7a0d061','MjQzZDI4OTRiMTM5M2Q5ZmQ1NjlmZGVkNzJkNzZkNDA5Zjc1YjhhMzqAAn1xAS4=\n','2013-01-29 15:32:32'),('5a22aac3490ee6cada6a280a5863d983','MjQzZDI4OTRiMTM5M2Q5ZmQ1NjlmZGVkNzJkNzZkNDA5Zjc1YjhhMzqAAn1xAS4=\n','2013-02-01 07:36:22'),('78f1a2953006ef7a07919703089e9bc6','MjQzZDI4OTRiMTM5M2Q5ZmQ1NjlmZGVkNzJkNzZkNDA5Zjc1YjhhMzqAAn1xAS4=\n','2013-01-29 18:34:53'),('a4b423811586d104dcd89326cd53ca4e','Y2QwYjdiYzY5ODIzN2RmYWNjZmJjOGZkNDFkNTZkNmM2YzhlNTk0YzqAAn1xAShVDV9hdXRoX3Vz\nZXJfaWRxAooBAVUSX2F1dGhfdXNlcl9iYWNrZW5kcQNVKWRqYW5nby5jb250cmliLmF1dGguYmFj\na2VuZHMuTW9kZWxCYWNrZW5kcQR1Lg==\n','2013-01-30 07:26:36'),('334159c14abc6b4383ad82f3d81fae6d','MjQzZDI4OTRiMTM5M2Q5ZmQ1NjlmZGVkNzJkNzZkNDA5Zjc1YjhhMzqAAn1xAS4=\n','2013-01-29 13:30:29'),('1e6e4e482029aaf9a83ecb09f0decd67','ZGQ0NzljYWVhNjgwNGI3NWI3YjhiNTkyMDRkMjQ3MmIwZGQwY2I3MDqAAn1xAShVDV9hdXRoX3Vz\nZXJfaWRxAooBAVUSX2F1dGhfdXNlcl9iYWNrZW5kcQNVKWRqYW5nby5jb250cmliLmF1dGguYmFj\na2VuZHMuTW9kZWxCYWNrZW5kcQRVA2xwcHEFSwV1Lg==\n','2013-02-23 11:14:22'),('afb76069ce3a4ba90209aa4a3902bd14','MjQzZDI4OTRiMTM5M2Q5ZmQ1NjlmZGVkNzJkNzZkNDA5Zjc1YjhhMzqAAn1xAS4=\n','2013-02-19 08:26:14'),('0222518ec5020dfbec1e30c721988d98','MjQzZDI4OTRiMTM5M2Q5ZmQ1NjlmZGVkNzJkNzZkNDA5Zjc1YjhhMzqAAn1xAS4=\n','2013-02-19 08:31:50'),('0af61d82d2e30480947eceb86e102d2e','MjQzZDI4OTRiMTM5M2Q5ZmQ1NjlmZGVkNzJkNzZkNDA5Zjc1YjhhMzqAAn1xAS4=\n','2013-02-19 08:34:01'),('37528668c3e2dc2bd8899f4fc1298da0','MjQzZDI4OTRiMTM5M2Q5ZmQ1NjlmZGVkNzJkNzZkNDA5Zjc1YjhhMzqAAn1xAS4=\n','2013-02-19 08:59:04'),('921178583ae2b6625fce6638ae6f5599','MjQzZDI4OTRiMTM5M2Q5ZmQ1NjlmZGVkNzJkNzZkNDA5Zjc1YjhhMzqAAn1xAS4=\n','2013-02-19 08:59:31'),('26f4c844daa515674c59fb3044b58afd','MjQzZDI4OTRiMTM5M2Q5ZmQ1NjlmZGVkNzJkNzZkNDA5Zjc1YjhhMzqAAn1xAS4=\n','2013-02-19 09:41:20'),('84fddfe92ce032abc1136325364d0241','MjQzZDI4OTRiMTM5M2Q5ZmQ1NjlmZGVkNzJkNzZkNDA5Zjc1YjhhMzqAAn1xAS4=\n','2013-02-19 09:42:35'),('f1db1bf5b59d97a1dbeebeb7772ec701','YzZkYWNjOTViZWI0MjlhZDNhYzkwYTY1YjUwNTdlNmQ1ZGQxYzQwMDqAAn1xAVUEY2FydHECfXED\nY2RqYW5nby5kYi5tb2RlbHMuYmFzZQptb2RlbF91bnBpY2tsZQpxBGNjYXRhbG9nLm1vZGVscwpC\nb3VxdWV0CnEFXWNkamFuZ28uZGIubW9kZWxzLmJhc2UKc2ltcGxlX2NsYXNzX2ZhY3RvcnkKcQaH\nUnEHfXEIKFUNbWV0YV9rZXl3b3Jkc3EJWAAAAABVBGxvdmVxColVB3dlZGRpbmdxC4lVBl9zdGF0\nZXEMY2RqYW5nby5kYi5tb2RlbHMuYmFzZQpNb2RlbFN0YXRlCnENKYFxDn1xDyhVBmFkZGluZ3EQ\niVUCZGJxEVUHZGVmYXVsdHESdWJVBmlzX25ld3ETiVUDdmlwcRSJVQZ0aGFua3NxFYlVAmlkcRaK\nAQhVEG1ldGFfZGVzY3JpcHRpb25xF1gAAAAAVQV0aXRsZXEYWAAAAABVC2Fubml2ZXJzYXJ5cRmJ\nVQhpbnRlcmlvcnEaiVUFc29ycnlxG4lVDWhvbGlkYXlfcm9zZXNxHIlVC2Rlc2NyaXB0aW9ucR1Y\nVAAAANCR0YPQutC10YIg0LjQtyDRgtGA0LXQv9C10YLQvdGL0YUg0YDQsNC30L3QvtGG0LLQtdGC\n0L3Ri9GFINCw0LvRjNGB0YLRgNC+0LzQtdGA0LjQuXEeVQlob3Jvc2NvcGVxH4lVBXByaWNlcSCK\nAvwIVQlpc19hY3RpdmVxIYhVCnVwZGF0ZWRfYXRxImNkYXRldGltZQpkYXRldGltZQpxI1UKB90B\nEgkuDgAAAGNkamFuZ28udXRpbHMudGltZXpvbmUKVVRDCnEkKVJxJYZScSZVCGJpcnRoZGF5cSeJ\nVRBidXNpbmVzc19ib3VxdWV0cSiJVQVjaGlsZHEpiVUEc2x1Z3EqWAwAAABhbHN0cm9tZXJpeWFx\nK1UCaGVxLIlVBG5hbWVxLVgYAAAA0JDQu9GM0YHRgtGA0L7QvNC10YDQuNGPcS5VCmNyZWF0ZWRf\nYXRxL2gjVQoH3QESCQkTAAAAaCWGUnEwVQpwcm9tb2Jsb2NrcTFYDwEAADxiciAvPjxzcGFuIHN0\neWxlPSJjb2xvcjogI2NjNDM0MzsiPtCR0YPQutC10YIg0LjQtyAyOSDQstC10YLQvtC6INCw0LvR\njNGB0YLRgNC+0LzQtdGA0LjQuSwg0L3QsCDQutCw0LbQtNC+0Lkg0LjQtyDQutC+0YLQvtGA0YvR\nhSAtINC90LXRgdC60L7Qu9GM0LrQviDRhtCy0LXRgtC+0LIsINC/0L7RhdC+0LbQuNGFINC90LAg\n0LzQsNC70LXQvdGM0LrQuNC1INC70LjQu9C40Lg8YnIgLz48c3Ryb25nPjxiciAvPtCQ0YDRgtC4\n0LrRg9C7OjEyMTAxMjwvc3Ryb25nPjwvc3Bhbj5xMlUHY29uZ3JhdHEziVUDc2hlcTSJVQ5pc19y\nZWNvbW1lbmRlZHE1iFULY2F0ZWdvcnlfaWRxNooBKnViSwFzcy4=\n','2013-02-19 09:47:50'),('e69ec6e568dd264fa3a5e9f5a87cdcf2','MjQzZDI4OTRiMTM5M2Q5ZmQ1NjlmZGVkNzJkNzZkNDA5Zjc1YjhhMzqAAn1xAS4=\n','2013-01-29 13:32:05'),('752160fa6f18f9c0b2bcafcbb12e59d7','MjQzZDI4OTRiMTM5M2Q5ZmQ1NjlmZGVkNzJkNzZkNDA5Zjc1YjhhMzqAAn1xAS4=\n','2013-01-29 13:35:23'),('85967ca2b45ba0c6221b4aa3810eee90','MjQzZDI4OTRiMTM5M2Q5ZmQ1NjlmZGVkNzJkNzZkNDA5Zjc1YjhhMzqAAn1xAS4=\n','2013-01-29 13:35:23'),('af31e4ae987b3fd22076b809272e7b44','MjQzZDI4OTRiMTM5M2Q5ZmQ1NjlmZGVkNzJkNzZkNDA5Zjc1YjhhMzqAAn1xAS4=\n','2013-01-29 13:40:24'),('872159ddc613266c13c45c2f5daa4cbd','MjQzZDI4OTRiMTM5M2Q5ZmQ1NjlmZGVkNzJkNzZkNDA5Zjc1YjhhMzqAAn1xAS4=\n','2013-01-29 13:40:29'),('bfe9d1e79c8377575a5031290b9885d3','MjQzZDI4OTRiMTM5M2Q5ZmQ1NjlmZGVkNzJkNzZkNDA5Zjc1YjhhMzqAAn1xAS4=\n','2013-01-29 13:40:29'),('9a2a5abe55669d4d0c3959896e48e40c','MjQzZDI4OTRiMTM5M2Q5ZmQ1NjlmZGVkNzJkNzZkNDA5Zjc1YjhhMzqAAn1xAS4=\n','2013-01-29 13:40:33'),('7ffd77872763eb33205d9a7950add406','MjQzZDI4OTRiMTM5M2Q5ZmQ1NjlmZGVkNzJkNzZkNDA5Zjc1YjhhMzqAAn1xAS4=\n','2013-01-29 13:40:33'),('5d01405e25dfe6c57b6e1498c7f542a3','MjQzZDI4OTRiMTM5M2Q5ZmQ1NjlmZGVkNzJkNzZkNDA5Zjc1YjhhMzqAAn1xAS4=\n','2013-01-29 13:51:58'),('eb02e7d3c82396238a6b9fd8fc19cfd0','MjQzZDI4OTRiMTM5M2Q5ZmQ1NjlmZGVkNzJkNzZkNDA5Zjc1YjhhMzqAAn1xAS4=\n','2013-01-29 13:51:58'),('b6b13216e5af365ff3f5a18a71315c15','MjQzZDI4OTRiMTM5M2Q5ZmQ1NjlmZGVkNzJkNzZkNDA5Zjc1YjhhMzqAAn1xAS4=\n','2013-01-29 13:52:31'),('d228d245c5359d22f59fed418c79347b','MjQzZDI4OTRiMTM5M2Q5ZmQ1NjlmZGVkNzJkNzZkNDA5Zjc1YjhhMzqAAn1xAS4=\n','2013-01-29 13:52:31'),('059eb85ff950bcedb3a7c9d950c122e8','NjczMWY1NDc3YjkyMDEyZWI0YzA2MGQxNjVjZGYwNDZkODNmYzkzYjqAAn1xAShVEl9hdXRoX3Vz\nZXJfYmFja2VuZHECVSlkamFuZ28uY29udHJpYi5hdXRoLmJhY2tlbmRzLk1vZGVsQmFja2VuZHED\nVQ1fYXV0aF91c2VyX2lkcQSKAQhVA2xwcHEFSwF1Lg==\n','2013-01-31 10:22:54'),('d937eba1f2ab9c0898237b1839c7235e','MjQzZDI4OTRiMTM5M2Q5ZmQ1NjlmZGVkNzJkNzZkNDA5Zjc1YjhhMzqAAn1xAS4=\n','2013-01-31 07:08:48'),('cfa80cc8c88438f57636b3317f55094f','YzZiM2I4MzllYjAyMGI1MGU4YzdhYmFmZTdkZTI0N2Y5NDNkY2Q4YTqAAn1xAShVDV9hdXRoX3Vz\nZXJfaWRxAooBCFUSX2F1dGhfdXNlcl9iYWNrZW5kcQNVKWRqYW5nby5jb250cmliLmF1dGguYmFj\na2VuZHMuTW9kZWxCYWNrZW5kcQRVA2xwcHEFSwF1Lg==\n','2013-01-31 12:08:34'),('5252df3b596c29685316bdb642316bb1','MjQzZDI4OTRiMTM5M2Q5ZmQ1NjlmZGVkNzJkNzZkNDA5Zjc1YjhhMzqAAn1xAS4=\n','2013-02-25 10:47:53'),('d50c33cad7bcc449e05c013ae3e82a64','MDFkNzc2M2U0OGJiM2IwMGY0MzYyN2JkNjUxYzE2NzI3YThkNzQ0MDqAAn1xAShVEl9hdXRoX3Vz\nZXJfYmFja2VuZHECVSlkamFuZ28uY29udHJpYi5hdXRoLmJhY2tlbmRzLk1vZGVsQmFja2VuZHED\nVQ1fYXV0aF91c2VyX2lkcQSKAQdVBGNhcnRxBX1xBmNkamFuZ28uZGIubW9kZWxzLmJhc2UKbW9k\nZWxfdW5waWNrbGUKcQdjY2F0YWxvZy5tb2RlbHMKRmxvd2VyCnEIXWNkamFuZ28uZGIubW9kZWxz\nLmJhc2UKc2ltcGxlX2NsYXNzX2ZhY3RvcnkKcQmHUnEKfXELKFUQbWV0YV9kZXNjcmlwdGlvbnEM\nWAAAAABVBHNsdWdxDVgUAAAAaHJpemFudGVtYS1rdXN0b3ZheWFxDlUNbWV0YV9rZXl3b3Jkc3EP\nWAAAAABVBG5hbWVxEFglAAAA0KXRgNC40LfQsNC90YLQtdC80LAg0LrRg9GB0YLQvtCy0LDRj3ER\nVQV0aXRsZXESWAAAAABVCWlzX2FjdGl2ZXETiFUKY3JlYXRlZF9hdHEUY2RhdGV0aW1lCmRhdGV0\naW1lCnEVVQoH3QEQCjIcAAAAY2RqYW5nby51dGlscy50aW1lem9uZQpVVEMKcRYpUnEXhlJxGFUG\nX3N0YXRlcRljZGphbmdvLmRiLm1vZGVscy5iYXNlCk1vZGVsU3RhdGUKcRopgXEbfXEcKFUGYWRk\naW5ncR2JVQJkYnEeVQdkZWZhdWx0cR91YlUGaXNfbmV3cSCJVQp1cGRhdGVkX2F0cSFoFVUKB90B\nEAwSAwAAAGgXhlJxIlUKcHJvbW9ibG9ja3EjWJAAAADQmtGD0YHRgtC+0LLRi9C1INGF0YDQuNC3\n0LDQvdGC0LXQvNGLINC/0L7RhdC+0LbQuCDQvdCwINGA0L7QvNCw0YjQutC4LCDQv9C+INGN0YLQ\nvtC80YMg0L3QsNC/0L7QvNC40L3QsNGO0YIg0L3QsNC8INC+INC70LXRgtC1INC4INGB0L7Qu9C9\n0YbQtS5xJFUCaWRxJYoBBVUOaXNfcmVjb21tZW5kZWRxJolVC2NhdGVnb3J5X2lkcSeKARhVBXBy\naWNlcSiKAVBVC2Rlc2NyaXB0aW9ucSlYaQAAANCl0YDQuNC30LDQvdGC0LXQvNCwIC0g0YHQuNC8\n0LLQvtC7INC00L7Qu9Cz0L7Qu9C10YLQuNGPLCDRgdGH0LDRgdGC0YzRjyDQuCDQsdC70LDQs9C+\n0YHQvtGB0YLQvtGP0L3QuNGPLnEqdWJLAXNVA2xwcHErSwF1Lg==\n','2013-01-31 07:08:34'),('900057a6e7103fc86a75dfeb0651bd22','MDFkNzc2M2U0OGJiM2IwMGY0MzYyN2JkNjUxYzE2NzI3YThkNzQ0MDqAAn1xAShVEl9hdXRoX3Vz\nZXJfYmFja2VuZHECVSlkamFuZ28uY29udHJpYi5hdXRoLmJhY2tlbmRzLk1vZGVsQmFja2VuZHED\nVQ1fYXV0aF91c2VyX2lkcQSKAQdVBGNhcnRxBX1xBmNkamFuZ28uZGIubW9kZWxzLmJhc2UKbW9k\nZWxfdW5waWNrbGUKcQdjY2F0YWxvZy5tb2RlbHMKRmxvd2VyCnEIXWNkamFuZ28uZGIubW9kZWxz\nLmJhc2UKc2ltcGxlX2NsYXNzX2ZhY3RvcnkKcQmHUnEKfXELKFUQbWV0YV9kZXNjcmlwdGlvbnEM\nWAAAAABVBHNsdWdxDVgUAAAAaHJpemFudGVtYS1rdXN0b3ZheWFxDlUNbWV0YV9rZXl3b3Jkc3EP\nWAAAAABVBG5hbWVxEFglAAAA0KXRgNC40LfQsNC90YLQtdC80LAg0LrRg9GB0YLQvtCy0LDRj3ER\nVQV0aXRsZXESWAAAAABVCWlzX2FjdGl2ZXETiFUKY3JlYXRlZF9hdHEUY2RhdGV0aW1lCmRhdGV0\naW1lCnEVVQoH3QEQCjIcAAAAY2RqYW5nby51dGlscy50aW1lem9uZQpVVEMKcRYpUnEXhlJxGFUG\nX3N0YXRlcRljZGphbmdvLmRiLm1vZGVscy5iYXNlCk1vZGVsU3RhdGUKcRopgXEbfXEcKFUGYWRk\naW5ncR2JVQJkYnEeVQdkZWZhdWx0cR91YlUGaXNfbmV3cSCJVQp1cGRhdGVkX2F0cSFoFVUKB90B\nEAwSAwAAAGgXhlJxIlUKcHJvbW9ibG9ja3EjWJAAAADQmtGD0YHRgtC+0LLRi9C1INGF0YDQuNC3\n0LDQvdGC0LXQvNGLINC/0L7RhdC+0LbQuCDQvdCwINGA0L7QvNCw0YjQutC4LCDQv9C+INGN0YLQ\nvtC80YMg0L3QsNC/0L7QvNC40L3QsNGO0YIg0L3QsNC8INC+INC70LXRgtC1INC4INGB0L7Qu9C9\n0YbQtS5xJFUCaWRxJYoBBVUOaXNfcmVjb21tZW5kZWRxJolVC2NhdGVnb3J5X2lkcSeKARhVBXBy\naWNlcSiKAVBVC2Rlc2NyaXB0aW9ucSlYaQAAANCl0YDQuNC30LDQvdGC0LXQvNCwIC0g0YHQuNC8\n0LLQvtC7INC00L7Qu9Cz0L7Qu9C10YLQuNGPLCDRgdGH0LDRgdGC0YzRjyDQuCDQsdC70LDQs9C+\n0YHQvtGB0YLQvtGP0L3QuNGPLnEqdWJLAXNVA2xwcHErSwF1Lg==\n','2013-01-31 07:08:34'),('438271375c41ef2e39bef9d3db06db7f','YWI4ZmQzMzRkMmNjYmE2OTBmZmJmYTgyN2NkM2M4MTAzNWZmM2Y1MzqAAn1xAShVDV9hdXRoX3Vz\nZXJfaWRxAooBA1USX2F1dGhfdXNlcl9iYWNrZW5kcQNVKWRqYW5nby5jb250cmliLmF1dGguYmFj\na2VuZHMuTW9kZWxCYWNrZW5kcQRVA2xwcHEFSwF1Lg==\n','2013-02-05 12:00:36'),('5111055fe66914f19113ad104c205791','MjQzZDI4OTRiMTM5M2Q5ZmQ1NjlmZGVkNzJkNzZkNDA5Zjc1YjhhMzqAAn1xAS4=\n','2013-02-20 09:17:07'),('bc3d250dc4cafe978278cfaf3fa88a59','MjQzZDI4OTRiMTM5M2Q5ZmQ1NjlmZGVkNzJkNzZkNDA5Zjc1YjhhMzqAAn1xAS4=\n','2013-01-31 07:37:57'),('85e0918d28a7b801b12ac9f698106cc8','MjQzZDI4OTRiMTM5M2Q5ZmQ1NjlmZGVkNzJkNzZkNDA5Zjc1YjhhMzqAAn1xAS4=\n','2013-01-31 08:50:24'),('4d016f2012a55d1a6a9a04597b4cbc14','MzllZjE5ODY2YzIxMTFiM2QzN2ZjYWU0N2E3M2YzMDNjOGUyNWE0MzqAAn1xAVUKdGVzdGNvb2tp\nZXECVQZ3b3JrZWRxA3Mu\n','2013-02-01 05:01:58'),('ec4f7bdec9a6f92d5edb0ba28ecc75cf','MjQzZDI4OTRiMTM5M2Q5ZmQ1NjlmZGVkNzJkNzZkNDA5Zjc1YjhhMzqAAn1xAS4=\n','2013-02-20 12:18:39'),('d2cbe24b7c113d2f851824b94333b6e9','YTI3NmJiZTQ1MjMxMjU3YmRhNTQ5MDA4MTg2OWU3YWVjMjhhODNjOTqAAn1xAShVEl9hdXRoX3Vz\nZXJfYmFja2VuZHECVSlkamFuZ28uY29udHJpYi5hdXRoLmJhY2tlbmRzLk1vZGVsQmFja2VuZHED\nVQ1fYXV0aF91c2VyX2lkcQSKAQFVA2xwcHEFSwF1Lg==\n','2013-02-01 12:47:12'),('0f092c306fc97460ec448844e7929921','MjQzZDI4OTRiMTM5M2Q5ZmQ1NjlmZGVkNzJkNzZkNDA5Zjc1YjhhMzqAAn1xAS4=\n','2013-02-20 08:06:07'),('7628f434e54367c1a82303b6768fadcb','MjQzZDI4OTRiMTM5M2Q5ZmQ1NjlmZGVkNzJkNzZkNDA5Zjc1YjhhMzqAAn1xAS4=\n','2013-02-20 08:33:58'),('5b3f5aec566fdffced1b2264801cd43b','MjQzZDI4OTRiMTM5M2Q5ZmQ1NjlmZGVkNzJkNzZkNDA5Zjc1YjhhMzqAAn1xAS4=\n','2013-02-20 08:35:32'),('65cf614eabd0dd893442ccdb7a35c988','MjQzZDI4OTRiMTM5M2Q5ZmQ1NjlmZGVkNzJkNzZkNDA5Zjc1YjhhMzqAAn1xAS4=\n','2013-02-20 08:36:26'),('a61a3f8666c7ee35be092428aa946f96','MjQzZDI4OTRiMTM5M2Q5ZmQ1NjlmZGVkNzJkNzZkNDA5Zjc1YjhhMzqAAn1xAS4=\n','2013-02-20 08:37:06'),('0a811f9b340532b3f5ec793b6de6be3b','MjQzZDI4OTRiMTM5M2Q5ZmQ1NjlmZGVkNzJkNzZkNDA5Zjc1YjhhMzqAAn1xAS4=\n','2013-02-20 08:37:28'),('aadfad2d6fc4fddde4a57e15be348521','MjQzZDI4OTRiMTM5M2Q5ZmQ1NjlmZGVkNzJkNzZkNDA5Zjc1YjhhMzqAAn1xAS4=\n','2013-02-20 08:45:54'),('6548caa68e7bf8b959e206a98e5fc1ab','Y2QwYjdiYzY5ODIzN2RmYWNjZmJjOGZkNDFkNTZkNmM2YzhlNTk0YzqAAn1xAShVDV9hdXRoX3Vz\nZXJfaWRxAooBAVUSX2F1dGhfdXNlcl9iYWNrZW5kcQNVKWRqYW5nby5jb250cmliLmF1dGguYmFj\na2VuZHMuTW9kZWxCYWNrZW5kcQR1Lg==\n','2013-02-11 15:34:52'),('2a98c0d2c544f2966c9f16b4432c2a62','MjQzZDI4OTRiMTM5M2Q5ZmQ1NjlmZGVkNzJkNzZkNDA5Zjc1YjhhMzqAAn1xAS4=\n','2013-02-20 03:59:14'),('9faecf711f452d541943c28701ddfd3a','MjQzZDI4OTRiMTM5M2Q5ZmQ1NjlmZGVkNzJkNzZkNDA5Zjc1YjhhMzqAAn1xAS4=\n','2013-02-20 04:00:16'),('91d79d926d2e31837f40f005ba962d9e','MjQzZDI4OTRiMTM5M2Q5ZmQ1NjlmZGVkNzJkNzZkNDA5Zjc1YjhhMzqAAn1xAS4=\n','2013-02-20 04:11:27'),('d4be0d9855e84b5e345b2d873735e779','MjQzZDI4OTRiMTM5M2Q5ZmQ1NjlmZGVkNzJkNzZkNDA5Zjc1YjhhMzqAAn1xAS4=\n','2013-02-20 04:12:17'),('f0a7dcc96b753e3dbcf76d4e1d744278','MjQzZDI4OTRiMTM5M2Q5ZmQ1NjlmZGVkNzJkNzZkNDA5Zjc1YjhhMzqAAn1xAS4=\n','2013-02-20 04:12:56'),('e5de27d8ee454df697715719a3d943b5','MjQzZDI4OTRiMTM5M2Q5ZmQ1NjlmZGVkNzJkNzZkNDA5Zjc1YjhhMzqAAn1xAS4=\n','2013-02-20 04:14:17'),('c563d8d00c4317dd6a4adc512331d611','MjQzZDI4OTRiMTM5M2Q5ZmQ1NjlmZGVkNzJkNzZkNDA5Zjc1YjhhMzqAAn1xAS4=\n','2013-02-20 04:51:15'),('97572c4b316434ec2c6797df455ede88','MjQzZDI4OTRiMTM5M2Q5ZmQ1NjlmZGVkNzJkNzZkNDA5Zjc1YjhhMzqAAn1xAS4=\n','2013-02-20 07:58:19'),('0abcc0db4bc5d09aa8a68aa46588f5b9','OWI4NzQ1ZjI2ODkxNTM3NzFlMGI4ZGFhOTM1OWZlOTFlMGVmNGQ3MTqAAn1xAShVDV9hdXRoX3Vz\nZXJfaWRxAooBAVUSX2F1dGhfdXNlcl9iYWNrZW5kcQNVKWRqYW5nby5jb250cmliLmF1dGguYmFj\na2VuZHMuTW9kZWxCYWNrZW5kcQRVA2xwcHEFSwF1Lg==\n','2013-02-22 13:49:14'),('347a07bb5db66fbc4e5ece2c736c720e','MjQzZDI4OTRiMTM5M2Q5ZmQ1NjlmZGVkNzJkNzZkNDA5Zjc1YjhhMzqAAn1xAS4=\n','2013-02-20 07:56:22'),('84871c5bb3f73dfdf64492ab581a6ec8','MjQzZDI4OTRiMTM5M2Q5ZmQ1NjlmZGVkNzJkNzZkNDA5Zjc1YjhhMzqAAn1xAS4=\n','2013-02-20 07:57:44'),('88c6141fa98cc654921545fcb5e17019','MjQzZDI4OTRiMTM5M2Q5ZmQ1NjlmZGVkNzJkNzZkNDA5Zjc1YjhhMzqAAn1xAS4=\n','2013-02-19 09:51:11'),('8f7c01155266112d2b98f7ac7f61e58e','MjQzZDI4OTRiMTM5M2Q5ZmQ1NjlmZGVkNzJkNzZkNDA5Zjc1YjhhMzqAAn1xAS4=\n','2013-02-19 09:53:09'),('32cee879ea4f0be34bbb155fbd061e9f','MjQzZDI4OTRiMTM5M2Q5ZmQ1NjlmZGVkNzJkNzZkNDA5Zjc1YjhhMzqAAn1xAS4=\n','2013-02-19 10:26:09'),('93931ade2150a2f48907d4818e7b07f6','MjQzZDI4OTRiMTM5M2Q5ZmQ1NjlmZGVkNzJkNzZkNDA5Zjc1YjhhMzqAAn1xAS4=\n','2013-02-19 11:20:58'),('3c4a576532a85f5b96353accb195ee2d','YTA4YmUyZDVkNDg0NDg4MmM3Y2NkZDI4MWFiNGFiZGNlMGNiOTY5YjqAAn1xAShVDV9hdXRoX3Vz\nZXJfaWRxAooBB1UKdGVzdGNvb2tpZXEDVQZ3b3JrZWRxBFUSX2F1dGhfdXNlcl9iYWNrZW5kcQVV\nKWRqYW5nby5jb250cmliLmF1dGguYmFja2VuZHMuTW9kZWxCYWNrZW5kcQZVA2xwcHEHSwFVBGNh\ncnRxCH1xCWNkamFuZ28uZGIubW9kZWxzLmJhc2UKbW9kZWxfdW5waWNrbGUKcQpjY2F0YWxvZy5t\nb2RlbHMKRmxvd2VyCnELXWNkamFuZ28uZGIubW9kZWxzLmJhc2UKc2ltcGxlX2NsYXNzX2ZhY3Rv\ncnkKcQyHUnENfXEOKFUQbWV0YV9kZXNjcmlwdGlvbnEPWAAAAABVBHNsdWdxEFgSAAAAdGVzdG92\nYXlhLXBvemljaXlhcRFVDW1ldGFfa2V5d29yZHNxElgAAAAAVQRuYW1lcRNYHwAAANCi0LXRgdGC\n0L7QstCw0Y8g0L/QvtC30LjRhtC40Y9xFFUFdGl0bGVxFVgAAAAAVQlpc19hY3RpdmVxFohVCmNy\nZWF0ZWRfYXRxF2NkYXRldGltZQpkYXRldGltZQpxGFUKB90BEQcYEAAAAGNkamFuZ28udXRpbHMu\ndGltZXpvbmUKVVRDCnEZKVJxGoZScRtVBl9zdGF0ZXEcY2RqYW5nby5kYi5tb2RlbHMuYmFzZQpN\nb2RlbFN0YXRlCnEdKYFxHn1xHyhVBmFkZGluZ3EgiVUCZGJxIVUHZGVmYXVsdHEidWJVBmlzX25l\nd3EjiVUKdXBkYXRlZF9hdHEkaBhVCgfdAREHGBAAAABoGoZScSVVCnByb21vYmxvY2txJlgAAAAA\nVQJpZHEnigEIVQ5pc19yZWNvbW1lbmRlZHEoiVULY2F0ZWdvcnlfaWRxKYoBD1UFcHJpY2VxKooB\nClULZGVzY3JpcHRpb25xK1hbAAAA0JTQu9GPINC/0YDQvtCy0LXRgNC60Lgg0YDQsNCx0L7RgtC+\n0YHQv9C+0YHQvtCx0L3QvtGB0YLQuCDQv9C70LDRgtGR0LbQvdGL0YUg0YHQuNGB0YLQtdC8LnEs\ndWJLAXNVBW9yZGVycS1oCmNvcmRlci5tb2RlbHMKT3JkZXIKcS5daAyHUnEvfXEwKFUHY29tbWVu\ndHExWAgAAADQotC10YHRgnEyVQRldWxhcTOJVQ9fY3VzdG9tZXJfY2FjaGVxNGgKY2RqYW5nby5j\nb250cmliLmF1dGgubW9kZWxzClVzZXIKcTVdaAyHUnE2fXE3KFUIdXNlcm5hbWVxOFgKAAAAYXNA\nMmVuZy5ydXE5VQpmaXJzdF9uYW1lcTpYFgAAANCh0L7QutC+0LvRjNC90LjQutC+0LJxO1UJbGFz\ndF9uYW1lcTxYAAAAAFUJaXNfYWN0aXZlcT2IVQZfc3RhdGVxPmgdKYFxP31xQChVBmFkZGluZ3FB\niVUCZGJxQlUHZGVmYXVsdHFDdWJVBWVtYWlscURYCgAAAGFzQDJlbmcucnVxRVUMaXNfc3VwZXJ1\nc2VycUaJVQhpc19zdGFmZnFHiVUKbGFzdF9sb2dpbnFIaBhVCgfdAREHGRsAAABoGSlScUmGUnFK\nVQhwYXNzd29yZHFLWE0AAABwYmtkZjJfc2hhMjU2JDEwMDAwJGl4R1M0TENrRE9KeSRJV3hHVVFm\neEgwVEVRUVRWajB1bGsyNFRZK04ySjE0YXpjRWdjeG1HUXJ3PXFMVQJpZHFNigEHVQtkYXRlX2pv\naW5lZHFOaBhVCgfdAQ8ILRcAAABoSYZScU91Ymg+aB0pgXFQfXFRKGhBiWhCaEN1YlUHY2l0eV9v\ndHFSVQBVCnRvdGFsX3N1bW1xU4oBClUVY3VzdG9tZXJfbm90aWZpY2F0aW9ucVRVAFUKbWFrZV9w\naG90b3FViFUFZmlvX3BxVlgGAAAA0KTQmNCecVdVB2NhcnRfaWRxWFUkNDcyZGU2NjYtNjA3Ny0x\nMWUyLWJhYTMtMDAxNjNlMDAwYmZmcVlVC2Fza19hZGRyZXNzcVqIaE2KARNVCWFkZHJlc3NfcHFb\nWDMAAADQo9GC0L7Rh9C90LjRgtGMINCw0LTRgNC10YEg0YMg0L/QvtC70YPRh9Cw0YLQtdC70Y9x\nXFULY3VzdG9tZXJfaWRxXYoBB2hEVQBVCXByZWRfenZvbnFeiFUEY2FydHFfWCgAAAAKINCi0LXR\ngdGC0L7QstCw0Y8g0L/QvtC30LjRhtC40Y8gLS0gMSAKcWBVCGRlbGl2ZXJ5cWFYxgAAANCU0L7R\ngdGC0LDQstC60LAg0LrRg9GA0YzQtdGA0L7QvC4gCiDQk9C+0YDQvtC0INC00L7RgdGC0LDQstC6\n0LggLS0g0KLQtdGA0L3QvtC/0L7Qu9GM0YHQutCw0Y8gNiwg0L7RhNC40YEgMzM5LiDQlNCw0YLQ\nsCDQtNC+0YHRgtCw0LLQutC4IC0tIDE4LjAxLjEzLiDQktGA0LXQvNGPINC00L7RgdGC0LDQstC6\n0Lgg0YEgMTA6MDAg0LTQviAxMTowMHFiVQpkb3BfdGVsX290cWNVAFUGZmlvX290cWRYJgAAACDQ\nodC+0LrQvtC70YzQvdC40LrQvtCyINCQ0YDRgdC10L3QuNC5cWVVCmRhdGVfYWRkZWRxZmgYVQoH\n3QERBx4JCLtKaBkpUnFnhlJxaFUGdGVsX290cWlVAFUNcG9zdGNhcmRfc2lnbnFqVQBVBXRlbF9w\ncWtYCwAAADg5NTE4MTc5NTU2cWxVBGFub25xbYhVCGluX2hhbmRzcW6IVQpwYXlfbWV0aG9kcW9Y\nIwAAANCR0LXQt9C90LDQu9C40YfQvdGL0Lkg0YDQsNGB0YfQtdGCcXBVDXBvc3RjYXJkX3RleHRx\ncVUAdWJ1Lg==\n','2013-02-01 12:13:17'),('5fd5650692e8d1d5a2c737beb3520cba','MjQzZDI4OTRiMTM5M2Q5ZmQ1NjlmZGVkNzJkNzZkNDA5Zjc1YjhhMzqAAn1xAS4=\n','2013-02-20 09:12:12'),('fd4ad7ef012381ad21d831d7b2e49717','ODNmNjhhMDcwZTZkNWY4NGJhZjhmMjA0MWU4NDI1MDYxODBkMmFkMzqAAn1xAShVEl9hdXRoX3Vz\nZXJfYmFja2VuZHECVSlkamFuZ28uY29udHJpYi5hdXRoLmJhY2tlbmRzLk1vZGVsQmFja2VuZHED\nVQ1fYXV0aF91c2VyX2lkcQSKAQFVA2xwcHEFSwV1Lg==\n','2013-02-25 11:35:36'),('6510c3787b1cd19a0c9c6ac74a581154','MGMwYmVlM2JlOWFmNGVkM2NiYWI2NDU4YWZlZGVhZDM0ODcwNGM5MDqAAn1xAVUDbHBwcQJLAXMu\n','2013-02-02 11:45:42'),('f1cb648cba6041b58c7600f85ec82d5b','MzllZjE5ODY2YzIxMTFiM2QzN2ZjYWU0N2E3M2YzMDNjOGUyNWE0MzqAAn1xAVUKdGVzdGNvb2tp\nZXECVQZ3b3JrZWRxA3Mu\n','2013-02-02 06:07:42'),('745a8d67ca3c30b7b19d7a87c3da1271','MGYzZTg5OWJlMmI5ZGVlOWVjMjM2YjBjZTljNjhkZTQxZTNhYTYxZjqAAn1xAShVCnRlc3Rjb29r\naWVxAlUGd29ya2VkcQNVA2xwcHEESwF1Lg==\n','2013-02-04 09:04:16'),('70ae342a6f71185804abb1fac2356469','MjQzZDI4OTRiMTM5M2Q5ZmQ1NjlmZGVkNzJkNzZkNDA5Zjc1YjhhMzqAAn1xAS4=\n','2013-02-20 07:58:21'),('bbb43dd83aadb46b951b4409d2293db3','OWI4NzQ1ZjI2ODkxNTM3NzFlMGI4ZGFhOTM1OWZlOTFlMGVmNGQ3MTqAAn1xAShVDV9hdXRoX3Vz\nZXJfaWRxAooBAVUSX2F1dGhfdXNlcl9iYWNrZW5kcQNVKWRqYW5nby5jb250cmliLmF1dGguYmFj\na2VuZHMuTW9kZWxCYWNrZW5kcQRVA2xwcHEFSwF1Lg==\n','2013-02-08 14:34:43'),('2a4785e6d99b4adee9f71aed17e986fb','MjQzZDI4OTRiMTM5M2Q5ZmQ1NjlmZGVkNzJkNzZkNDA5Zjc1YjhhMzqAAn1xAS4=\n','2013-02-08 16:02:40'),('197c1e33834d4899431772ef82c3b852','MjQzZDI4OTRiMTM5M2Q5ZmQ1NjlmZGVkNzJkNzZkNDA5Zjc1YjhhMzqAAn1xAS4=\n','2013-02-08 16:02:40'),('7060ad5424c2ff4a3977d7f7eb85f8d7','MjQzZDI4OTRiMTM5M2Q5ZmQ1NjlmZGVkNzJkNzZkNDA5Zjc1YjhhMzqAAn1xAS4=\n','2013-02-09 04:58:06'),('b846bd4c4f708b8f9caa1cef1c75038e','MjQzZDI4OTRiMTM5M2Q5ZmQ1NjlmZGVkNzJkNzZkNDA5Zjc1YjhhMzqAAn1xAS4=\n','2013-02-09 05:33:58'),('9bb6f07184f405a3d0c9b89a1d5990d5','MzllZjE5ODY2YzIxMTFiM2QzN2ZjYWU0N2E3M2YzMDNjOGUyNWE0MzqAAn1xAVUKdGVzdGNvb2tp\nZXECVQZ3b3JrZWRxA3Mu\n','2013-02-09 05:33:52'),('df6fa0f6427602ea5ea91e978de015b2','MzllZjE5ODY2YzIxMTFiM2QzN2ZjYWU0N2E3M2YzMDNjOGUyNWE0MzqAAn1xAVUKdGVzdGNvb2tp\nZXECVQZ3b3JrZWRxA3Mu\n','2013-02-10 05:40:23'),('0939bbc08b45c8a150a49ffdb0933dc0','MjQzZDI4OTRiMTM5M2Q5ZmQ1NjlmZGVkNzJkNzZkNDA5Zjc1YjhhMzqAAn1xAS4=\n','2013-02-14 07:19:39'),('d350e932cf172fa512a3e89932bf17f8','MjQzZDI4OTRiMTM5M2Q5ZmQ1NjlmZGVkNzJkNzZkNDA5Zjc1YjhhMzqAAn1xAS4=\n','2013-02-14 07:51:41'),('24f704ed020bc23936b5c0555ef43339','MjQzZDI4OTRiMTM5M2Q5ZmQ1NjlmZGVkNzJkNzZkNDA5Zjc1YjhhMzqAAn1xAS4=\n','2013-02-14 10:26:28'),('0c33a9842f1ba8eb4b86868c60c6d725','MjQzZDI4OTRiMTM5M2Q5ZmQ1NjlmZGVkNzJkNzZkNDA5Zjc1YjhhMzqAAn1xAS4=\n','2013-02-15 06:33:50'),('de37f59a30c1f525a37d37c9c45fce8f','MjQzZDI4OTRiMTM5M2Q5ZmQ1NjlmZGVkNzJkNzZkNDA5Zjc1YjhhMzqAAn1xAS4=\n','2013-02-20 03:25:13'),('b8239b400e40129486d5bdf172ddfb4e','Y2QwYjdiYzY5ODIzN2RmYWNjZmJjOGZkNDFkNTZkNmM2YzhlNTk0YzqAAn1xAShVDV9hdXRoX3Vz\nZXJfaWRxAooBAVUSX2F1dGhfdXNlcl9iYWNrZW5kcQNVKWRqYW5nby5jb250cmliLmF1dGguYmFj\na2VuZHMuTW9kZWxCYWNrZW5kcQR1Lg==\n','2013-02-15 06:52:54'),('56da29b52e24833620140a80f1a49051','MzllZjE5ODY2YzIxMTFiM2QzN2ZjYWU0N2E3M2YzMDNjOGUyNWE0MzqAAn1xAVUKdGVzdGNvb2tp\nZXECVQZ3b3JrZWRxA3Mu\n','2013-02-19 06:23:12'),('c004ce4624f5357bbdc978db7f51272a','MjQzZDI4OTRiMTM5M2Q5ZmQ1NjlmZGVkNzJkNzZkNDA5Zjc1YjhhMzqAAn1xAS4=\n','2013-02-19 06:23:19'),('1262833a7eb86792ebc985a14f3f0041','MjQzZDI4OTRiMTM5M2Q5ZmQ1NjlmZGVkNzJkNzZkNDA5Zjc1YjhhMzqAAn1xAS4=\n','2013-02-05 11:57:23'),('f0ad7e2168731b7646c384a60cd7fd4f','MjQzZDI4OTRiMTM5M2Q5ZmQ1NjlmZGVkNzJkNzZkNDA5Zjc1YjhhMzqAAn1xAS4=\n','2013-02-05 12:00:37'),('fa6b517850615085566382f3434fb1fc','MjQzZDI4OTRiMTM5M2Q5ZmQ1NjlmZGVkNzJkNzZkNDA5Zjc1YjhhMzqAAn1xAS4=\n','2013-02-05 12:15:57'),('1d5388a021374e443e094b00db04b44e','MjQzZDI4OTRiMTM5M2Q5ZmQ1NjlmZGVkNzJkNzZkNDA5Zjc1YjhhMzqAAn1xAS4=\n','2013-02-05 16:22:31'),('db1e89a1d0f4d6c373f3a96eb6e31132','MjQzZDI4OTRiMTM5M2Q5ZmQ1NjlmZGVkNzJkNzZkNDA5Zjc1YjhhMzqAAn1xAS4=\n','2013-02-05 19:09:40'),('0136ed84b87552bf13fbdaf9a95a654d','MGMwYmVlM2JlOWFmNGVkM2NiYWI2NDU4YWZlZGVhZDM0ODcwNGM5MDqAAn1xAVUDbHBwcQJLAXMu\n','2013-02-06 07:21:08'),('6c17f9d6ee70f9da7413c3caa3b0916d','MjQzZDI4OTRiMTM5M2Q5ZmQ1NjlmZGVkNzJkNzZkNDA5Zjc1YjhhMzqAAn1xAS4=\n','2013-02-07 12:06:17'),('0fce12a252e6f52bbbe37a957a673be2','OWI4NzQ1ZjI2ODkxNTM3NzFlMGI4ZGFhOTM1OWZlOTFlMGVmNGQ3MTqAAn1xAShVDV9hdXRoX3Vz\nZXJfaWRxAooBAVUSX2F1dGhfdXNlcl9iYWNrZW5kcQNVKWRqYW5nby5jb250cmliLmF1dGguYmFj\na2VuZHMuTW9kZWxCYWNrZW5kcQRVA2xwcHEFSwF1Lg==\n','2013-02-22 00:13:44'),('61c6a3ef8c5e8f7e1194c3e0f9c2633c','MjQzZDI4OTRiMTM5M2Q5ZmQ1NjlmZGVkNzJkNzZkNDA5Zjc1YjhhMzqAAn1xAS4=\n','2013-02-12 15:43:44'),('1ae674f89fc66e2af0adf3616fec5fa6','MjQzZDI4OTRiMTM5M2Q5ZmQ1NjlmZGVkNzJkNzZkNDA5Zjc1YjhhMzqAAn1xAS4=\n','2013-02-12 15:43:15'),('710e97af9e96b8d3532b38df254afe54','MjQzZDI4OTRiMTM5M2Q5ZmQ1NjlmZGVkNzJkNzZkNDA5Zjc1YjhhMzqAAn1xAS4=\n','2013-02-13 09:15:21'),('eed28057843cd96f2c90107b013c44a4','MjQzZDI4OTRiMTM5M2Q5ZmQ1NjlmZGVkNzJkNzZkNDA5Zjc1YjhhMzqAAn1xAS4=\n','2013-02-14 06:57:20'),('5c60824cfd567eca7a45c84e02bd820d','MjQzZDI4OTRiMTM5M2Q5ZmQ1NjlmZGVkNzJkNzZkNDA5Zjc1YjhhMzqAAn1xAS4=\n','2013-02-14 07:19:04'),('9676e8174033ec66baef5252541f3bf4','OWI4NzQ1ZjI2ODkxNTM3NzFlMGI4ZGFhOTM1OWZlOTFlMGVmNGQ3MTqAAn1xAShVDV9hdXRoX3Vz\nZXJfaWRxAooBAVUSX2F1dGhfdXNlcl9iYWNrZW5kcQNVKWRqYW5nby5jb250cmliLmF1dGguYmFj\na2VuZHMuTW9kZWxCYWNrZW5kcQRVA2xwcHEFSwF1Lg==\n','2013-02-13 14:09:39'),('9683073c8eb74e097b4c60e9dd33efed','OWI4NzQ1ZjI2ODkxNTM3NzFlMGI4ZGFhOTM1OWZlOTFlMGVmNGQ3MTqAAn1xAShVDV9hdXRoX3Vz\nZXJfaWRxAooBAVUSX2F1dGhfdXNlcl9iYWNrZW5kcQNVKWRqYW5nby5jb250cmliLmF1dGguYmFj\na2VuZHMuTW9kZWxCYWNrZW5kcQRVA2xwcHEFSwF1Lg==\n','2013-02-14 10:26:28'),('5b1c17f58d71408107133e885cbd3875','Y2QwYjdiYzY5ODIzN2RmYWNjZmJjOGZkNDFkNTZkNmM2YzhlNTk0YzqAAn1xAShVDV9hdXRoX3Vz\nZXJfaWRxAooBAVUSX2F1dGhfdXNlcl9iYWNrZW5kcQNVKWRqYW5nby5jb250cmliLmF1dGguYmFj\na2VuZHMuTW9kZWxCYWNrZW5kcQR1Lg==\n','2013-02-14 03:38:20'),('81e336031f2f7498d1ea54751506c747','MjQzZDI4OTRiMTM5M2Q5ZmQ1NjlmZGVkNzJkNzZkNDA5Zjc1YjhhMzqAAn1xAS4=\n','2013-02-14 06:49:33'),('e9f36d090dd6764f1c118c146f89705e','MjQzZDI4OTRiMTM5M2Q5ZmQ1NjlmZGVkNzJkNzZkNDA5Zjc1YjhhMzqAAn1xAS4=\n','2013-02-14 06:44:06'),('b09e040dc35be0bb76363941b56be558','MjQzZDI4OTRiMTM5M2Q5ZmQ1NjlmZGVkNzJkNzZkNDA5Zjc1YjhhMzqAAn1xAS4=\n','2013-02-14 06:44:08'),('cc659af06a1616b9ecc500b4883359ed','MjQzZDI4OTRiMTM5M2Q5ZmQ1NjlmZGVkNzJkNzZkNDA5Zjc1YjhhMzqAAn1xAS4=\n','2013-02-20 12:22:37'),('c1a61b0f4c4bbf5de6f32d1542927f4d','MjQzZDI4OTRiMTM5M2Q5ZmQ1NjlmZGVkNzJkNzZkNDA5Zjc1YjhhMzqAAn1xAS4=\n','2013-02-20 12:22:56'),('3306d8f8e861ec401352a1614b364d86','MjQzZDI4OTRiMTM5M2Q5ZmQ1NjlmZGVkNzJkNzZkNDA5Zjc1YjhhMzqAAn1xAS4=\n','2013-02-20 12:23:20'),('9b36ac88a468c31311102acbc678d960','MjQzZDI4OTRiMTM5M2Q5ZmQ1NjlmZGVkNzJkNzZkNDA5Zjc1YjhhMzqAAn1xAS4=\n','2013-02-20 12:24:05'),('cc6702263f41a4fb45f05b5c3fff9a30','MjQzZDI4OTRiMTM5M2Q5ZmQ1NjlmZGVkNzJkNzZkNDA5Zjc1YjhhMzqAAn1xAS4=\n','2013-02-20 12:26:44'),('ae06aee1e26f8d29e41fdc275096527a','MjQzZDI4OTRiMTM5M2Q5ZmQ1NjlmZGVkNzJkNzZkNDA5Zjc1YjhhMzqAAn1xAS4=\n','2013-02-20 12:27:12'),('4155270b3f824d92be5ab972fd6158b8','MjQzZDI4OTRiMTM5M2Q5ZmQ1NjlmZGVkNzJkNzZkNDA5Zjc1YjhhMzqAAn1xAS4=\n','2013-02-22 15:23:00'),('584373038049f96e0d8e5c28ca751f49','MjQzZDI4OTRiMTM5M2Q5ZmQ1NjlmZGVkNzJkNzZkNDA5Zjc1YjhhMzqAAn1xAS4=\n','2013-02-20 13:38:14'),('85f78ac790446ba192462842fffa3f61','MjQzZDI4OTRiMTM5M2Q5ZmQ1NjlmZGVkNzJkNzZkNDA5Zjc1YjhhMzqAAn1xAS4=\n','2013-02-21 05:21:58'),('14c65bc7158aa185e3306d81ffe8b658','MjQzZDI4OTRiMTM5M2Q5ZmQ1NjlmZGVkNzJkNzZkNDA5Zjc1YjhhMzqAAn1xAS4=\n','2013-02-21 05:22:34'),('815c3e0af377f21324b09f2667b871f0','MjQzZDI4OTRiMTM5M2Q5ZmQ1NjlmZGVkNzJkNzZkNDA5Zjc1YjhhMzqAAn1xAS4=\n','2013-02-21 05:23:36'),('3a1042f0423abb0208c73c5da17fc6ea','MjQzZDI4OTRiMTM5M2Q5ZmQ1NjlmZGVkNzJkNzZkNDA5Zjc1YjhhMzqAAn1xAS4=\n','2013-02-21 05:24:04'),('7e0944127a873c71f1ec8a039af9759c','MjQzZDI4OTRiMTM5M2Q5ZmQ1NjlmZGVkNzJkNzZkNDA5Zjc1YjhhMzqAAn1xAS4=\n','2013-02-21 05:24:27'),('373648d91d924b920461070dadaf9148','MjQzZDI4OTRiMTM5M2Q5ZmQ1NjlmZGVkNzJkNzZkNDA5Zjc1YjhhMzqAAn1xAS4=\n','2013-02-21 06:11:55'),('9753051126ada77560b1291679295dca','MjQzZDI4OTRiMTM5M2Q5ZmQ1NjlmZGVkNzJkNzZkNDA5Zjc1YjhhMzqAAn1xAS4=\n','2013-02-21 06:20:26'),('65ef53e71173c5f60298229f00429ad5','MjQzZDI4OTRiMTM5M2Q5ZmQ1NjlmZGVkNzJkNzZkNDA5Zjc1YjhhMzqAAn1xAS4=\n','2013-02-21 06:22:44'),('bd6c7a7102325cc51fe96486a4ce4935','MjQzZDI4OTRiMTM5M2Q5ZmQ1NjlmZGVkNzJkNzZkNDA5Zjc1YjhhMzqAAn1xAS4=\n','2013-02-21 06:29:58'),('cbccaff1f23fd8f4bbb725ba3a77fedc','MjQzZDI4OTRiMTM5M2Q5ZmQ1NjlmZGVkNzJkNzZkNDA5Zjc1YjhhMzqAAn1xAS4=\n','2013-02-21 06:35:50'),('93d4d7bd5b5d2d47c0143a858028fdd0','MjQzZDI4OTRiMTM5M2Q5ZmQ1NjlmZGVkNzJkNzZkNDA5Zjc1YjhhMzqAAn1xAS4=\n','2013-02-21 06:36:27'),('4175fbb5894d65364f0ba26443f1e2a6','MGMwYmVlM2JlOWFmNGVkM2NiYWI2NDU4YWZlZGVhZDM0ODcwNGM5MDqAAn1xAVUDbHBwcQJLAXMu\n','2013-02-21 10:36:08'),('a6098076cc3bcb6f16a5d745d8a21630','MjQzZDI4OTRiMTM5M2Q5ZmQ1NjlmZGVkNzJkNzZkNDA5Zjc1YjhhMzqAAn1xAS4=\n','2013-02-21 07:26:52'),('d4ceceeda7a007ac8cb33d6f2b7291ff','MjQzZDI4OTRiMTM5M2Q5ZmQ1NjlmZGVkNzJkNzZkNDA5Zjc1YjhhMzqAAn1xAS4=\n','2013-02-21 07:51:49'),('71303829858b0cd864414577a1d84e04','MjQzZDI4OTRiMTM5M2Q5ZmQ1NjlmZGVkNzJkNzZkNDA5Zjc1YjhhMzqAAn1xAS4=\n','2013-02-21 10:11:23'),('29e30b0b4d9cd2dfc3beebb8be87c782','MjQzZDI4OTRiMTM5M2Q5ZmQ1NjlmZGVkNzJkNzZkNDA5Zjc1YjhhMzqAAn1xAS4=\n','2013-02-21 11:17:39'),('0ef7672ce1609b7647304244c3e85561','MjQzZDI4OTRiMTM5M2Q5ZmQ1NjlmZGVkNzJkNzZkNDA5Zjc1YjhhMzqAAn1xAS4=\n','2013-02-21 11:28:15'),('2bf23112656c6357abf2fd74726a373e','MjQzZDI4OTRiMTM5M2Q5ZmQ1NjlmZGVkNzJkNzZkNDA5Zjc1YjhhMzqAAn1xAS4=\n','2013-02-22 03:57:41'),('78be507fd730df1ec115326466446037','MjQzZDI4OTRiMTM5M2Q5ZmQ1NjlmZGVkNzJkNzZkNDA5Zjc1YjhhMzqAAn1xAS4=\n','2013-02-22 11:29:40'),('8ab057f96ccb258087c3d4f1a19e2cd4','OWI4NzQ1ZjI2ODkxNTM3NzFlMGI4ZGFhOTM1OWZlOTFlMGVmNGQ3MTqAAn1xAShVDV9hdXRoX3Vz\nZXJfaWRxAooBAVUSX2F1dGhfdXNlcl9iYWNrZW5kcQNVKWRqYW5nby5jb250cmliLmF1dGguYmFj\na2VuZHMuTW9kZWxCYWNrZW5kcQRVA2xwcHEFSwF1Lg==\n','2013-02-23 11:24:52'),('ebbf9199a46ec735aec5cce7a063c1ab','MjQzZDI4OTRiMTM5M2Q5ZmQ1NjlmZGVkNzJkNzZkNDA5Zjc1YjhhMzqAAn1xAS4=\n','2013-02-22 11:29:57'),('2aeb096ea3246ef38022e5207df8f5a8','MjQzZDI4OTRiMTM5M2Q5ZmQ1NjlmZGVkNzJkNzZkNDA5Zjc1YjhhMzqAAn1xAS4=\n','2013-02-22 12:32:49'),('83efaff87e0340982d2ecc04d2a35053','MjQzZDI4OTRiMTM5M2Q5ZmQ1NjlmZGVkNzJkNzZkNDA5Zjc1YjhhMzqAAn1xAS4=\n','2013-02-22 13:11:44'),('bf103e0299c6c6bd6b726e85892cbca9','MjQzZDI4OTRiMTM5M2Q5ZmQ1NjlmZGVkNzJkNzZkNDA5Zjc1YjhhMzqAAn1xAS4=\n','2013-02-23 08:09:18'),('0a36bdf4d6f9ad380ef3dea2ba7a97e5','MjQzZDI4OTRiMTM5M2Q5ZmQ1NjlmZGVkNzJkNzZkNDA5Zjc1YjhhMzqAAn1xAS4=\n','2013-02-23 08:22:19'),('a50094565222e1f2e61f09ea3dad4bde','MjQzZDI4OTRiMTM5M2Q5ZmQ1NjlmZGVkNzJkNzZkNDA5Zjc1YjhhMzqAAn1xAS4=\n','2013-02-23 08:22:20'),('ac2fd8a5d4ddd5de7ed89e3cbfb04a04','MjQzZDI4OTRiMTM5M2Q5ZmQ1NjlmZGVkNzJkNzZkNDA5Zjc1YjhhMzqAAn1xAS4=\n','2013-02-23 08:34:38'),('306f9d55b44b32a52574fedc7b7b9a8f','MjQzZDI4OTRiMTM5M2Q5ZmQ1NjlmZGVkNzJkNzZkNDA5Zjc1YjhhMzqAAn1xAS4=\n','2013-02-23 08:40:01'),('f89308a963f18be71ed97b6f9e56dbb9','MjQzZDI4OTRiMTM5M2Q5ZmQ1NjlmZGVkNzJkNzZkNDA5Zjc1YjhhMzqAAn1xAS4=\n','2013-02-23 08:41:28'),('632597d2814693c11b47ee1676a43b49','MjQzZDI4OTRiMTM5M2Q5ZmQ1NjlmZGVkNzJkNzZkNDA5Zjc1YjhhMzqAAn1xAS4=\n','2013-02-23 09:23:37'),('d2c82192ba1e39eb5805bfd8ef832a43','MjQzZDI4OTRiMTM5M2Q5ZmQ1NjlmZGVkNzJkNzZkNDA5Zjc1YjhhMzqAAn1xAS4=\n','2013-02-23 09:30:10'),('44ebf08fe1866ee176801615c5316737','MjQzZDI4OTRiMTM5M2Q5ZmQ1NjlmZGVkNzJkNzZkNDA5Zjc1YjhhMzqAAn1xAS4=\n','2013-02-23 10:40:29'),('cf74df78cede3852339593a18e07d4e4','MjQzZDI4OTRiMTM5M2Q5ZmQ1NjlmZGVkNzJkNzZkNDA5Zjc1YjhhMzqAAn1xAS4=\n','2013-02-23 10:55:23'),('1e0d10e8e99e1a425e81358b60fa34a8','MjQzZDI4OTRiMTM5M2Q5ZmQ1NjlmZGVkNzJkNzZkNDA5Zjc1YjhhMzqAAn1xAS4=\n','2013-02-23 11:14:22'),('6c781f8ac0ac94092883478e3949f2d4','MjQzZDI4OTRiMTM5M2Q5ZmQ1NjlmZGVkNzJkNzZkNDA5Zjc1YjhhMzqAAn1xAS4=\n','2013-02-23 11:24:18'),('0f6f1d9e5c1b0b73674753eec4e19bbb','MjQzZDI4OTRiMTM5M2Q5ZmQ1NjlmZGVkNzJkNzZkNDA5Zjc1YjhhMzqAAn1xAS4=\n','2013-02-23 17:12:53'),('a5f7d8c674e663c89107fbdf02145ef0','OWI4NzQ1ZjI2ODkxNTM3NzFlMGI4ZGFhOTM1OWZlOTFlMGVmNGQ3MTqAAn1xAShVDV9hdXRoX3Vz\nZXJfaWRxAooBAVUSX2F1dGhfdXNlcl9iYWNrZW5kcQNVKWRqYW5nby5jb250cmliLmF1dGguYmFj\na2VuZHMuTW9kZWxCYWNrZW5kcQRVA2xwcHEFSwF1Lg==\n','2013-02-23 17:12:52'),('cf7aa24575edf7624f5ad9b30ee7c844','MjQzZDI4OTRiMTM5M2Q5ZmQ1NjlmZGVkNzJkNzZkNDA5Zjc1YjhhMzqAAn1xAS4=\n','2013-02-23 11:30:16'),('35cafafa9c05fd0ccfd0367676e01da5','OWI4NzQ1ZjI2ODkxNTM3NzFlMGI4ZGFhOTM1OWZlOTFlMGVmNGQ3MTqAAn1xAShVDV9hdXRoX3Vz\nZXJfaWRxAooBAVUSX2F1dGhfdXNlcl9iYWNrZW5kcQNVKWRqYW5nby5jb250cmliLmF1dGguYmFj\na2VuZHMuTW9kZWxCYWNrZW5kcQRVA2xwcHEFSwF1Lg==\n','2013-02-23 13:33:39'),('8aae339f4784f65d435a95b93ca1c735','MjQzZDI4OTRiMTM5M2Q5ZmQ1NjlmZGVkNzJkNzZkNDA5Zjc1YjhhMzqAAn1xAS4=\n','2013-02-23 13:04:28'),('019319c7591f2930cba4d7549d61b29d','MjQzZDI4OTRiMTM5M2Q5ZmQ1NjlmZGVkNzJkNzZkNDA5Zjc1YjhhMzqAAn1xAS4=\n','2013-02-23 13:07:11'),('cb8bdaa3221dc30586e37ff42a2b4546','MjQzZDI4OTRiMTM5M2Q5ZmQ1NjlmZGVkNzJkNzZkNDA5Zjc1YjhhMzqAAn1xAS4=\n','2013-02-24 10:57:46'),('1704e30ca61d015f209afd1d3dfe0655','MjQzZDI4OTRiMTM5M2Q5ZmQ1NjlmZGVkNzJkNzZkNDA5Zjc1YjhhMzqAAn1xAS4=\n','2013-02-23 15:30:01'),('5170a27768fbe807153fbbc6e09f7ccc','MjQzZDI4OTRiMTM5M2Q5ZmQ1NjlmZGVkNzJkNzZkNDA5Zjc1YjhhMzqAAn1xAS4=\n','2013-02-24 10:26:38'),('41903832193d3a056f0f600d3b0f556e','NTJhODYwMTU2M2EzZDY4N2FmNjFjMWJjMDE1ZmQ2NDYyYmVkMDFiYzqAAn1xAVUEY2FydHECfXED\nY2RqYW5nby5kYi5tb2RlbHMuYmFzZQptb2RlbF91bnBpY2tsZQpxBGNjYXRhbG9nLm1vZGVscwpC\nb3VxdWV0CnEFXWNkamFuZ28uZGIubW9kZWxzLmJhc2UKc2ltcGxlX2NsYXNzX2ZhY3RvcnkKcQaH\nUnEHfXEIKFUNbWV0YV9rZXl3b3Jkc3EJWAAAAABVBGxvdmVxCohVB3dlZGRpbmdxC4hVBl9zdGF0\nZXEMY2RqYW5nby5kYi5tb2RlbHMuYmFzZQpNb2RlbFN0YXRlCnENKYFxDn1xDyhVBmFkZGluZ3EQ\niVUCZGJxEVUHZGVmYXVsdHESdWJVBmlzX25ld3ETiVUDdmlwcRSJVQZ0aGFua3NxFYhVAmlkcRaK\nAQRVEG1ldGFfZGVzY3JpcHRpb25xF1gAAAAAVQV0aXRsZXEYWAAAAABVC2Fubml2ZXJzYXJ5cRmI\nVQhpbnRlcmlvcnEaiVUFc29ycnlxG4hVDWhvbGlkYXlfcm9zZXNxHIhVC2Rlc2NyaXB0aW9ucR1Y\niQAAANCv0YDQutC40Lkg0LHRg9C60LXRgiDQuNC3IDI1INGA0L7RgdC60L7RiNC90YvRhSDRgNC+\n0Lcg0YEg0LrRgNGD0L/QvdGL0LzQuCDQsdGD0YLQvtC90LDQvNC4INCyINC+0YDQuNCz0LjQvdCw\n0LvRjNC90L7QuSDRg9C/0LDQutC+0LLQutC1cR5VCWhvcm9zY29wZXEfiFUFcHJpY2VxIIoCAghV\nCWlzX2FjdGl2ZXEhiFUKdXBkYXRlZF9hdHEiY2RhdGV0aW1lCmRhdGV0aW1lCnEjVQoH3QIJCA8M\nAAAAY2RqYW5nby51dGlscy50aW1lem9uZQpVVEMKcSQpUnElhlJxJlUIYmlydGhkYXlxJ4hVEGJ1\nc2luZXNzX2JvdXF1ZXRxKIlVBWNoaWxkcSmJVQRzbHVncSpYCQAAAGthcmF2ZWxsYXErVQJoZXEs\niVUEbmFtZXEtWBIAAADQmtCw0YDQsNCy0LXQu9C70LBxLlUKY3JlYXRlZF9hdHEvaCNVCgfdARAN\nOi8AAABoJYZScTBVCnByb21vYmxvY2txMVjgAQAA0JrRgNCw0YHQvtGH0L3Ri9C5INCx0YPQutC1\n0YIg0LjQtyDQutGA0YPQv9C90YvRhSDQsdC+0YDQtNC+0LLRi9GFINGA0L7QtyDQsiDQv9C+0LTQ\nsNGA0L7QuiAtINC60LvQsNGB0YHQuNGH0LXRgdC60LjQuSDRgdC/0L7RgdC+0LEg0LLRi9GA0LDQ\nt9C40YLRjCDRgdCy0L7QuCDRh9GD0LLRgdGC0LLQsCDQuNC70Lgg0L/QvtC30LTRgNCw0LLQuNGC\n0Ywg0YEg0L/RgNCw0LfQtNC90LjQutC+0LwuPGJyIC8+PGJyIC8+0JHRg9C60LXRgiDRgdC+0YHR\ngtC+0LjRgiDQuNC3IDI1INGA0L7QtyDRgdC+0YDRgtCwINCk0YDQuNC00YPQvCwg0LLRi9GB0L7R\ngtCwINGB0YLQtdCx0LvRjyA3MCDRgdC8LCDQsiDQvtGE0L7RgNC80LvQtdC90LjQuCDQu9C40YHR\ngtGM0Y/QvNC4INC/0LDQv9C+0YDQvtGC0L3QuNC60LAg0Lgg0YTQtdGC0YDQvtC8LjxiciAvPjxi\nciAvPjxiciAvPjxzdHJvbmc+0JDRgNGC0LjQutGD0Ls8L3N0cm9uZz4mbmJzcDsgMTMxMDAxcTJV\nB2NvbmdyYXRxM4hVA3NoZXE0iFUOaXNfcmVjb21tZW5kZWRxNYhVC2NhdGVnb3J5X2lkcTaKARR1\nYksBc3Mu\n','2013-02-24 11:02:41'),('30d0ce325aaaedfa1036296d6fd3188b','MjQzZDI4OTRiMTM5M2Q5ZmQ1NjlmZGVkNzJkNzZkNDA5Zjc1YjhhMzqAAn1xAS4=\n','2013-02-24 11:06:36'),('3773e6f3f98bcb3ecb668d2f1c91c5f9','MjQzZDI4OTRiMTM5M2Q5ZmQ1NjlmZGVkNzJkNzZkNDA5Zjc1YjhhMzqAAn1xAS4=\n','2013-02-24 11:04:41'),('dddd576d63f9c6df2c7c159612b9ea89','MjQzZDI4OTRiMTM5M2Q5ZmQ1NjlmZGVkNzJkNzZkNDA5Zjc1YjhhMzqAAn1xAS4=\n','2013-02-25 08:07:54'),('b90d435d788eaba7e38d8561336d109a','MjY5NmZlYjQ0ZWE3ODE2ZDMyMmRkOGI2MjM4YWZlNTc5NTMzOTJmMzqAAn1xAShVEl9hdXRoX3Vz\nZXJfYmFja2VuZHECVSlkamFuZ28uY29udHJpYi5hdXRoLmJhY2tlbmRzLk1vZGVsQmFja2VuZHED\nVQ1fYXV0aF91c2VyX2lkcQSKAQF1Lg==\n','2013-02-24 11:10:15'),('418b1bf911f45f476eb6bf8da350912d','MjQzZDI4OTRiMTM5M2Q5ZmQ1NjlmZGVkNzJkNzZkNDA5Zjc1YjhhMzqAAn1xAS4=\n','2013-02-24 13:02:58'),('cf97ed224533ee985d2c95f5670a7c5e','MjY5NmZlYjQ0ZWE3ODE2ZDMyMmRkOGI2MjM4YWZlNTc5NTMzOTJmMzqAAn1xAShVEl9hdXRoX3Vz\nZXJfYmFja2VuZHECVSlkamFuZ28uY29udHJpYi5hdXRoLmJhY2tlbmRzLk1vZGVsQmFja2VuZHED\nVQ1fYXV0aF91c2VyX2lkcQSKAQF1Lg==\n','2013-02-24 18:59:13'),('51309626c2ef22ee7ea5cf2c7dc828a3','MjQzZDI4OTRiMTM5M2Q5ZmQ1NjlmZGVkNzJkNzZkNDA5Zjc1YjhhMzqAAn1xAS4=\n','2013-02-25 03:11:20'),('71376564ae618aa5cf3723aa19e8906f','MjY5NmZlYjQ0ZWE3ODE2ZDMyMmRkOGI2MjM4YWZlNTc5NTMzOTJmMzqAAn1xAShVEl9hdXRoX3Vz\nZXJfYmFja2VuZHECVSlkamFuZ28uY29udHJpYi5hdXRoLmJhY2tlbmRzLk1vZGVsQmFja2VuZHED\nVQ1fYXV0aF91c2VyX2lkcQSKAQF1Lg==\n','2013-02-25 03:13:26'),('fb9fab10186034c62f28b2b8401f488b','MjQzZDI4OTRiMTM5M2Q5ZmQ1NjlmZGVkNzJkNzZkNDA5Zjc1YjhhMzqAAn1xAS4=\n','2013-02-25 07:34:39'),('5e931ce29ae4cce3f5641fcfe46fdcab','MjY5NmZlYjQ0ZWE3ODE2ZDMyMmRkOGI2MjM4YWZlNTc5NTMzOTJmMzqAAn1xAShVEl9hdXRoX3Vz\nZXJfYmFja2VuZHECVSlkamFuZ28uY29udHJpYi5hdXRoLmJhY2tlbmRzLk1vZGVsQmFja2VuZHED\nVQ1fYXV0aF91c2VyX2lkcQSKAQF1Lg==\n','2013-02-25 07:36:17'),('8ac3c6665aac9b14d6e8b769e9e7ed34','MGMwYmVlM2JlOWFmNGVkM2NiYWI2NDU4YWZlZGVhZDM0ODcwNGM5MDqAAn1xAVUDbHBwcQJLAXMu\n','2013-02-25 11:39:54'),('8e1ae426b21821c7f576144d21737ddd','MGMwYmVlM2JlOWFmNGVkM2NiYWI2NDU4YWZlZGVhZDM0ODcwNGM5MDqAAn1xAVUDbHBwcQJLAXMu\n','2013-02-25 11:04:10'),('2be4ad6e23618d1a8361abe9c315859c','MjQzZDI4OTRiMTM5M2Q5ZmQ1NjlmZGVkNzJkNzZkNDA5Zjc1YjhhMzqAAn1xAS4=\n','2013-02-25 11:03:02'),('0050344d8e02055018b5c9d8da83acaf','MjQzZDI4OTRiMTM5M2Q5ZmQ1NjlmZGVkNzJkNzZkNDA5Zjc1YjhhMzqAAn1xAS4=\n','2013-02-25 11:03:02'),('7d81987b22ebd8afed8ee23d2558a360','MjQzZDI4OTRiMTM5M2Q5ZmQ1NjlmZGVkNzJkNzZkNDA5Zjc1YjhhMzqAAn1xAS4=\n','2013-02-25 11:03:02'),('69a92fd71ed4fe8357e3cf0d6f50046f','MjQzZDI4OTRiMTM5M2Q5ZmQ1NjlmZGVkNzJkNzZkNDA5Zjc1YjhhMzqAAn1xAS4=\n','2013-02-25 11:03:03'),('df1e4666f6699c5378216063acde2252','MjQzZDI4OTRiMTM5M2Q5ZmQ1NjlmZGVkNzJkNzZkNDA5Zjc1YjhhMzqAAn1xAS4=\n','2013-02-25 11:03:03'),('35b53f4c503f10c76094f09a5f734118','MjQzZDI4OTRiMTM5M2Q5ZmQ1NjlmZGVkNzJkNzZkNDA5Zjc1YjhhMzqAAn1xAS4=\n','2013-02-25 11:03:03'),('863109ffb7a21acacac5314f19d09d5c','MjQzZDI4OTRiMTM5M2Q5ZmQ1NjlmZGVkNzJkNzZkNDA5Zjc1YjhhMzqAAn1xAS4=\n','2013-02-25 11:03:03'),('9730cca40bac055822854b808c2236f3','MjQzZDI4OTRiMTM5M2Q5ZmQ1NjlmZGVkNzJkNzZkNDA5Zjc1YjhhMzqAAn1xAS4=\n','2013-02-25 11:03:03'),('97a33505264a41e25b29ff72731df981','MjQzZDI4OTRiMTM5M2Q5ZmQ1NjlmZGVkNzJkNzZkNDA5Zjc1YjhhMzqAAn1xAS4=\n','2013-02-25 11:04:09'),('089aae9074bea704b45fa31516f46f3b','MjQzZDI4OTRiMTM5M2Q5ZmQ1NjlmZGVkNzJkNzZkNDA5Zjc1YjhhMzqAAn1xAS4=\n','2013-02-25 11:24:12'),('7a5f6a24196b2516fe4f839a937c8b41','MjQzZDI4OTRiMTM5M2Q5ZmQ1NjlmZGVkNzJkNzZkNDA5Zjc1YjhhMzqAAn1xAS4=\n','2013-02-25 11:24:36'),('2b94e4afc28a436de0a1225256e7d63c','MjY5NmZlYjQ0ZWE3ODE2ZDMyMmRkOGI2MjM4YWZlNTc5NTMzOTJmMzqAAn1xAShVEl9hdXRoX3Vz\nZXJfYmFja2VuZHECVSlkamFuZ28uY29udHJpYi5hdXRoLmJhY2tlbmRzLk1vZGVsQmFja2VuZHED\nVQ1fYXV0aF91c2VyX2lkcQSKAQF1Lg==\n','2013-02-25 13:43:16'),('aaf20965e4364d6bf325ef4c7afa25b5','MjQzZDI4OTRiMTM5M2Q5ZmQ1NjlmZGVkNzJkNzZkNDA5Zjc1YjhhMzqAAn1xAS4=\n','2013-02-25 11:39:48'),('01ceb86e6b208764dadb6db75a1309dc','MjQzZDI4OTRiMTM5M2Q5ZmQ1NjlmZGVkNzJkNzZkNDA5Zjc1YjhhMzqAAn1xAS4=\n','2013-02-25 11:39:50'),('15b96a142a37207deae86188d53b2b8b','MjQzZDI4OTRiMTM5M2Q5ZmQ1NjlmZGVkNzJkNzZkNDA5Zjc1YjhhMzqAAn1xAS4=\n','2013-02-25 11:55:16'),('3356f274b8f70722d7bb3727f49d8130','MjQzZDI4OTRiMTM5M2Q5ZmQ1NjlmZGVkNzJkNzZkNDA5Zjc1YjhhMzqAAn1xAS4=\n','2013-02-25 11:55:37'),('f87af5778587ce5ef8ac6d0a33c30646','MjQzZDI4OTRiMTM5M2Q5ZmQ1NjlmZGVkNzJkNzZkNDA5Zjc1YjhhMzqAAn1xAS4=\n','2013-02-25 11:55:47'),('34faeea26ecc69a31ce9fd327c7f992a','MjQzZDI4OTRiMTM5M2Q5ZmQ1NjlmZGVkNzJkNzZkNDA5Zjc1YjhhMzqAAn1xAS4=\n','2013-02-25 11:56:06'),('05791f1ab24efa72f90479ff56064b38','MjQzZDI4OTRiMTM5M2Q5ZmQ1NjlmZGVkNzJkNzZkNDA5Zjc1YjhhMzqAAn1xAS4=\n','2013-02-25 12:31:55'),('9108c37a4f428e9496732d48b0d48ae2','MjQzZDI4OTRiMTM5M2Q5ZmQ1NjlmZGVkNzJkNzZkNDA5Zjc1YjhhMzqAAn1xAS4=\n','2013-02-25 12:41:20'),('793efad85b2abe76122eb3c171e723f4','MjQzZDI4OTRiMTM5M2Q5ZmQ1NjlmZGVkNzJkNzZkNDA5Zjc1YjhhMzqAAn1xAS4=\n','2013-02-25 12:42:29'),('554884c9a581ead1d903a48a94679009','MjQzZDI4OTRiMTM5M2Q5ZmQ1NjlmZGVkNzJkNzZkNDA5Zjc1YjhhMzqAAn1xAS4=\n','2013-02-25 12:47:37'),('6d5fe0fe75369adf0bbecf89d8533bff','MjQzZDI4OTRiMTM5M2Q5ZmQ1NjlmZGVkNzJkNzZkNDA5Zjc1YjhhMzqAAn1xAS4=\n','2013-02-25 12:59:21'),('5aa99a78f90abc11a317d9cc8055ca15','ZGIxNGZmNGIzY2EwYmRjMGQ0ZWI1ODhkODU0ZTIyMTRlMDc1OGUyNjqAAn1xAShVEl9hdXRoX3Vz\nZXJfYmFja2VuZHECVSlkamFuZ28uY29udHJpYi5hdXRoLmJhY2tlbmRzLk1vZGVsQmFja2VuZHED\nVQ1fYXV0aF91c2VyX2lkcQSKAQFVBW9yZGVycQVjZGphbmdvLmRiLm1vZGVscy5iYXNlCm1vZGVs\nX3VucGlja2xlCnEGY29yZGVyLm1vZGVscwpPcmRlcgpxB11jZGphbmdvLmRiLm1vZGVscy5iYXNl\nCnNpbXBsZV9jbGFzc19mYWN0b3J5CnEIh1JxCX1xCihVB2NvbW1lbnRxC1gAAAAAVQRldWxhcQyJ\nVQ9fY3VzdG9tZXJfY2FjaGVxDWgGY2RqYW5nby5jb250cmliLmF1dGgubW9kZWxzClVzZXIKcQ5d\naAiHUnEPfXEQKFUIdXNlcm5hbWVxEVgFAAAAYWRtaW5xElUKZmlyc3RfbmFtZXETWAQAAABKb2hu\ncRRVCWxhc3RfbmFtZXEVVQNEb2VxFlUJaXNfYWN0aXZlcReIVQZfc3RhdGVxGGNkamFuZ28uZGIu\nbW9kZWxzLmJhc2UKTW9kZWxTdGF0ZQpxGSmBcRp9cRsoVQZhZGRpbmdxHIlVAmRicR1VB2RlZmF1\nbHRxHnViVQVlbWFpbHEfWBEAAABhZG1pbkBleGFtcGxlLmNvbXEgVQxpc19zdXBlcnVzZXJxIYhV\nCGlzX3N0YWZmcSKIVQpsYXN0X2xvZ2lucSNjZGF0ZXRpbWUKZGF0ZXRpbWUKcSRVCgfdAgwLIwoA\nAABjZGphbmdvLnV0aWxzLnRpbWV6b25lClVUQwpxJSlScSaGUnEnVQhwYXNzd29yZHEoWE0AAABw\nYmtkZjJfc2hhMjU2JDEwMDAwJFFtSDFwaXVvTVBiViRWYlVJd2dOeDFsYlZWWU8wRkRHeS9zR0Fa\nUTBRZ3U1TUZtcGlUKzNCN0N3PXEpVQJpZHEqigEBVQtkYXRlX2pvaW5lZHEraCRVCgfdAQgIDygA\nAABoJoZScSx1YmgYaBkpgXEtfXEuKGgciWgdaB51YlUHY2l0eV9vdHEvWAAAAABVCnRvdGFsX3N1\nbW1xMIoC/BxVFWN1c3RvbWVyX25vdGlmaWNhdGlvbnExVQBVCm1ha2VfcGhvdG9xMolVBWZpb19w\ncTNYAwAAAGVydHE0VQdjYXJ0X2lkcTVVJDYwNGJiOTNjLTc1MTQtMTFlMi1iM2ZhLTAwMTYzZTAw\nMGJmZnE2VQthc2tfYWRkcmVzc3E3iGgqigEeVQlhZGRyZXNzX3BxOFgDAAAAZXJ0cTlVC2N1c3Rv\nbWVyX2lkcTqKAQFoH1gRAAAAYWRtaW5AZXhhbXBsZS5jb21xO1UJcHJlZF96dm9ucTyJVQRjYXJ0\ncT1YXAAAAAog0JDQu9GM0YHRgtGA0L7QvNC10YDQuNGPIC0tIDEgCgog0JPQuNC/0YHQvtGE0LjQ\nu9CwIC0tIDEgCgog0JvRjtCx0LjQvNC+0Lkg0JzQsNC80LUgLS0gMSAKcT5VCGRlbGl2ZXJ5cT9Y\nOQAAANCh0LDQvNC+0LLRi9Cy0L7Qty4gCiDQlNCw0YLQsCDRgdCw0LzQvtCy0YvQstC+0LfQsCAt\nLSAuIHFAVQpkb3BfdGVsX290cUFYAAAAAFUGZmlvX290cUJYCAAAAEpvaG4gRG9lcUNVCmRhdGVf\nYWRkZWRxRGgkVQoH3QIMDQE3AUgJaCaGUnFFVQZ0ZWxfb3RxRlgAAAAAVQ1wb3N0Y2FyZF9zaWdu\ncUdVAFUFdGVsX3BxSFgDAAAAMzQ1cUlVBGFub25xSolVCGluX2hhbmRzcUuJVQpwYXlfbWV0aG9k\ncUxYIQAAANCd0LDQu9C40YfQvdGL0LzQuCDQutGD0YDRjNC10YDRg3FNVQ1wb3N0Y2FyZF90ZXh0\ncU5VAHViVQRjYXJ0cU99cVAoaAZjY2F0YWxvZy5tb2RlbHMKQm91cXVldApxUV1oCIdScVJ9cVMo\nVQ1tZXRhX2tleXdvcmRzcVRYAAAAAFUEbG92ZXFViVUHd2VkZGluZ3FWiVUGX3N0YXRlcVdoGSmB\ncVh9cVkoVQZhZGRpbmdxWolVAmRicVtVB2RlZmF1bHRxXHViVQZpc19uZXdxXYlVA3ZpcHFeiVUG\ndGhhbmtzcV+JVQJpZHFgigEIVRBtZXRhX2Rlc2NyaXB0aW9ucWFYAAAAAFUFdGl0bGVxYlgAAAAA\nVQthbm5pdmVyc2FyeXFjiVUIaW50ZXJpb3JxZIlVBXNvcnJ5cWWJVQ1ob2xpZGF5X3Jvc2VzcWaJ\nVQtkZXNjcmlwdGlvbnFnWFQAAADQkdGD0LrQtdGCINC40Lcg0YLRgNC10L/QtdGC0L3Ri9GFINGA\n0LDQt9C90L7RhtCy0LXRgtC90YvRhSDQsNC70YzRgdGC0YDQvtC80LXRgNC40LlxaFUJaG9yb3Nj\nb3BlcWmJVQVwcmljZXFqigL8CFUJaXNfYWN0aXZlcWuIVQp1cGRhdGVkX2F0cWxoJFUKB90CCQgU\nHwAAAGglKVJxbYZScW5VCGJpcnRoZGF5cW+JVRBidXNpbmVzc19ib3VxdWV0cXCJVQVjaGlsZHFx\niVUEc2x1Z3FyWAwAAABhbHN0cm9tZXJpeWFxc1UCaGVxdIlVBG5hbWVxdVgYAAAA0JDQu9GM0YHR\ngtGA0L7QvNC10YDQuNGPcXZVCmNyZWF0ZWRfYXRxd2gkVQoH3QESCQkTAAAAaG2GUnF4VQpwcm9t\nb2Jsb2NrcXlYDwEAADxiciAvPjxzcGFuIHN0eWxlPSJjb2xvcjogI2NjNDM0MzsiPtCR0YPQutC1\n0YIg0LjQtyAyOSDQstC10YLQvtC6INCw0LvRjNGB0YLRgNC+0LzQtdGA0LjQuSwg0L3QsCDQutCw\n0LbQtNC+0Lkg0LjQtyDQutC+0YLQvtGA0YvRhSAtINC90LXRgdC60L7Qu9GM0LrQviDRhtCy0LXR\ngtC+0LIsINC/0L7RhdC+0LbQuNGFINC90LAg0LzQsNC70LXQvdGM0LrQuNC1INC70LjQu9C40Lg8\nYnIgLz48c3Ryb25nPjxiciAvPtCQ0YDRgtC40LrRg9C7OjEzMTAwMzwvc3Ryb25nPjwvc3Bhbj5x\nelUHY29uZ3JhdHF7iVUDc2hlcXyJVQ5pc19yZWNvbW1lbmRlZHF9iFULY2F0ZWdvcnlfaWRxfooB\nKnViSwFoBmNjYXRhbG9nLm1vZGVscwpGbG93ZXIKcX9daAiHUnGAfXGBKFUNbWV0YV9rZXl3b3Jk\nc3GCWAAAAABVBGxvdmVxg4lVB3dlZGRpbmdxhIlVBl9zdGF0ZXGFaBkpgXGGfXGHKFUGYWRkaW5n\ncYiJVQJkYnGJVQdkZWZhdWx0cYp1YlUGaXNfbmV3cYuJVQN2aXBxjIlVBnRoYW5rc3GNiVUCaWRx\njooBFFUQbWV0YV9kZXNjcmlwdGlvbnGPWAAAAABVBXRpdGxlcZBYAAAAAFULYW5uaXZlcnNhcnlx\nkYlVCGludGVyaW9ycZKJVQVzb3JyeXGTiVUNaG9saWRheV9yb3Nlc3GUiVULZGVzY3JpcHRpb25x\nlVi+AAAA0JLQutGA0L7RiNC10YfQvdGL0YUg0LrRgNGD0LbQtdCy0L3Ri9GFINGB0L7RhtCy0LXR\ngtC40Y/RhSDQs9C40L/RgdC+0YTQuNC70Ysg0YPQs9Cw0LTRi9Cy0LDRjtGC0YHRjyDQvNC40LvQ\nu9C40L7QvdGLINGB0L7Qt9Cy0LXQt9C00LjQuSwg0YDQsNGB0YHRi9C/0LDQvdC90YvRhSDQv9C+\nINC90L7Rh9C90L7QvNGDINC90LXQsdGDLnGWVQlob3Jvc2NvcGVxl4lVBXByaWNlcZiKAUZVCWlz\nX2FjdGl2ZXGZiFUKdXBkYXRlZF9hdHGaaCRVCgfdAgUIKhUAAABoJSlScZuGUnGcVQhiaXJ0aGRh\neXGdiVUQYnVzaW5lc3NfYm91cXVldHGeiVUFY2hpbGRxn4lVBHNsdWdxoFgJAAAAZ2lwc29maWxh\ncaFVAmhlcaKJVQRuYW1lcaNYEgAAANCT0LjQv9GB0L7RhNC40LvQsHGkVQpjcmVhdGVkX2F0caVo\nJFUKB90CBQgqFQAAAGibhlJxplUKcHJvbW9ibG9ja3GnWHAFAADQktC60YDQvtGI0LXRh9C90YvR\nhSDQutGA0YPQttC10LLQvdGL0YUg0YHQvtGG0LLQtdGC0LjRj9GFINCz0LjQv9GB0L7RhNC40LvR\niyDRg9Cz0LDQtNGL0LLQsNGO0YLRgdGPINC80LjQu9C70LjQvtC90Ysg0YHQvtC30LLQtdC30LTQ\nuNC5LCDRgNCw0YHRgdGL0L/QsNC90L3Ri9GFINC/0L4g0L3QvtGH0L3QvtC80YMg0L3QtdCx0YMu\nINCR0YPQutC10YLRiyDRgSDRjdGC0LjQvCDQutGA0L7RgtC60LjQvCDQuCDQvdC10LbQvdGL0Lwg\n0YbQstC10YLQutC+0Lwg0L7QsdC70LDQtNCw0Y7RgiDQutCw0LrQvtC5LdGC0L4g0L3QtdCy0LXR\ngNC+0Y/RgtC90L7QuSDQutC+0YHQvNC40YfQtdGB0LrQvtC5INGN0L3QtdGA0LPQtdGC0LjQutC+\n0LkuINCi0L7QvdGH0LDQudGI0LDRjyDQstGD0LDQu9GMINCz0LjQv9GB0L7RhNC40LvRiywg0YHQ\nu9C+0LLQvdC+INC70LXQs9C60LDRjyDRgdCy0LDQtNC10LHQvdCw0Y8g0YTQsNGC0LAsINC/0YDQ\nuNC00LDQtdGCINC30L3QsNC60L7QvNGL0Lwg0YbQstC10YLQsNC8INC+0YHQvtCx0YPRjiDQvdC1\n0LPRgyDQuCDRgtC+0LzQvdC+0YHRgtGMLjxiciAvPjxiciAvPtCR0LvQsNCz0L7QtNCw0YDRjyDR\ngdCy0L7QtdC5INGD0L3QuNC60LDQu9GM0L3QvtC5INGN0YHRgtC10YLQuNC60LUsINCz0LjQv9GB\n0L7RhNC40LvQsCDQv9GA0LjQvNC10L3Rj9C10YLRgdGPINC00LvRjyDRgdC+0LfQtNCw0L3QuNGP\nINGC0YDQtdC/0LXRgtC90YvRhSDRgNC+0LzQsNC90YLQuNGH0LXRgdC60LjRhSDQutC+0LzQv9C+\n0LfQuNGG0LjQuSDQsiDQutC+0LvQu9C10LrRhtC40LggRmxvd2VyLXNob3AucnUg0Lgg0Y/QstC7\n0Y/QtdGC0YHRjyDQvtC00L3QuNC8INC40Lcg0LPQu9Cw0LLQvdGL0YUg0YbQstC10YLQvtCyINGB\n0LLQsNC00LXQsdC90L7QuSDRhNC70L7RgNC40YHRgtC40LrQuC4g0KXQvtGC0Y8g0YTQu9C+0YDQ\nuNGB0YLRiyDQvtGC0LLQvtC00Y/RgiDQs9C40L/RgdC+0YTQuNC70LUg0YDQvtC70Ywg0LLRgdC/\n0L7QvNC+0LPQsNGC0LXQu9GM0L3QvtCz0L4g0YbQstC10YLQvtGH0L3QvtCz0L4g0Y3Qu9C10LzQ\ntdC90YLQsCwg0L7QvdCwINC+0YfQtdC90Ywg0YLRgNC+0LPQsNGC0LXQu9GM0L3QviDQuCDQvdC1\n0LbQvdC+INGB0LzQvtGC0YDQuNGC0YHRjyDQsiDRgdC+0YHRgtCw0LLQtSDRgdCy0LDQtNC10LHQ\nvdC+0LPQviDQsdGD0LrQtdGC0LAt0LTRg9Cx0LvQtdGA0LAuINCQINC+0YLRgdGD0YLRgdGC0LLQ\nuNC1INC+0LPRgNCw0L3QuNGH0LXQvdC40Lkg0L/QviDRgdC10LfQvtC90YMg0LTQtdC70LDQtdGC\nINGN0YLQvtGCINGG0LLQtdGC0L7QuiDQuNC00LXQsNC70YzQvdGL0Lwg0LzQsNGC0LXRgNC40LDQ\nu9C+0Lwg0LTQu9GPINGD0LrRgNCw0YjQtdC90LjRjyDQttC10L3RgdC60LjRhSDQsdGD0LrQtdGC\n0L7Qsi5xqFUHY29uZ3JhdHGpiVUDc2hlcaqJVQ5pc19yZWNvbW1lbmRlZHGriVULY2F0ZWdvcnlf\naWRxrIoBDXViSwFoBmhRXWgIh1JxrX1xrihVDW1ldGFfa2V5d29yZHNxr1gAAAAAVQRsb3ZlcbCJ\nVQd3ZWRkaW5ncbGJVQZfc3RhdGVxsmgZKYFxs31xtChVBmFkZGluZ3G1iVUCZGJxtlUHZGVmYXVs\ndHG3dWJVBmlzX25ld3G4iVUDdmlwcbmJVQZ0aGFua3NxuolVAmlkcbuKAQ1VEG1ldGFfZGVzY3Jp\ncHRpb25xvFgAAAAAVQV0aXRsZXG9WAAAAABVC2Fubml2ZXJzYXJ5cb6JVQhpbnRlcmlvcnG/iVUF\nc29ycnlxwIlVDWhvbGlkYXlfcm9zZXNxwYlVC2Rlc2NyaXB0aW9uccJYtQAAANCo0LjQutCw0YDQ\nvdGL0Lkg0LHRg9C60LXRgiDQuNC3INGA0L7QtyDRgtC10L/Qu9GL0YUg0L7RgtGC0LXQvdC60L7Q\nsiDQv9GA0LXQutGA0LDRgdC90L4g0L/QvtC00L7QudC00LXRgiDQtNC70Y8g0L/QvtC30LTRgNCw\n0LLQu9C10L3QuNGPINGB0LDQvNGL0YUg0LHQu9C40LfQutC40YUg0Lgg0LvRjtCx0LjQvNGL0YVx\nw1UJaG9yb3Njb3BlccSJVQVwcmljZXHFigK6E1UJaXNfYWN0aXZlccaIVQp1cGRhdGVkX2F0ccdo\nJFUKB90CCQgfCAAAAGglKVJxyIZScclVCGJpcnRoZGF5ccqJVRBidXNpbmVzc19ib3VxdWV0ccuJ\nVQVjaGlsZHHMiVUEc2x1Z3HNWA0AAABseXViaW1vai1tYW1lcc5VAmhlcc+JVQRuYW1lcdBYFwAA\nANCb0Y7QsdC40LzQvtC5INCc0LDQvNC1cdFVCmNyZWF0ZWRfYXRx0mgkVQoH3QESCw8LAAAAaMiG\nUnHTVQpwcm9tb2Jsb2NrcdRYMAEAANCe0LHRitC10LzQvdGL0LksINGC0LXQv9C70YvQuSDQsdGD\n0LrQtdGCINGBINC00L7QsdCw0LLQu9C10L3QuNC10Lwg0LjQt9GP0YnQvdC+0LPQviDQsdC10YDQ\ns9GA0LDRgdCwINGB0LrQsNC20LXRgiDQt9CwINCy0LDRgSDRgdCw0LzRi9C1INC40YHQutGA0LXQ\nvdC90LjQtSDQuCDQtNC+0LHRgNGL0LUg0L/QvtC30LTRgNCw0LLQu9C10L3QuNGP0LHQu9C40LfQ\nutC40Lwg0Lgg0LTQvtGA0L7Qs9C40Lwg0LTQu9GPINCS0LDRgSDQu9GO0LTRj9C8PGJyIC8+PGJy\nIC8+PHN0cm9uZz7QkNGA0YLQuNC60YPQuzoxMzEwMDU8L3N0cm9uZz5x1VUHY29uZ3JhdHHWiVUD\nc2hlcdeJVQ5pc19yZWNvbW1lbmRlZHHYiFULY2F0ZWdvcnlfaWRx2YoBFHViSwF1VQNscHBx2ksB\ndS4=\n','2013-02-26 19:26:59'),('5e03854cff7a694d1195aaf7a46d1060','MjQzZDI4OTRiMTM5M2Q5ZmQ1NjlmZGVkNzJkNzZkNDA5Zjc1YjhhMzqAAn1xAS4=\n','2013-02-25 12:59:21'),('5ac516259fdd481aa200c55b591cd231','MjQzZDI4OTRiMTM5M2Q5ZmQ1NjlmZGVkNzJkNzZkNDA5Zjc1YjhhMzqAAn1xAS4=\n','2013-02-25 12:59:22'),('2c954a217371fe32338ff7e39b7f0218','MjQzZDI4OTRiMTM5M2Q5ZmQ1NjlmZGVkNzJkNzZkNDA5Zjc1YjhhMzqAAn1xAS4=\n','2013-02-25 13:10:13'),('4312c83dfac2cd7c642a50fe74372653','MjQzZDI4OTRiMTM5M2Q5ZmQ1NjlmZGVkNzJkNzZkNDA5Zjc1YjhhMzqAAn1xAS4=\n','2013-02-25 13:14:45'),('4e4a9e980f40811896c396c6aa2828c6','MjQzZDI4OTRiMTM5M2Q5ZmQ1NjlmZGVkNzJkNzZkNDA5Zjc1YjhhMzqAAn1xAS4=\n','2013-02-25 13:14:48'),('6650a4327814be522f16e5a442afbe1b','MjQzZDI4OTRiMTM5M2Q5ZmQ1NjlmZGVkNzJkNzZkNDA5Zjc1YjhhMzqAAn1xAS4=\n','2013-02-25 13:18:03'),('ba96852077b9c63425870476510e3acf','MjQzZDI4OTRiMTM5M2Q5ZmQ1NjlmZGVkNzJkNzZkNDA5Zjc1YjhhMzqAAn1xAS4=\n','2013-02-25 13:19:53'),('543e469c6c966aa4d65bcec0b0e60c2b','MjQzZDI4OTRiMTM5M2Q5ZmQ1NjlmZGVkNzJkNzZkNDA5Zjc1YjhhMzqAAn1xAS4=\n','2013-02-25 13:20:31'),('6283aab21312e29c1a093a8a68d1e7f0','MjQzZDI4OTRiMTM5M2Q5ZmQ1NjlmZGVkNzJkNzZkNDA5Zjc1YjhhMzqAAn1xAS4=\n','2013-02-25 13:21:08'),('be70772b5610c4a49d25551bb61d68c5','MjQzZDI4OTRiMTM5M2Q5ZmQ1NjlmZGVkNzJkNzZkNDA5Zjc1YjhhMzqAAn1xAS4=\n','2013-02-25 13:21:14'),('89c7aea95f4cb1bc63b044188f5f9b89','MjQzZDI4OTRiMTM5M2Q5ZmQ1NjlmZGVkNzJkNzZkNDA5Zjc1YjhhMzqAAn1xAS4=\n','2013-02-25 13:22:39'),('5fa270b97e5ca122f853d3ef33fc0bc4','MjQzZDI4OTRiMTM5M2Q5ZmQ1NjlmZGVkNzJkNzZkNDA5Zjc1YjhhMzqAAn1xAS4=\n','2013-02-25 13:32:21'),('f3c592241a9c0459f5c85dbcb1f0de60','MjQzZDI4OTRiMTM5M2Q5ZmQ1NjlmZGVkNzJkNzZkNDA5Zjc1YjhhMzqAAn1xAS4=\n','2013-02-25 14:05:36'),('e5db7b42ce96c2453545df5677391f13','MjQzZDI4OTRiMTM5M2Q5ZmQ1NjlmZGVkNzJkNzZkNDA5Zjc1YjhhMzqAAn1xAS4=\n','2013-02-25 14:35:15'),('5ecdd8221197fb099a7f8e3e06b7512b','MjQzZDI4OTRiMTM5M2Q5ZmQ1NjlmZGVkNzJkNzZkNDA5Zjc1YjhhMzqAAn1xAS4=\n','2013-02-25 14:35:28'),('20d360615c7b3aa0e9c6f51ed1cdd9f1','MjQzZDI4OTRiMTM5M2Q5ZmQ1NjlmZGVkNzJkNzZkNDA5Zjc1YjhhMzqAAn1xAS4=\n','2013-02-25 17:56:30'),('30fd53cfa7ff56886dd083edcf91cbec','MjQzZDI4OTRiMTM5M2Q5ZmQ1NjlmZGVkNzJkNzZkNDA5Zjc1YjhhMzqAAn1xAS4=\n','2013-02-25 18:04:15'),('e884cc0b652b44251980a0e2175c68ba','MjQzZDI4OTRiMTM5M2Q5ZmQ1NjlmZGVkNzJkNzZkNDA5Zjc1YjhhMzqAAn1xAS4=\n','2013-02-25 22:37:15'),('1f90db62e7741b290ed0aed386bb7f62','MjQzZDI4OTRiMTM5M2Q5ZmQ1NjlmZGVkNzJkNzZkNDA5Zjc1YjhhMzqAAn1xAS4=\n','2013-02-26 03:01:14'),('07728288285e79bfd4a7561fad954136','MjQzZDI4OTRiMTM5M2Q5ZmQ1NjlmZGVkNzJkNzZkNDA5Zjc1YjhhMzqAAn1xAS4=\n','2013-02-26 03:57:14'),('8f23a7e3fdc3c17e411a201afa76a7ea','OWI4NzQ1ZjI2ODkxNTM3NzFlMGI4ZGFhOTM1OWZlOTFlMGVmNGQ3MTqAAn1xAShVDV9hdXRoX3Vz\nZXJfaWRxAooBAVUSX2F1dGhfdXNlcl9iYWNrZW5kcQNVKWRqYW5nby5jb250cmliLmF1dGguYmFj\na2VuZHMuTW9kZWxCYWNrZW5kcQRVA2xwcHEFSwF1Lg==\n','2013-02-26 12:55:30'),('604e524d2a4001ae1f3f1f909de5b5bd','MjQzZDI4OTRiMTM5M2Q5ZmQ1NjlmZGVkNzJkNzZkNDA5Zjc1YjhhMzqAAn1xAS4=\n','2013-02-27 02:37:13'),('4d8cd1fe3baf4193950633bd923d3af9','MjQzZDI4OTRiMTM5M2Q5ZmQ1NjlmZGVkNzJkNzZkNDA5Zjc1YjhhMzqAAn1xAS4=\n','2013-02-26 12:16:39'),('2ca511a2702ab1f5016310f3b36fb168','MjQzZDI4OTRiMTM5M2Q5ZmQ1NjlmZGVkNzJkNzZkNDA5Zjc1YjhhMzqAAn1xAS4=\n','2013-02-26 10:41:32'),('ba081e604bd22b03e9146e9b162c42d4','NzY4NWJhYzk2YzQ2ZDA0NDA5NTBjNzg1OGFlOTU4OTk4ZmM3MDVjYzqAAn1xAShVBGNhcnRxAn1x\nAyhjZGphbmdvLmRiLm1vZGVscy5iYXNlCm1vZGVsX3VucGlja2xlCnEEY2NhdGFsb2cubW9kZWxz\nCkJvdXF1ZXQKcQVdY2RqYW5nby5kYi5tb2RlbHMuYmFzZQpzaW1wbGVfY2xhc3NfZmFjdG9yeQpx\nBodScQd9cQgoVQ1tZXRhX2tleXdvcmRzcQlYAAAAAFUEbG92ZXEKiFUHd2VkZGluZ3ELiFUGX3N0\nYXRlcQxjZGphbmdvLmRiLm1vZGVscy5iYXNlCk1vZGVsU3RhdGUKcQ0pgXEOfXEPKFUGYWRkaW5n\ncRCJVQJkYnERVQdkZWZhdWx0cRJ1YlUGaXNfbmV3cROIVQN2aXBxFIhVBnRoYW5rc3EViFUCaWRx\nFooBA1UQbWV0YV9kZXNjcmlwdGlvbnEXWAAAAABVBXRpdGxlcRhYAAAAAFULYW5uaXZlcnNhcnlx\nGYhVCGludGVyaW9ycRqJVQVzb3JyeXEbiFUNaG9saWRheV9yb3Nlc3EciFULZGVzY3JpcHRpb25x\nHVinAAAA0K3RhNGE0LXQutGC0L3Ri9C5INC20LXQvdGB0YLQstC10L3QvdGL0Lkg0LHRg9C60LXR\ngiAtINGB0LDQvNC+INCy0L7Qv9C70L7RidC10L3QuNC1INC+0YfQsNGA0L7QstCw0L3QuNGPINC4\nINC20LjQt9C90LXQu9GO0LHQuNGPLCDQutGA0LDRgdC+0YLRiyDQuCDQvNC+0LvQvtC00L7RgdGC\n0LhxHlUJaG9yb3Njb3BlcR+IVQVwcmljZXEgigIkE1UJaXNfYWN0aXZlcSGIVQp1cGRhdGVkX2F0\ncSJjZGF0ZXRpbWUKZGF0ZXRpbWUKcSNVCgfdAgkIDAEAAABjZGphbmdvLnV0aWxzLnRpbWV6b25l\nClVUQwpxJClScSWGUnEmVQhiaXJ0aGRheXEniFUQYnVzaW5lc3NfYm91cXVldHEoiVUFY2hpbGRx\nKYlVBHNsdWdxKlgOAAAAdnNlLWRseWEtdGVieWFxK1UCaGVxLIlVBG5hbWVxLVgWAAAA0JLRgdC1\nINC00LvRjyDQotC10LHRj3EuVQpjcmVhdGVkX2F0cS9oI1UKB90BEAoQCwAAAGglhlJxMFUKcHJv\nbW9ibG9ja3ExWFEBAAA8cD7QmtGA0YPQv9C90YvQtSDQsdGD0YLQvtC90Ysg0YDQvtC30YsgRXNw\nZXJhbnphINC4INC+0YfQtdC90Ywg0Y/RgNC60LDRjyDQuCDQsNGA0L7QvNCw0YLQvdCw0Y8g0LrR\ng9GB0YLQvtCy0LDRjyDRgNC+0LfQsCDRgdC80L7RgtGA0Y/RgtGB0Y8g0L3QtdCy0LXRgNC+0Y/R\ngtC90L4g0LbQuNCy0L7Qv9C40YHQvdC+INC90LAg0YTQvtC90LUg0LrRgNCw0YHQvtGH0L3Ri9GF\nINGN0LrQt9C+0YLQuNGH0LXRgdC60LjRhSDRhtCy0LXRgtC+0LIg0Lgg0YHQvtGH0L3QvtC5INC3\n0LXQu9C10L3QuC48YnIgLz48YnIgLz48c3Ryb25nPtCQ0YDRgtC40LrRg9C7PC9zdHJvbmc+OiAx\nMzEwMDA8L3A+cTJVB2NvbmdyYXRxM4hVA3NoZXE0iFUOaXNfcmVjb21tZW5kZWRxNYlVC2NhdGVn\nb3J5X2lkcTaKARR1YksBaARoBV1oBodScTd9cTgoVQ1tZXRhX2tleXdvcmRzcTlYAAAAAFUEbG92\nZXE6iFUHd2VkZGluZ3E7iFUGX3N0YXRlcTxoDSmBcT19cT4oVQZhZGRpbmdxP4lVAmRicUBVB2Rl\nZmF1bHRxQXViVQZpc19uZXdxQolVA3ZpcHFDiVUGdGhhbmtzcUSIVQJpZHFFigEEVRBtZXRhX2Rl\nc2NyaXB0aW9ucUZYAAAAAFUFdGl0bGVxR1gAAAAAVQthbm5pdmVyc2FyeXFIiFUIaW50ZXJpb3Jx\nSYlVBXNvcnJ5cUqIVQ1ob2xpZGF5X3Jvc2VzcUuIVQtkZXNjcmlwdGlvbnFMWIkAAADQr9GA0LrQ\nuNC5INCx0YPQutC10YIg0LjQtyAyNSDRgNC+0YHQutC+0YjQvdGL0YUg0YDQvtC3INGBINC60YDR\ng9C/0L3Ri9C80Lgg0LHRg9GC0L7QvdCw0LzQuCDQsiDQvtGA0LjQs9C40L3QsNC70YzQvdC+0Lkg\n0YPQv9Cw0LrQvtCy0LrQtXFNVQlob3Jvc2NvcGVxTohVBXByaWNlcU+KAgIIVQlpc19hY3RpdmVx\nUIhVCnVwZGF0ZWRfYXRxUWgjVQoH3QIJCA8MAAAAaCQpUnFShlJxU1UIYmlydGhkYXlxVIhVEGJ1\nc2luZXNzX2JvdXF1ZXRxVYlVBWNoaWxkcVaJVQRzbHVncVdYCQAAAGthcmF2ZWxsYXFYVQJoZXFZ\niVUEbmFtZXFaWBIAAADQmtCw0YDQsNCy0LXQu9C70LBxW1UKY3JlYXRlZF9hdHFcaCNVCgfdARAN\nOi8AAABoUoZScV1VCnByb21vYmxvY2txXljgAQAA0JrRgNCw0YHQvtGH0L3Ri9C5INCx0YPQutC1\n0YIg0LjQtyDQutGA0YPQv9C90YvRhSDQsdC+0YDQtNC+0LLRi9GFINGA0L7QtyDQsiDQv9C+0LTQ\nsNGA0L7QuiAtINC60LvQsNGB0YHQuNGH0LXRgdC60LjQuSDRgdC/0L7RgdC+0LEg0LLRi9GA0LDQ\nt9C40YLRjCDRgdCy0L7QuCDRh9GD0LLRgdGC0LLQsCDQuNC70Lgg0L/QvtC30LTRgNCw0LLQuNGC\n0Ywg0YEg0L/RgNCw0LfQtNC90LjQutC+0LwuPGJyIC8+PGJyIC8+0JHRg9C60LXRgiDRgdC+0YHR\ngtC+0LjRgiDQuNC3IDI1INGA0L7QtyDRgdC+0YDRgtCwINCk0YDQuNC00YPQvCwg0LLRi9GB0L7R\ngtCwINGB0YLQtdCx0LvRjyA3MCDRgdC8LCDQsiDQvtGE0L7RgNC80LvQtdC90LjQuCDQu9C40YHR\ngtGM0Y/QvNC4INC/0LDQv9C+0YDQvtGC0L3QuNC60LAg0Lgg0YTQtdGC0YDQvtC8LjxiciAvPjxi\nciAvPjxiciAvPjxzdHJvbmc+0JDRgNGC0LjQutGD0Ls8L3N0cm9uZz4mbmJzcDsgMTMxMDAxcV9V\nB2NvbmdyYXRxYIhVA3NoZXFhiFUOaXNfcmVjb21tZW5kZWRxYohVC2NhdGVnb3J5X2lkcWOKARR1\nYksBaARjY2F0YWxvZy5tb2RlbHMKRmxvd2VyCnFkXWgGh1JxZX1xZihVDW1ldGFfa2V5d29yZHNx\nZ1gAAAAAVQRsb3ZlcWiJVQd3ZWRkaW5ncWmJVQZfc3RhdGVxamgNKYFxa31xbChVBmFkZGluZ3Ft\niVUCZGJxblUHZGVmYXVsdHFvdWJVBmlzX25ld3FwiVUDdmlwcXGJVQZ0aGFua3NxcolVAmlkcXOK\nAQVVEG1ldGFfZGVzY3JpcHRpb25xdFgAAAAAVQV0aXRsZXF1WAAAAABVC2Fubml2ZXJzYXJ5cXaJ\nVQhpbnRlcmlvcnF3iVUFc29ycnlxeIlVDWhvbGlkYXlfcm9zZXNxeYlVC2Rlc2NyaXB0aW9ucXpY\naQAAANCl0YDQuNC30LDQvdGC0LXQvNCwIC0g0YHQuNC80LLQvtC7INC00L7Qu9Cz0L7Qu9C10YLQ\nuNGPLCDRgdGH0LDRgdGC0YzRjyDQuCDQsdC70LDQs9C+0YHQvtGB0YLQvtGP0L3QuNGPLnF7VQlo\nb3Jvc2NvcGVxfIlVBXByaWNlcX2KAVBVCWlzX2FjdGl2ZXF+iFUKdXBkYXRlZF9hdHF/aCNVCgfd\nARIIJRYAAABoJClScYCGUnGBVQhiaXJ0aGRheXGCiVUQYnVzaW5lc3NfYm91cXVldHGDiVUFY2hp\nbGRxhIlVBHNsdWdxhVgUAAAAaHJpemFudGVtYS1rdXN0b3ZheWFxhlUCaGVxh4lVBG5hbWVxiFgl\nAAAA0KXRgNC40LfQsNC90YLQtdC80LAg0LrRg9GB0YLQvtCy0LDRj3GJVQpjcmVhdGVkX2F0cYpo\nI1UKB90BEAoyHAAAAGiAhlJxi1UKcHJvbW9ibG9ja3GMWJAAAADQmtGD0YHRgtC+0LLRi9C1INGF\n0YDQuNC30LDQvdGC0LXQvNGLINC/0L7RhdC+0LbQuCDQvdCwINGA0L7QvNCw0YjQutC4LCDQv9C+\nINGN0YLQvtC80YMg0L3QsNC/0L7QvNC40L3QsNGO0YIg0L3QsNC8INC+INC70LXRgtC1INC4INGB\n0L7Qu9C90YbQtS5xjVUHY29uZ3JhdHGOiVUDc2hlcY+JVQ5pc19yZWNvbW1lbmRlZHGQiVULY2F0\nZWdvcnlfaWRxkYoBGHViSwFoBGhkXWgGh1Jxkn1xkyhVDW1ldGFfa2V5d29yZHNxlFgAAAAAVQRs\nb3ZlcZWJVQd3ZWRkaW5ncZaJVQZfc3RhdGVxl2gNKYFxmH1xmShVBmFkZGluZ3GaiVUCZGJxm1UH\nZGVmYXVsdHGcdWJVBmlzX25ld3GdiVUDdmlwcZ6JVQZ0aGFua3Nxn4lVAmlkcaCKAQZVEG1ldGFf\nZGVzY3JpcHRpb25xoVgAAAAAVQV0aXRsZXGiWAAAAABVC2Fubml2ZXJzYXJ5caOJVQhpbnRlcmlv\ncnGkiVUFc29ycnlxpYlVDWhvbGlkYXlfcm9zZXNxpolVC2Rlc2NyaXB0aW9ucadYfAAAANCQ0LvR\njNGB0YLRgNC+0LzQtdGA0LjQuCAtINC60YDQsNGB0LjQstGL0LUg0Lgg0YHRgtC+0LnQutC40LUg\n0YbQstC10YLRiywg0L/QvtGF0L7QttC40LUg0L3QsCDQvNCw0LvQtdC90YzQutC40LUg0LvQuNC7\n0LjQuC5xqFUJaG9yb3Njb3BlcamJVQVwcmljZXGqigFGVQlpc19hY3RpdmVxq4hVCnVwZGF0ZWRf\nYXRxrGgjVQoH3QESCCQcAAAAaCQpUnGthlJxrlUIYmlydGhkYXlxr4lVEGJ1c2luZXNzX2JvdXF1\nZXRxsIlVBWNoaWxkcbGJVQRzbHVncbJYCwAAAGFsc3Ryb21lcmlpcbNVAmhlcbSJVQRuYW1lcbVY\nGAAAANCQ0LvRjNGB0YLRgNC+0LzQtdGA0LjRj3G2VQpjcmVhdGVkX2F0cbdoI1UKB90BEAo7FQAA\nAGithlJxuFUKcHJvbW9ibG9ja3G5WKsAAADQntC90Lgg0LLRi9Cz0L7QtNC90L4g0L7RgtGC0LXQ\nvdGP0Y7RgiDQutGA0LDRgdC+0YLRgyDRgNC+0Lcg0Lgg0YLRjtC70YzQv9Cw0L3QvtCyINC4INC/\n0YDQuNC60YDQsNGB0L3QviDRgdC80L7RgtGA0Y/RgtGB0Y8g0L7RgtC00LXQu9GM0L3QviDQsiDQ\nv9GL0YjQvdGL0YUg0LHRg9C60LXRgtCw0YVxulUHY29uZ3JhdHG7iVUDc2hlcbyJVQ5pc19yZWNv\nbW1lbmRlZHG9iVULY2F0ZWdvcnlfaWRxvooBKnViSwFoBGhkXWgGh1Jxv31xwChVDW1ldGFfa2V5\nd29yZHNxwVgAAAAAVQRsb3ZlccKJVQd3ZWRkaW5nccOJVQZfc3RhdGVxxGgNKYFxxX1xxihVBmFk\nZGluZ3HHiVUCZGJxyFUHZGVmYXVsdHHJdWJVBmlzX25ld3HKiVUDdmlwccuJVQZ0aGFua3NxzIlV\nAmlkcc2KAQdVEG1ldGFfZGVzY3JpcHRpb25xzlgAAAAAVQV0aXRsZXHPWAAAAABVC2Fubml2ZXJz\nYXJ5cdCJVQhpbnRlcmlvcnHRiVUFc29ycnlx0olVDWhvbGlkYXlfcm9zZXNx04lVC2Rlc2NyaXB0\naW9ucdRYkQAAANCt0YPRgdGC0L7QvNCwICjQtNGA0YPQs9C+0LUg0L3QsNC30LLQsNC90LjQtSAt\nINCb0LjQt9C40LDQvdGC0YPRgSkgLSDQvdC10LbQvdCw0Y8sINGC0YDQtdC/0LXRgtC90LDRjyDQ\nuCDQsiDRgtC+INC20LUg0LLRgNC10LzRjyDRgdGC0L7QudC60LDRjy5x1VUJaG9yb3Njb3BlcdaJ\nVQVwcmljZXHXigFaVQlpc19hY3RpdmVx2IhVCnVwZGF0ZWRfYXRx2WgjVQoH3QIFCTQ5AAAAaCQp\nUnHahlJx21UIYmlydGhkYXlx3IlVEGJ1c2luZXNzX2JvdXF1ZXRx3YlVBWNoaWxkcd6JVQRzbHVn\ncd9YBwAAAGV1c3RvbWFx4FUCaGVx4YlVBG5hbWVx4lgOAAAA0K3Rg9GB0YLQvtC80LBx41UKY3Jl\nYXRlZF9hdHHkaCNVCgfdARAMHS8AAABo2oZSceVVCnByb21vYmxvY2tx5lg9AQAA0KHQtNC10LvQ\nsNGC0Ywg0L/QvtC00LDRgNC+0Log0LTQu9GPINC00LXQstGD0YjQutC4LCDQuNC30LHQsNC70L7Q\nstCw0L3QvdC+0Lkg0LLQvdC40LzQsNC90LjQtdC8LCDQv9GA0L7RgdGC0L4sINC10YHQu9C4INCy\n0YvQsdGA0LDRgtGMINC90LXQvtCx0YvRh9C90YvQtSDRhtCy0LXRgtGLLiDQrdGD0YHRgtC+0LzQ\nsCDRh9C10Lwt0YLQviDQv9C+0YXQvtC20LAg0Lgg0L3QsCDQutC+0LvQvtC60L7Qu9GM0YfQuNC6\nLCDQuCDQvdCwINGA0L7Qt9GDLCDQv9GA0Lgg0Y3RgtC+0Lwg0L7QvdCwINC+0YfQtdC90Ywg0LjQ\nvdC00LjQstC40LTRg9Cw0LvRjNC90LBx51UHY29uZ3JhdHHoiVUDc2hlcemJVQ5pc19yZWNvbW1l\nbmRlZHHqiVULY2F0ZWdvcnlfaWRx64oBGnViSwFoBGgFXWgGh1Jx7H1x7ShVDW1ldGFfa2V5d29y\nZHNx7lgAAAAAVQRsb3Zlce+JVQd3ZWRkaW5ncfCJVQZfc3RhdGVx8WgNKYFx8n1x8yhVBmFkZGlu\nZ3H0iVUCZGJx9VUHZGVmYXVsdHH2dWJVBmlzX25ld3H3iVUDdmlwcfiJVQZ0aGFua3Nx+YlVAmlk\ncfqKAQhVEG1ldGFfZGVzY3JpcHRpb25x+1gAAAAAVQV0aXRsZXH8WAAAAABVC2Fubml2ZXJzYXJ5\ncf2JVQhpbnRlcmlvcnH+iVUFc29ycnlx/4lVDWhvbGlkYXlfcm9zZXNyAAEAAIlVC2Rlc2NyaXB0\naW9ucgEBAABYVAAAANCR0YPQutC10YIg0LjQtyDRgtGA0LXQv9C10YLQvdGL0YUg0YDQsNC30L3Q\nvtGG0LLQtdGC0L3Ri9GFINCw0LvRjNGB0YLRgNC+0LzQtdGA0LjQuXICAQAAVQlob3Jvc2NvcGVy\nAwEAAIlVBXByaWNlcgQBAACKAvwIVQlpc19hY3RpdmVyBQEAAIhVCnVwZGF0ZWRfYXRyBgEAAGgj\nVQoH3QIJCBQfAAAAaCQpUnIHAQAAhlJyCAEAAFUIYmlydGhkYXlyCQEAAIlVEGJ1c2luZXNzX2Jv\ndXF1ZXRyCgEAAIlVBWNoaWxkcgsBAACJVQRzbHVncgwBAABYDAAAAGFsc3Ryb21lcml5YXINAQAA\nVQJoZXIOAQAAiVUEbmFtZXIPAQAAWBgAAADQkNC70YzRgdGC0YDQvtC80LXRgNC40Y9yEAEAAFUK\nY3JlYXRlZF9hdHIRAQAAaCNVCgfdARIJCRMAAABqBwEAAIZSchIBAABVCnByb21vYmxvY2tyEwEA\nAFgPAQAAPGJyIC8+PHNwYW4gc3R5bGU9ImNvbG9yOiAjY2M0MzQzOyI+0JHRg9C60LXRgiDQuNC3\nIDI5INCy0LXRgtC+0Log0LDQu9GM0YHRgtGA0L7QvNC10YDQuNC5LCDQvdCwINC60LDQttC00L7Q\nuSDQuNC3INC60L7RgtC+0YDRi9GFIC0g0L3QtdGB0LrQvtC70YzQutC+INGG0LLQtdGC0L7Qsiwg\n0L/QvtGF0L7QttC40YUg0L3QsCDQvNCw0LvQtdC90YzQutC40LUg0LvQuNC70LjQuDxiciAvPjxz\ndHJvbmc+PGJyIC8+0JDRgNGC0LjQutGD0Ls6MTMxMDAzPC9zdHJvbmc+PC9zcGFuPnIUAQAAVQdj\nb25ncmF0chUBAACJVQNzaGVyFgEAAIlVDmlzX3JlY29tbWVuZGVkchcBAACIVQtjYXRlZ29yeV9p\nZHIYAQAAigEqdWJLAWgEaAVdaAaHUnIZAQAAfXIaAQAAKFUNbWV0YV9rZXl3b3Jkc3IbAQAAWAAA\nAABVBGxvdmVyHAEAAIlVB3dlZGRpbmdyHQEAAIlVBl9zdGF0ZXIeAQAAaA0pgXIfAQAAfXIgAQAA\nKFUGYWRkaW5nciEBAACJVQJkYnIiAQAAVQdkZWZhdWx0ciMBAAB1YlUGaXNfbmV3ciQBAACJVQN2\naXByJQEAAIlVBnRoYW5rc3ImAQAAiVUCaWRyJwEAAIoBCVUQbWV0YV9kZXNjcmlwdGlvbnIoAQAA\nWAAAAABVBXRpdGxlcikBAABYAAAAAFULYW5uaXZlcnNhcnlyKgEAAIlVCGludGVyaW9ycisBAACJ\nVQVzb3JyeXIsAQAAiVUNaG9saWRheV9yb3Nlc3ItAQAAiVULZGVzY3JpcHRpb25yLgEAAFiJAAAA\n0KfRg9C00LXRgdC90YvQuSDQsdGD0LrQtdGCINC00LvRjyDQtNC10LLRg9GI0LrQuCwg0LrQvtGC\n0L7RgNCw0Y8g0L/RgNC40LLRi9C60LvQsCDQstGB0LXQs9C00LAg0LHRi9GC0Ywg0LIg0YbQtdC9\n0YLRgNC1INCy0L3QuNC80LDQvdC40Y9yLwEAAFUJaG9yb3Njb3BlcjABAACJVQVwcmljZXIxAQAA\nigKeB1UJaXNfYWN0aXZlcjIBAACIVQp1cGRhdGVkX2F0cjMBAABoI1UKB90CCQgXJgAAAGgkKVJy\nNAEAAIZScjUBAABVCGJpcnRoZGF5cjYBAACJVRBidXNpbmVzc19ib3VxdWV0cjcBAACJVQVjaGls\nZHI4AQAAiVUEc2x1Z3I5AQAAWAcAAAB2YXJ5YWNocjoBAABVAmhlcjsBAACJVQRuYW1lcjwBAABY\nEAAAANCc0L7QvdC80LDRgNGC0YByPQEAAFUKY3JlYXRlZF9hdHI+AQAAaCNVCgfdARIJNiYAAABq\nNAEAAIZScj8BAABVCnByb21vYmxvY2tyQAEAAFjdAAAA0JjQt9GL0YHQutCw0L3QvdGL0Lkg0Lgg\n0YPRgtC+0L3Rh9C10L3QvdGL0Lkg0LTRg9GN0YIg0LPRgNCw0YbQuNC+0LfQvdGL0YUg0LHQtdC7\n0YvRhSDQuCDQsdC+0YDQtNC+0LLRi9GFINGA0L7Qtywg0L7QutGA0YPQttC10L0g0LLQvtC30LTR\ng9GI0L3Ri9C8INC+0YTQvtGA0LzQu9C10L3QuNC10Lw8YnIgLz48YnIgLz48c3Ryb25nPtCQ0YDR\ngtC40LrRg9C7OiAxMzEwMDQ8L3N0cm9uZz5yQQEAAFUHY29uZ3JhdHJCAQAAiVUDc2hlckMBAACJ\nVQ5pc19yZWNvbW1lbmRlZHJEAQAAiVULY2F0ZWdvcnlfaWRyRQEAAIoBFHViSwFoBGhkXWgGh1Jy\nRgEAAH1yRwEAAChVDW1ldGFfa2V5d29yZHNySAEAAFgAAAAAVQRsb3ZlckkBAACJVQd3ZWRkaW5n\nckoBAACJVQZfc3RhdGVySwEAAGgNKYFyTAEAAH1yTQEAAChVBmFkZGluZ3JOAQAAiVUCZGJyTwEA\nAFUHZGVmYXVsdHJQAQAAdWJVBmlzX25ld3JRAQAAiVUDdmlwclIBAACJVQZ0aGFua3NyUwEAAIlV\nAmlkclQBAACKAQpVEG1ldGFfZGVzY3JpcHRpb25yVQEAAFgAAAAAVQV0aXRsZXJWAQAAWAAAAABV\nC2Fubml2ZXJzYXJ5clcBAACJVQhpbnRlcmlvcnJYAQAAiVUFc29ycnlyWQEAAIlVDWhvbGlkYXlf\ncm9zZXNyWgEAAIlVC2Rlc2NyaXB0aW9uclsBAABYSgAAANCc0LjQu9GL0LUg0Lgg0L/RgNC+0YHR\ngtGL0LUg0YDQvtC80LDRiNC60LggLSDRgtC10L/Qu9GL0LUg0Lgg0YDQvtC00L3Ri9C1clwBAABV\nCWhvcm9zY29wZXJdAQAAiVUFcHJpY2VyXgEAAIoBRlUJaXNfYWN0aXZlcl8BAACIVQp1cGRhdGVk\nX2F0cmABAABoI1UKB90BEggiJQAAAGgkKVJyYQEAAIZScmIBAABVCGJpcnRoZGF5cmMBAACJVRBi\ndXNpbmVzc19ib3VxdWV0cmQBAACJVQVjaGlsZHJlAQAAiVUEc2x1Z3JmAQAAWAgAAAByb21hc2hr\naXJnAQAAVQJoZXJoAQAAiVUEbmFtZXJpAQAAWA4AAADQoNC+0LzQsNGI0LrQuHJqAQAAVQpjcmVh\ndGVkX2F0cmsBAABoI1UKB90BEggQHAAAAGphAQAAhlJybAEAAFUKcHJvbW9ibG9ja3JtAQAAWAAA\nAABVB2NvbmdyYXRybgEAAIlVA3NoZXJvAQAAiVUOaXNfcmVjb21tZW5kZWRycAEAAIlVC2NhdGVn\nb3J5X2lkcnEBAACKARl1YksBaARoZF1oBodScnIBAAB9cnMBAAAoVQ1tZXRhX2tleXdvcmRzcnQB\nAABYAAAAAFUEbG92ZXJ1AQAAiVUHd2VkZGluZ3J2AQAAiVUGX3N0YXRlcncBAABoDSmBcngBAAB9\ncnkBAAAoVQZhZGRpbmdyegEAAIlVAmRicnsBAABVB2RlZmF1bHRyfAEAAHViVQZpc19uZXdyfQEA\nAIlVA3ZpcHJ+AQAAiVUGdGhhbmtzcn8BAACJVQJpZHKAAQAAigELVRBtZXRhX2Rlc2NyaXB0aW9u\ncoEBAABYAAAAAFUFdGl0bGVyggEAAFgAAAAAVQthbm5pdmVyc2FyeXKDAQAAiVUIaW50ZXJpb3Jy\nhAEAAIlVBXNvcnJ5coUBAACJVQ1ob2xpZGF5X3Jvc2VzcoYBAACJVQtkZXNjcmlwdGlvbnKHAQAA\nWM8AAADQo9C90LjQutCw0LvRjNC90YvQtSDQvtGA0YXQuNC00LXQuCDQktCw0L3QtNCwINC40LzQ\ntdGO0YIg0L3QsNGB0YvRidC10L3QvdGL0LUg0L7RgtGC0LXQvdC60LgsINC60L7RgtC+0YDRi9C1\nINC80L7QttC90L4g0YHRgNCw0LLQvdC40YLRjCDRgSDQutGA0LDRgdC+0YfQvdGL0LzQuCDRjdC6\n0LfQvtGC0LjRh9C10YHQutC40LzQuCDQsdCw0LHQvtGH0LrQsNC80LhyiAEAAFUJaG9yb3Njb3Bl\ncokBAACJVQVwcmljZXKKAQAAigKWAFUJaXNfYWN0aXZlcosBAACIVQp1cGRhdGVkX2F0cowBAABo\nI1UKB90BEgghLgAAAGgkKVJyjQEAAIZSco4BAABVCGJpcnRoZGF5co8BAACJVRBidXNpbmVzc19i\nb3VxdWV0cpABAACJVQVjaGlsZHKRAQAAiVUEc2x1Z3KSAQAAWA4AAABvcmhpZGV5YS12YW5kYXKT\nAQAAVQJoZXKUAQAAiVUEbmFtZXKVAQAAWBkAAADQntGA0YXQuNC00LXRjyDQktCw0L3QtNCwcpYB\nAABVCmNyZWF0ZWRfYXRylwEAAGgjVQoH3QESCBoBAAAAao0BAACGUnKYAQAAVQpwcm9tb2Jsb2Nr\ncpkBAABYAAAAAFUHY29uZ3JhdHKaAQAAiVUDc2hlcpsBAACJVQ5pc19yZWNvbW1lbmRlZHKcAQAA\niVULY2F0ZWdvcnlfaWRynQEAAIoBGnViSwFoBGhkXWgGh1JyngEAAH1ynwEAAChVDW1ldGFfa2V5\nd29yZHNyoAEAAFgAAAAAVQRsb3ZlcqEBAACJVQd3ZWRkaW5ncqIBAACJVQZfc3RhdGVyowEAAGgN\nKYFypAEAAH1ypQEAAChVBmFkZGluZ3KmAQAAiVUCZGJypwEAAFUHZGVmYXVsdHKoAQAAdWJVBmlz\nX25ld3KpAQAAiVUDdmlwcqoBAACJVQZ0aGFua3NyqwEAAIlVAmlkcqwBAACKAQxVEG1ldGFfZGVz\nY3JpcHRpb25yrQEAAFgAAAAAVQV0aXRsZXKuAQAAWAAAAABVC2Fubml2ZXJzYXJ5cq8BAACJVQhp\nbnRlcmlvcnKwAQAAiVUFc29ycnlysQEAAIlVDWhvbGlkYXlfcm9zZXNysgEAAIlVC2Rlc2NyaXB0\naW9ucrMBAABYbQAAANCT0LXRgNCx0LXRgNCwIC0g0YHQvtC70L3QtdGH0L3Ri9C1INGG0LLQtdGC\n0YssINCy0YvRgNCw0LbQsNGO0YIg0YDQsNC00L7RgdGC0Ywg0Lgg0LvRjtCx0L7QstGMINC6INC2\n0LjQt9C90LhytAEAAFUJaG9yb3Njb3BlcrUBAACJVQVwcmljZXK2AQAAigFQVQlpc19hY3RpdmVy\ntwEAAIhVCnVwZGF0ZWRfYXRyuAEAAGgjVQoH3QESCCELAAAAaCQpUnK5AQAAhlJyugEAAFUIYmly\ndGhkYXlyuwEAAIlVEGJ1c2luZXNzX2JvdXF1ZXRyvAEAAIlVBWNoaWxkcr0BAACJVQRzbHVncr4B\nAABYBwAAAGdlcmJlcmFyvwEAAFUCaGVywAEAAIlVBG5hbWVywQEAAFgOAAAA0JPQtdGA0LHQtdGA\n0LBywgEAAFUKY3JlYXRlZF9hdHLDAQAAaCNVCgfdARIIHAgAAABquQEAAIZScsQBAABVCnByb21v\nYmxvY2tyxQEAAFgAAAAAVQdjb25ncmF0csYBAACJVQNzaGVyxwEAAIlVDmlzX3JlY29tbWVuZGVk\ncsgBAACJVQtjYXRlZ29yeV9pZHLJAQAAigEXdWJLAWgEaAVdaAaHUnLKAQAAfXLLAQAAKFUNbWV0\nYV9rZXl3b3Jkc3LMAQAAWAAAAABVBGxvdmVyzQEAAIlVB3dlZGRpbmdyzgEAAIlVBl9zdGF0ZXLP\nAQAAaA0pgXLQAQAAfXLRAQAAKFUGYWRkaW5nctIBAACJVQJkYnLTAQAAVQdkZWZhdWx0ctQBAAB1\nYlUGaXNfbmV3ctUBAACJVQN2aXBy1gEAAIlVBnRoYW5rc3LXAQAAiVUCaWRy2AEAAIoBDVUQbWV0\nYV9kZXNjcmlwdGlvbnLZAQAAWAAAAABVBXRpdGxlctoBAABYAAAAAFULYW5uaXZlcnNhcnly2wEA\nAIlVCGludGVyaW9yctwBAACJVQVzb3JyeXLdAQAAiVUNaG9saWRheV9yb3Nlc3LeAQAAiVULZGVz\nY3JpcHRpb25y3wEAAFi1AAAA0KjQuNC60LDRgNC90YvQuSDQsdGD0LrQtdGCINC40Lcg0YDQvtC3\nINGC0LXQv9C70YvRhSDQvtGC0YLQtdC90LrQvtCyINC/0YDQtdC60YDQsNGB0L3QviDQv9C+0LTQ\nvtC50LTQtdGCINC00LvRjyDQv9C+0LfQtNGA0LDQstC70LXQvdC40Y8g0YHQsNC80YvRhSDQsdC7\n0LjQt9C60LjRhSDQuCDQu9GO0LHQuNC80YvRhXLgAQAAVQlob3Jvc2NvcGVy4QEAAIlVBXByaWNl\ncuIBAACKAroTVQlpc19hY3RpdmVy4wEAAIhVCnVwZGF0ZWRfYXRy5AEAAGgjVQoH3QIJCB8IAAAA\naCQpUnLlAQAAhlJy5gEAAFUIYmlydGhkYXly5wEAAIlVEGJ1c2luZXNzX2JvdXF1ZXRy6AEAAIlV\nBWNoaWxkcukBAACJVQRzbHVncuoBAABYDQAAAGx5dWJpbW9qLW1hbWVy6wEAAFUCaGVy7AEAAIlV\nBG5hbWVy7QEAAFgXAAAA0JvRjtCx0LjQvNC+0Lkg0JzQsNC80LVy7gEAAFUKY3JlYXRlZF9hdHLv\nAQAAaCNVCgfdARILDwsAAABq5QEAAIZScvABAABVCnByb21vYmxvY2ty8QEAAFgwAQAA0J7QsdGK\n0LXQvNC90YvQuSwg0YLQtdC/0LvRi9C5INCx0YPQutC10YIg0YEg0LTQvtCx0LDQstC70LXQvdC4\n0LXQvCDQuNC30Y/RidC90L7Qs9C+INCx0LXRgNCz0YDQsNGB0LAg0YHQutCw0LbQtdGCINC30LAg\n0LLQsNGBINGB0LDQvNGL0LUg0LjRgdC60YDQtdC90L3QuNC1INC4INC00L7QsdGA0YvQtSDQv9C+\n0LfQtNGA0LDQstC70LXQvdC40Y/QsdC70LjQt9C60LjQvCDQuCDQtNC+0YDQvtCz0LjQvCDQtNC7\n0Y8g0JLQsNGBINC70Y7QtNGP0Lw8YnIgLz48YnIgLz48c3Ryb25nPtCQ0YDRgtC40LrRg9C7OjEz\nMTAwNTwvc3Ryb25nPnLyAQAAVQdjb25ncmF0cvMBAACJVQNzaGVy9AEAAIlVDmlzX3JlY29tbWVu\nZGVkcvUBAACIVQtjYXRlZ29yeV9pZHL2AQAAigEUdWJLAWgEaGRdaAaHUnL3AQAAfXL4AQAAKFUN\nbWV0YV9rZXl3b3Jkc3L5AQAAWAAAAABVBGxvdmVy+gEAAIlVB3dlZGRpbmdy+wEAAIlVBl9zdGF0\nZXL8AQAAaA0pgXL9AQAAfXL+AQAAKFUGYWRkaW5ncv8BAACJVQJkYnIAAgAAVQdkZWZhdWx0cgEC\nAAB1YlUGaXNfbmV3cgICAACJVQN2aXByAwIAAIlVBnRoYW5rc3IEAgAAiVUCaWRyBQIAAIoBD1UQ\nbWV0YV9kZXNjcmlwdGlvbnIGAgAAWAAAAABVBXRpdGxlcgcCAABYAAAAAFULYW5uaXZlcnNhcnly\nCAIAAIlVCGludGVyaW9ycgkCAACJVQVzb3JyeXIKAgAAiVUNaG9saWRheV9yb3Nlc3ILAgAAiVUL\nZGVzY3JpcHRpb25yDAIAAFjHAAAA0K/RgNC60LDRjyDQutGA0LDRgdC+0YLQsCwg0LPRgNCw0YbQ\nuNC+0LfQvdC+0YHRgtGMLCDRgNC+0YHQutC+0YjRjCDQuCwg0LIg0YLQviDQttC1INCy0YDQtdC8\n0Y8sINC40LTQuNCy0LjRgtC10LvRjNC90LDRjyDQuNC30Y/RidC90L7RgdGC0YwgLSDQstC+0YIg\n0YfRgtC+INC+0YLQu9C40YfQsNC10YIg0LrRg9GB0YLQvtCy0YvQtSDRgNC+0LfRi3INAgAAVQlo\nb3Jvc2NvcGVyDgIAAIlVBXByaWNlcg8CAACKAW5VCWlzX2FjdGl2ZXIQAgAAiFUKdXBkYXRlZF9h\ndHIRAgAAaCNVCgfdARIILjAAAABoJClSchICAACGUnITAgAAVQhiaXJ0aGRheXIUAgAAiVUQYnVz\naW5lc3NfYm91cXVldHIVAgAAiVUFY2hpbGRyFgIAAIlVBHNsdWdyFwIAAFgOAAAAcm96YS1rdXN0\nb3ZheWFyGAIAAFUCaGVyGQIAAIlVBG5hbWVyGgIAAFgZAAAA0KDQvtC30LAg0LrRg9GB0YLQvtCy\n0LDRj3IbAgAAVQpjcmVhdGVkX2F0chwCAABoI1UKB90BEgguMAAAAGoSAgAAhlJyHQIAAFUKcHJv\nbW9ibG9ja3IeAgAAWAAAAABVB2NvbmdyYXRyHwIAAIlVA3NoZXIgAgAAiVUOaXNfcmVjb21tZW5k\nZWRyIQIAAIlVC2NhdGVnb3J5X2lkciICAACKARR1YksBaARoZF1oBodSciMCAAB9ciQCAAAoVQ1t\nZXRhX2tleXdvcmRzciUCAABYAAAAAFUEbG92ZXImAgAAiVUHd2VkZGluZ3InAgAAiVUGX3N0YXRl\ncigCAABoDSmBcikCAAB9cioCAAAoVQZhZGRpbmdyKwIAAIlVAmRiciwCAABVB2RlZmF1bHRyLQIA\nAHViVQZpc19uZXdyLgIAAIlVA3ZpcHIvAgAAiVUGdGhhbmtzcjACAACJVQJpZHIxAgAAigEQVRBt\nZXRhX2Rlc2NyaXB0aW9ucjICAABYAAAAAFUFdGl0bGVyMwIAAFgAAAAAVQthbm5pdmVyc2FyeXI0\nAgAAiVUIaW50ZXJpb3JyNQIAAIlVBXNvcnJ5cjYCAACJVQ1ob2xpZGF5X3Jvc2VzcjcCAACJVQtk\nZXNjcmlwdGlvbnI4AgAAWAcBAADQotC+0L3QutC40LUg0LvQuNGB0YLRjNGPINGN0YLQvtCz0L4g\n0YDQsNGB0YLQtdC90LjRjywg0L/QvtGF0L7QttC40LUg0L3QsCDQuNC30YPQvNGA0YPQtNC90YvQ\ntSDQvdC40YLQuCwg0LTQvtCx0LDQstC70Y/RjtGCINGG0LLQtdGC0L7Rh9C90YvQvCDQutC+0LzQ\nv9C+0LfQuNGG0LjRj9C8INC40LfRi9GB0LrQsNC90L3QvtGB0YLRjCwg0YPRgtC+0L3Rh9C10L3Q\nvdC+0YHRgtGMLCDQv9GL0YjQvdC+0YHRgtGMINC4INGN0LvQtdCz0LDQvdGC0L3QvtGB0YLRjHI5\nAgAAVQlob3Jvc2NvcGVyOgIAAIlVBXByaWNlcjsCAACKAR5VCWlzX2FjdGl2ZXI8AgAAiFUKdXBk\nYXRlZF9hdHI9AgAAaCNVCgfdARILGR0AAABoJClScj4CAACGUnI/AgAAVQhiaXJ0aGRheXJAAgAA\niVUQYnVzaW5lc3NfYm91cXVldHJBAgAAiVUFY2hpbGRyQgIAAIlVBHNsdWdyQwIAAFgJAAAAYmVh\ncmdyYXNzckQCAABVAmhlckUCAACJVQRuYW1lckYCAABYEgAAANCR0LXQsNGA0LPRgNCw0YHRgXJH\nAgAAVQpjcmVhdGVkX2F0ckgCAABoI1UKB90BEgsZHQAAAGo+AgAAhlJySQIAAFUKcHJvbW9ibG9j\na3JKAgAAWAAAAABVB2NvbmdyYXRySwIAAIlVA3NoZXJMAgAAiVUOaXNfcmVjb21tZW5kZWRyTQIA\nAIlVC2NhdGVnb3J5X2lkck4CAACKAQ11YksBaARoZF1oBodSck8CAAB9clACAAAoVQ1tZXRhX2tl\neXdvcmRzclECAABYAAAAAFUEbG92ZXJSAgAAiVUHd2VkZGluZ3JTAgAAiVUGX3N0YXRlclQCAABo\nDSmBclUCAAB9clYCAAAoVQZhZGRpbmdyVwIAAIlVAmRiclgCAABVB2RlZmF1bHRyWQIAAHViVQZp\nc19uZXdyWgIAAIlVA3ZpcHJbAgAAiVUGdGhhbmtzclwCAACJVQJpZHJdAgAAigERVRBtZXRhX2Rl\nc2NyaXB0aW9ucl4CAABYAAAAAFUFdGl0bGVyXwIAAFgAAAAAVQthbm5pdmVyc2FyeXJgAgAAiVUI\naW50ZXJpb3JyYQIAAIlVBXNvcnJ5cmICAACJVQ1ob2xpZGF5X3Jvc2VzcmMCAACJVQtkZXNjcmlw\ndGlvbnJkAgAAWKgAAADQmNC30YPQvNGA0YPQtNC90YvQtSDQstC10YLQvtGH0LrQuCDRjdCy0LrQ\nsNC70LjQv9GC0LAg0J/QsNGA0LLQuNGE0L7Qu9C40Y8g0L7Rh9C10L3RjCDQuNC30YvRgdC60LDQ\nvdC90L4g0YHQvNC+0YLRgNGP0YLRgdGPINCyINCx0YPQutC10YLQsNGFINC4INC60L7QvNC/0L7Q\nt9C40YbQuNGP0YVyZQIAAFUJaG9yb3Njb3BlcmYCAACJVQVwcmljZXJnAgAAigEyVQlpc19hY3Rp\ndmVyaAIAAIhVCnVwZGF0ZWRfYXRyaQIAAGgjVQoH3QESCyQaAAAAaCQpUnJqAgAAhlJyawIAAFUI\nYmlydGhkYXlybAIAAIlVEGJ1c2luZXNzX2JvdXF1ZXRybQIAAIlVBWNoaWxkcm4CAACJVQRzbHVn\ncm8CAABYFAAAAGV2a2FsaXB0LXBhcnZpZm9saXlhcnACAABVAmhlcnECAACJVQRuYW1lcnICAABY\nJQAAANCt0LLQutCw0LvQuNC/0YIg0J/QsNGA0LLQuNGE0L7Qu9C40Y9ycwIAAFUKY3JlYXRlZF9h\ndHJ0AgAAaCNVCgfdARILJBoAAABqagIAAIZScnUCAABVCnByb21vYmxvY2tydgIAAFgAAAAAVQdj\nb25ncmF0cncCAACJVQNzaGVyeAIAAIlVDmlzX3JlY29tbWVuZGVkcnkCAACJVQtjYXRlZ29yeV9p\nZHJ6AgAAigENdWJLAWgEaAVdaAaHUnJ7AgAAfXJ8AgAAKFUNbWV0YV9rZXl3b3Jkc3J9AgAAWAAA\nAABVBGxvdmVyfgIAAIlVB3dlZGRpbmdyfwIAAIhVBl9zdGF0ZXKAAgAAaA0pgXKBAgAAfXKCAgAA\nKFUGYWRkaW5ncoMCAACJVQJkYnKEAgAAVQdkZWZhdWx0coUCAAB1YlUGaXNfbmV3coYCAACJVQN2\naXByhwIAAIlVBnRoYW5rc3KIAgAAiVUCaWRyiQIAAIoBElUQbWV0YV9kZXNjcmlwdGlvbnKKAgAA\nWAAAAABVBXRpdGxlcosCAABYAAAAAFULYW5uaXZlcnNhcnlyjAIAAIlVCGludGVyaW9yco0CAACJ\nVQVzb3JyeXKOAgAAiVUNaG9saWRheV9yb3Nlc3KPAgAAiVULZGVzY3JpcHRpb25ykAIAAFhUAAAA\n0JjQt9GL0YHQutCw0L3QvdGL0Lkg0LHRg9C60LXRgiDQvdC10LLQtdGB0YLRiyDQsiDQsdC10LvQ\nvi3RgNC+0LfQvtCy0L7QuSDQs9Cw0LzQvNC1cpECAABVCWhvcm9zY29wZXKSAgAAiVUFcHJpY2Vy\nkwIAAIoCngdVCWlzX2FjdGl2ZXKUAgAAiFUKdXBkYXRlZF9hdHKVAgAAaCNVCgfdAgkIIzkAAABo\nJClScpYCAACGUnKXAgAAVQhiaXJ0aGRheXKYAgAAiVUQYnVzaW5lc3NfYm91cXVldHKZAgAAiVUF\nY2hpbGRymgIAAIlVBHNsdWdymwIAAFgPAAAAYnVrZXQtbmV2ZXN0eS0ycpwCAABVAmhlcp0CAACJ\nVQRuYW1lcp4CAABYHgAAANCR0YPQutC10YIg0L3QtdCy0LXRgdGC0Ysg4oSWMnKfAgAAVQpjcmVh\ndGVkX2F0cqACAABoI1UKB90CBQkQKQAAAGqWAgAAhlJyoQIAAFUKcHJvbW9ibG9ja3KiAgAAWMAA\nAADQmNC30Y/RidC90YvQuSDRgdCy0LDQtNC10LHQvdGL0Lkg0LHRg9C60LXRgiDQuNC3INGA0L7Q\nt9C+0LLRi9GFLCDQutGA0LXQvNC+0LLRi9GFINGA0L7QtyDQuCDQsdC10LvRi9GFINGN0LrQt9C+\n0YLQuNGH0LXRgdC60LjRhSDRhtCy0LXRgtC+0LIuPGJyIC8+PGJyIC8+PHN0cm9uZz7QkNGA0YLQ\nuNC60YPQuyAxMzEwMDg8L3N0cm9uZz5yowIAAFUHY29uZ3JhdHKkAgAAiVUDc2hlcqUCAACJVQ5p\nc19yZWNvbW1lbmRlZHKmAgAAiVULY2F0ZWdvcnlfaWRypwIAAIoBWHViSwFoBGhkXWgGh1JyqAIA\nAH1yqQIAAChVDW1ldGFfa2V5d29yZHNyqgIAAFgAAAAAVQRsb3ZlcqsCAACJVQd3ZWRkaW5ncqwC\nAACJVQZfc3RhdGVyrQIAAGgNKYFyrgIAAH1yrwIAAChVBmFkZGluZ3KwAgAAiVUCZGJysQIAAFUH\nZGVmYXVsdHKyAgAAdWJVBmlzX25ld3KzAgAAiVUDdmlwcrQCAACJVQZ0aGFua3NytQIAAIlVAmlk\ncrYCAACKARNVEG1ldGFfZGVzY3JpcHRpb25ytwIAAFgAAAAAVQV0aXRsZXK4AgAAWAAAAABVC2Fu\nbml2ZXJzYXJ5crkCAACJVQhpbnRlcmlvcnK6AgAAiVUFc29ycnlyuwIAAIlVDWhvbGlkYXlfcm9z\nZXNyvAIAAIlVC2Rlc2NyaXB0aW9ucr0CAABYaQAAANCl0YDQuNC30LDQvdGC0LXQvNCwIC0g0YHQ\nuNC80LLQvtC7INC00L7Qu9Cz0L7Qu9C10YLQuNGPLCDRgdGH0LDRgdGC0YzRjyDQuCDQsdC70LDQ\ns9C+0YHQvtGB0YLQvtGP0L3QuNGPLnK+AgAAVQlob3Jvc2NvcGVyvwIAAIlVBXByaWNlcsACAACK\nAUZVCWlzX2FjdGl2ZXLBAgAAiFUKdXBkYXRlZF9hdHLCAgAAaCNVCgfdAgUIITYAAABoJClScsMC\nAACGUnLEAgAAVQhiaXJ0aGRheXLFAgAAiVUQYnVzaW5lc3NfYm91cXVldHLGAgAAiVUFY2hpbGRy\nxwIAAIlVBHNsdWdyyAIAAFgVAAAAaHJpemFudGVtYS1hbmFzdGFzaXlhcskCAABVAmhlcsoCAACJ\nVQRuYW1lcssCAABYJwAAANCl0YDQuNC30LDQvdGC0LXQvNCwINCQ0L3QsNGB0YLQsNGB0LjRj3LM\nAgAAVQpjcmVhdGVkX2F0cs0CAABoI1UKB90CBQgfEAAAAGrDAgAAhlJyzgIAAFUKcHJvbW9ibG9j\na3LPAgAAWHcGAADQntGB0L3QvtCy0L3QvtC1INC+0YLQu9C40YfQuNC1INGF0YDQuNC30LDQvdGC\n0LXQvCDQkNC90LDRgdGC0LDRgdC40Y8g0L7RgiDRgdCy0L7QuNGFINGB0L7QsdGA0LDRgtGM0LXQ\nsiAmbmRhc2g7INC40LfRj9GJ0L3Ri9C1INGC0L7QvdC60LjQtSDQu9C10L/QtdGB0YLQutC4LCDQ\nt9CwINGB0YfQtdGCINC60L7RgtC+0YDRi9GFINGG0LLQtdGC0Ysg0LrQsNC20YPRgtGB0Y8g0L/R\ng9GI0LjRgdGC0YvQvNC4INC4INCyINC60L7QvNC/0L7Qt9C40YbQuNGP0YUg0YHQsNC70L7QvdCw\nIEFtZWxpYS1zaG9wLnJ1INGB0LzQvtGC0YDRj9GC0YHRjyDQvtGH0LXQvdGMINGC0YDQvtCz0LDR\ngtC10LvRjNC90L4g0Lgg0L7RgNC40LPQuNC90LDQu9GM0L3Qvi48YnIgLz48YnIgLz7QptCy0LXR\ngtC60Lgg0JDQvdCw0YHRgtCw0YHQuNC4INCyINC/0L7Qu9C90L7QvCDRgNC+0YHQv9GD0YHQutC1\nINC00L7RgdGC0LjQs9Cw0Y7RgiAxNyDRgdC8ISDQldGB0YLQtdGB0YLQstC10L3QvdC+LCDRh9GC\n0L4g0YLQsNC60L7QtSDRh9GD0LTQviDRhNC70L7RgNC40YHRgtC40LrQuCDQstGL0LfQstCw0LvQ\nviDQsdC+0LvRjNGI0L7QuSDQsNC20LjQvtGC0LDQtiDQsiDRhtCy0LXRgtC+0YfQvdC+0Lwg0LzQ\nuNGA0LUg0Lgg0L/RgNC+0YHRgtC+INC90LUg0LzQvtCz0LvQviDQvdC1INC/0L7Rj9Cy0LjRgtGM\n0YHRjyDQsiDQvdCw0YjQtdC8INC60LDRgtCw0LvQvtCz0LUuPGJyIC8+PGJyIC8+0K3Qu9C10LPQ\nsNC90YLQvdGL0LUg0LHQtdC70YvQtSwg0LbQtdC70YLRi9C1LCDQt9C10LvQtdC90YvQtSDQuNC7\n0Lgg0YDQvtC30L7QstGL0LUg0YbQstC10YLQutC4INGF0YDQuNC30LDQvdGC0LXQvNGLINCQ0L3Q\nsNGB0YLQsNGB0LjRjyDQstC10LvQuNC60L7Qu9C10L/QvdC+INGB0LzQvtGC0YDRj9GC0YHRjyDQ\nsiDQutCw0YfQtdGB0YLQstC1INGB0LDQvNC+0YHRgtC+0Y/RgtC10LvRjNC90L7Qs9C+INCx0YPQ\nutC10YLQsC4g0JjRhSDQutGA0LDRgdC+0YLQsCDQuCDRg9GC0L7QvdGH0LXQvdC90L7RgdGC0Yws\nINGN0YTRhNC10LrRgtC90L4g0L/QvtC00YfQtdGA0LrQvdGD0YLRi9C1INGE0LvQvtGA0LjRgdGC\n0LDQvNC4IEFtZWxpYS1zaG9wLnJ1LCDQsdGD0LTRg9GCINC/0L4g0LTQvtGB0YLQvtC40L3RgdGC\n0LLRgyDQvtGG0LXQvdC10L3RiyDQuNGB0YLQuNC90L3Ri9C80Lgg0Y3RgdGC0LXRgtCw0LzQuC4g\n0JIg0LDRgNCw0L3QttC40YDQvtCy0LrQtSDQttC1INGBINC00YDRg9Cz0LjQvNC4INGG0LLQtdGC\n0LDQvNC4INCQ0L3QsNGB0YLQsNGB0LjRjyDQtNCw0YDQuNGCINC90L7QstC+0LUg0LLQv9C10YfQ\nsNGC0LvQtdC90LjQtTog0LLQvdC+0YHQuNGCINC90L7RgtC60Lgg0YLQvtGA0LbQtdGB0YLQstC1\n0L3QvdC+0YHRgtC4INC4INGD0LTQuNCy0LjRgtC10LvRjNC90L7QuSDQu9C10LPQutC+0YHRgtC4\nLjxiciAvPjxiciAvPtCV0LbQtdC00L3QtdCy0L3QviDQvNC10L3Rj9GPINCyINCy0LDQt9C1INCy\n0L7QtNGDLCDQvNC+0LbQvdC+INC/0YDQvtC00LvQuNGC0Ywg0LbQuNC30L3RjCDRjdGC0LjRhSDR\nhdGA0LjQt9Cw0L3RgtC10LwuINCi0LDQuiDQttC1INGN0YLQuCDRhtCy0LXRgtGLINC90LUg0YDQ\ntdC60L7QvNC10L3QtNGD0LXRgtGB0Y8g0LLRi9C90L7RgdC40YLRjCDQvdCwINGP0YDQutC+0LUg\n0YHQvtC70L3RhtC1LnLQAgAAVQdjb25ncmF0ctECAACJVQNzaGVy0gIAAIlVDmlzX3JlY29tbWVu\nZGVkctMCAACJVQtjYXRlZ29yeV9pZHLUAgAAigEYdWJLAWgEaAVdaAaHUnLVAgAAfXLWAgAAKFUN\nbWV0YV9rZXl3b3Jkc3LXAgAAWAAAAABVBGxvdmVy2AIAAIlVB3dlZGRpbmdy2QIAAIlVBl9zdGF0\nZXLaAgAAaA0pgXLbAgAAfXLcAgAAKFUGYWRkaW5nct0CAACJVQJkYnLeAgAAVQdkZWZhdWx0ct8C\nAAB1YlUGaXNfbmV3cuACAACIVQN2aXBy4QIAAIlVBnRoYW5rc3LiAgAAiFUCaWRy4wIAAIoBFFUQ\nbWV0YV9kZXNjcmlwdGlvbnLkAgAAWAAAAABVBXRpdGxlcuUCAABYAAAAAFULYW5uaXZlcnNhcnly\n5gIAAIlVCGludGVyaW9ycucCAACJVQVzb3JyeXLoAgAAiVUNaG9saWRheV9yb3Nlc3LpAgAAiVUL\nZGVzY3JpcHRpb25y6gIAAFhRAAAA0J3QtdC20L3QsNGPINC4INGC0YDQvtCz0L7RgtC10LvRjNC9\n0LDRjyDQutC+0LzQv9C+0LfQuNGG0LjRjyDQsiDQutC+0YDQt9C40L3QutC1cusCAABVCWhvcm9z\nY29wZXLsAgAAiVUFcHJpY2Vy7QIAAIoCGgRVCWlzX2FjdGl2ZXLuAgAAiFUKdXBkYXRlZF9hdHLv\nAgAAaCNVCgfdAgkIKDYAAABoJClScvACAACGUnLxAgAAVQhiaXJ0aGRheXLyAgAAiVUQYnVzaW5l\nc3NfYm91cXVldHLzAgAAiVUFY2hpbGRy9AIAAIhVBHNsdWdy9QIAAFgIAAAAbmFkZXpoZGFy9gIA\nAFUCaGVy9wIAAIlVBG5hbWVy+AIAAFgOAAAA0J3QsNC00LXQttC00LBy+QIAAFUKY3JlYXRlZF9h\ndHL6AgAAaCNVCgfdAgUKFjoAAABq8AIAAIZScvsCAABVCnByb21vYmxvY2ty/AIAAFjxAAAA0JrQ\nvtC80L/QvtC30LjRhtC40Y8g0LIg0LHQtdC70L4t0YTQuNC+0LvQtdGC0L7QstC+0Lkg0YbQstC1\n0YLQvtCy0L7QuSDQs9Cw0LzQvNC1LCDQvtGH0LXQvdGMINC90LXQttC90LDRjyDQuCDQuNC30Y/R\nidC90LDRjywg0LrQvtGC0L7RgNCw0Y8g0LHRg9C00LXRgiDQv9C+INC00YPRiNC1INC70Y7QsdC+\n0Lkg0LTQtdCy0YPRiNC60LU8YnIgLz48YnIgLz48c3Ryb25nPtCQ0YDRgtC40LrRg9C7IDEzMTAx\nMDwvc3Ryb25nPnL9AgAAVQdjb25ncmF0cv4CAACIVQNzaGVy/wIAAIhVDmlzX3JlY29tbWVuZGVk\ncgADAACJVQtjYXRlZ29yeV9pZHIBAwAAigEYdWJLAWgEaAVdaAaHUnICAwAAfXIDAwAAKFUNbWV0\nYV9rZXl3b3Jkc3IEAwAAWAAAAABVBGxvdmVyBQMAAIlVB3dlZGRpbmdyBgMAAIlVBl9zdGF0ZXIH\nAwAAaA0pgXIIAwAAfXIJAwAAKFUGYWRkaW5ncgoDAACJVQJkYnILAwAAVQdkZWZhdWx0cgwDAAB1\nYlUGaXNfbmV3cg0DAACIVQN2aXByDgMAAIlVBnRoYW5rc3IPAwAAiFUCaWRyEAMAAIoBFVUQbWV0\nYV9kZXNjcmlwdGlvbnIRAwAAWAAAAABVBXRpdGxlchIDAABYAAAAAFULYW5uaXZlcnNhcnlyEwMA\nAIlVCGludGVyaW9ychQDAACJVQVzb3JyeXIVAwAAiVUNaG9saWRheV9yb3Nlc3IWAwAAiVULZGVz\nY3JpcHRpb25yFwMAAFiiAAAA0J/QvtC00LDRgNC40YLQtSDRgNCw0LTQvtGB0YLRjCDQuCDQvtGC\n0LvQuNGH0L3QvtC1INC90LDRgdGC0YDQvtC10L3QuNC1INCy0LzQtdGB0YLQtSDRgSDRjdGC0L7Q\nuSDRj9GA0LrQvtC5INC4INC+0L/RgtC40LzQuNGB0YLQuNGH0L3QvtC5INC60L7QvNC/0L7Qt9C4\n0YbQuNC10LkhchgDAABVCWhvcm9zY29wZXIZAwAAiFUFcHJpY2VyGgMAAIoCngdVCWlzX2FjdGl2\nZXIbAwAAiFUKdXBkYXRlZF9hdHIcAwAAaCNVCgfdAgkIKxgAAABoJClSch0DAACGUnIeAwAAVQhi\naXJ0aGRheXIfAwAAiFUQYnVzaW5lc3NfYm91cXVldHIgAwAAiVUFY2hpbGRyIQMAAIhVBHNsdWdy\nIgMAAFgHAAAAcG96aXRpdnIjAwAAVQJoZXIkAwAAiVUEbmFtZXIlAwAAWA4AAADQn9C+0LfQuNGC\n0LjQsnImAwAAVQpjcmVhdGVkX2F0cicDAABoI1UKB90CBQo4AAAAAGodAwAAhlJyKAMAAFUKcHJv\nbW9ibG9ja3IpAwAAWLQAAADQmtGA0LDRgdC+0YfQvdCw0Y8g0LrQvtC80L/QvtC30LjRhtC40Y8g\n0L/QvtC00LDRgNC40YIg0YHQstC10YLQu9GL0LUg0LzQs9C90L7QstC10L3QuNGPINGA0LDQtNC+\n0YHRgtC4INCS0LDRiNC40Lwg0LHQu9C40LfQutC40LwhPGJyIC8+PGJyIC8+PHN0cm9uZz7QkNGA\n0YLQuNC60YPQuyAxMzEwMTE8L3N0cm9uZz5yKgMAAFUHY29uZ3JhdHIrAwAAiFUDc2hlciwDAACI\nVQ5pc19yZWNvbW1lbmRlZHItAwAAiFULY2F0ZWdvcnlfaWRyLgMAAIoBF3ViSwFoBGhkXWgGh1Jy\nLwMAAH1yMAMAAChVDW1ldGFfa2V5d29yZHNyMQMAAFgAAAAAVQRsb3ZlcjIDAACJVQd3ZWRkaW5n\ncjMDAACJVQZfc3RhdGVyNAMAAGgNKYFyNQMAAH1yNgMAAChVBmFkZGluZ3I3AwAAiVUCZGJyOAMA\nAFUHZGVmYXVsdHI5AwAAdWJVBmlzX25ld3I6AwAAiVUDdmlwcjsDAACJVQZ0aGFua3NyPAMAAIlV\nAmlkcj0DAACKARZVEG1ldGFfZGVzY3JpcHRpb25yPgMAAFgAAAAAVQV0aXRsZXI/AwAAWAAAAABV\nC2Fubml2ZXJzYXJ5ckADAACJVQhpbnRlcmlvcnJBAwAAiVUFc29ycnlyQgMAAIlVDWhvbGlkYXlf\ncm9zZXNyQwMAAIlVC2Rlc2NyaXB0aW9uckQDAABYbAAAANCY0LfQstC10YHRgtC90YvQuSDRgtCw\n0LrQttC1INC/0L7QtCDQvdCw0LfQstCw0L3QuNGP0LzQuCDQsdC10LvQvtC60YDRi9C70YzQvdC4\n0Log0Lgg0LfQsNC90YLQtdC00LXRgdC60LjRj3JFAwAAVQlob3Jvc2NvcGVyRgMAAIlVBXByaWNl\nckcDAACKAXhVCWlzX2FjdGl2ZXJIAwAAiFUKdXBkYXRlZF9hdHJJAwAAaCNVCgfdAgUJOCMAAABo\nJClSckoDAACGUnJLAwAAVQhiaXJ0aGRheXJMAwAAiVUQYnVzaW5lc3NfYm91cXVldHJNAwAAiVUF\nY2hpbGRyTgMAAIlVBHNsdWdyTwMAAFgFAAAAa2FsbGFyUAMAAFUCaGVyUQMAAIlVBG5hbWVyUgMA\nAFgKAAAA0JrQsNC70LvQsHJTAwAAVQpjcmVhdGVkX2F0clQDAABoI1UKB90CBQktBgAAAGpKAwAA\nhlJyVQMAAFUKcHJvbW9ibG9ja3JWAwAAWMUGAADQmNC30LLQtdGB0YLQvdGL0Lkg0YLQsNC60LbQ\ntSDQv9C+0LQg0L3QsNC30LLQsNC90LjRj9C80Lgg0LHQtdC70L7QutGA0YvQu9GM0L3QuNC6INC4\nINC30LDQvdGC0LXQtNC10YHQutC40Y8sINGB0YLQuNC70YzQvdGL0Lkg0Lgg0LLQtdGB0YzQvNCw\nINC/0L7Qv9GD0LvRj9GA0L3Ri9C5INCy0L4g0YTQu9C+0YDQuNGB0YLQuNC60LUg0YbQstC10YLQ\nvtC6INC60LDQu9C70LAg0YjQuNGA0L7QutC+INC40YHQv9C+0LvRjNC30YPQtdGC0YHRjyDQtNC7\n0Y8g0YHQvtC30LTQsNC90LjRjyDQttC10L3RgdC60LjRhSDQuCDQvNGD0LbRgdC60LjRhSDQsdGD\n0LrQtdGC0L7Qsi4g0KHRgtGA0L7QudC90YvQtSDQuCDRjdGE0YTQtdC60YLQvdGL0LUg0LrQsNC7\n0LvRiyDRgdC/0L7RgdC+0LHQvdGLINC/0L7QtNGH0LXRgNC60L3Rg9GC0Ywg0LLQtdGA0YLQuNC6\n0LDQu9GMINCyINC70LjQvdC10LnQvdGL0YUg0LrQvtC80L/QvtC30LjRhtC40Y/RhSDQuNC70Lgg\n0LTQvtCx0LDQstC40YLRjCDQutC+0LrQtdGC0LvQuNCy0YPRjiDQvdC+0YLQutGDINC60LvQsNGB\n0YHQuNGH0LXRgdC60L7QvNGDINC60YDRg9Cz0LvQvtC80YMg0LHRg9C60LXRgtGDLiDQkCDRgNCw\n0LfQvdC+0L7QsdGA0LDQt9C40LUg0LjRhSDQvtGC0YLQtdC90LrQvtCyINC/0L7Qt9Cy0L7Qu9GP\n0LXRgiDQsdC+0LvQtdC1INC/0L7Qu9C90L4g0YDQsNGB0LrRgNGL0YLRjCDRg9C90LjQutCw0LvR\njNC90YvQtSDQtNC10LrQvtGA0LDRgtC40LLQvdGL0LUg0LrQsNGH0LXRgdGC0LLQsCDRjdC60LfQ\nvtGC0LjRh9C10YHQutC+0LPQviDRhtCy0LXRgtC60LAuPGJyIC8+PGJyIC8+0KDQvtC00LjQvdC+\n0Lkg0LrQsNC70LvRiyDRgdGH0LjRgtCw0LXRgtGB0Y8g0K7QttC90LDRjyDQkNGE0YDQuNC60LAu\nINCYINGF0L7RgtGPINC+0YLQtNC10LvRjNC90YvQtSDRgdC+0YDRgtCwINC80L7QttC90L4g0LLR\ngdGC0YDQtdGC0LjRgtGMINC00LDQttC1INCyINGD0LzQtdGA0LXQvdC90YvRhSDQvtCx0LvQsNGB\n0YLRj9GFINGB0LXQstC10YDQvdC+0LPQviDQv9C+0LvRg9GI0LDRgNC40Y8sINC40LzQtdC90L3Q\nviDQvdCwINGO0LPQtSDQsNGE0YDQuNC60LDQvdGB0LrQvtCz0L4g0LrQvtC90YLQuNC90LXQvdGC\n0LAg0L/RgNC+0LjQt9GA0LDRgdGC0LDRjtGCINC60YPQu9GM0YLRg9GA0L3Ri9C1INCy0LjQtNGL\nINC60LDQu9C70YssINC60L7RgtC+0YDRi9C1INC80Ysg0L/RgNC40LLRi9C60LvQuCDQstC40LTQ\ntdGC0Ywg0LIg0LjQt9GP0YnQvdGL0YUg0YbQstC10YLQvtGH0L3Ri9GFINC60L7QvNC/0L7Qt9C4\n0YbQuNGP0YUuINCi0L7QvdC60LjQuSDQsNGA0L7QvNCw0YIg0LLQsNC90LjQu9C4LCDQvtGC0LvQ\nuNGH0L3QsNGPINGB0YLQvtC50LrQvtGB0YLRjCDQuCDQstGA0L7QttC00LXQvdC90LDRjyDRjdC7\n0LXQs9Cw0L3RgtC90L7RgdGC0Ywg0YPQtNC40LLQuNGC0LXQu9GM0L3QvtCz0L4g0YLRgNC+0L/Q\nuNGH0LXRgdC60L7Qs9C+INGG0LLQtdGC0LrQsCDQvtC/0YDQtdC00LXQu9GP0Y7RgiDRh9Cw0YHR\ngtC+0LUg0L/QvtGP0LLQu9C10L3QuNC1INC60LDQu9C70Ysg0LIg0LHRg9C60LXRgtCw0YUg0L7R\ngiDRgdCw0LvQvtC90LAgQW1lbGlhLXNob3AucnUg0Lgg0YHRgtCw0L3QvtCy0Y/RgtGB0Y8g0LPQ\nu9Cw0LLQvdGL0Lwg0LDRgNCz0YPQvNC10L3RgtC+0Lwg0L/RgNC4INCy0YvQsdC+0YDQtSDQv9C+\n0LTQsNGA0LrQsCDQtNC70Y8g0LHQu9C40LfQutC+0LPQviDRh9C10LvQvtCy0LXQutCwLnJXAwAA\nVQdjb25ncmF0clgDAACJVQNzaGVyWQMAAIlVDmlzX3JlY29tbWVuZGVkcloDAACJVQtjYXRlZ29y\neV9pZHJbAwAAigEedWJLAWgEaAVdaAaHUnJcAwAAfXJdAwAAKFUNbWV0YV9rZXl3b3Jkc3JeAwAA\nWAAAAABVBGxvdmVyXwMAAIlVB3dlZGRpbmdyYAMAAIlVBl9zdGF0ZXJhAwAAaA0pgXJiAwAAfXJj\nAwAAKFUGYWRkaW5ncmQDAACJVQJkYnJlAwAAVQdkZWZhdWx0cmYDAAB1YlUGaXNfbmV3cmcDAACJ\nVQN2aXByaAMAAIlVBnRoYW5rc3JpAwAAiVUCaWRyagMAAIoBF1UQbWV0YV9kZXNjcmlwdGlvbnJr\nAwAAWAAAAABVBXRpdGxlcmwDAABYAAAAAFULYW5uaXZlcnNhcnlybQMAAIhVCGludGVyaW9ycm4D\nAACJVQVzb3JyeXJvAwAAiVUNaG9saWRheV9yb3Nlc3JwAwAAiFULZGVzY3JpcHRpb25ycQMAAFiB\nAAAA0J/QvtGC0YDRj9GB0LDRjtGJ0LDRjyDRjdC90LXRgNCz0LXRgtC40LrQsCDRj9GA0LrQuNGF\nINGA0L7QtyDQt9Cw0YDRj9C00LjRgiDQktCw0YEg0L/QvtC30LjRgtC40LLQvtC8INC90LAg0YbQ\ntdC70YvQuSDQtNC10L3RjCAhcnIDAABVCWhvcm9zY29wZXJzAwAAiVUFcHJpY2VydAMAAIoCRgVV\nCWlzX2FjdGl2ZXJ1AwAAiFUKdXBkYXRlZF9hdHJ2AwAAaCNVCgfdAgkLAgcAAABoJClScncDAACG\nUnJ4AwAAVQhiaXJ0aGRheXJ5AwAAiFUQYnVzaW5lc3NfYm91cXVldHJ6AwAAiVUFY2hpbGRyewMA\nAIlVBHNsdWdyfAMAAFgGAAAAb3Jhbnpocn0DAABVAmhlcn4DAACJVQRuYW1lcn8DAABYCgAAANCe\n0YDQsNC90LZygAMAAFUKY3JlYXRlZF9hdHKBAwAAaCNVCgfdAggFOB4AAABqdwMAAIZScoIDAABV\nCnByb21vYmxvY2tygwMAAFgnAQAA0KHQvtGH0L3Ri9C5INC+0YLRgtC10L3QvtC6INGA0L7QtyDQ\nvdCw0L/QvtC80LjQvdCw0LXRgiDRgdCy0LXQttC10LLRi9C20LDRgtGL0Lkg0LDQv9C10LvRjNGB\n0LjQvdC+0LLRi9C5INGB0L7Quiwg0LHQvtCz0LDRgtGL0Lkg0LLQuNGC0LDQvNC40L3QsNC80Lgg\n0YDQsNC00L7RgdGC0L3QvtCz0L4g0L3QsNGB0YLRgNC+0LXQvdC40Y8g0Lgg0YHQvtC70L3QtdGH\n0L3Ri9GFINGD0LvRi9Cx0L7QuiE8YnIgLz48YnIgLz48c3Ryb25nPtCQ0YDRgtC40LrRg9C7IDEz\nMTAxMzxiciAvPjxiciAvPjxiciAvPjwvc3Ryb25nPnKEAwAAVQdjb25ncmF0coUDAACIVQNzaGVy\nhgMAAIlVDmlzX3JlY29tbWVuZGVkcocDAACJVQtjYXRlZ29yeV9pZHKIAwAAigEUdWJLAWgEaGRd\naAaHUnKJAwAAfXKKAwAAKFUNbWV0YV9rZXl3b3Jkc3KLAwAAWAAAAABVBGxvdmVyjAMAAIlVB3dl\nZGRpbmdyjQMAAIlVBl9zdGF0ZXKOAwAAaA0pgXKPAwAAfXKQAwAAKFUGYWRkaW5ncpEDAACJVQJk\nYnKSAwAAVQdkZWZhdWx0cpMDAAB1YlUGaXNfbmV3cpQDAACJVQN2aXBylQMAAIlVBnRoYW5rc3KW\nAwAAiVUCaWRylwMAAIoBGFUQbWV0YV9kZXNjcmlwdGlvbnKYAwAAWAAAAABVBXRpdGxlcpkDAABY\nAAAAAFULYW5uaXZlcnNhcnlymgMAAIlVCGludGVyaW9ycpsDAACJVQVzb3JyeXKcAwAAiVUNaG9s\naWRheV9yb3Nlc3KdAwAAiVULZGVzY3JpcHRpb25yngMAAFiMAAAA0JrRgNGD0L/QvdGL0LUg0YjQ\nsNGA0L7QvtCx0YDQsNC30L3Ri9C1INGB0L7RhtCy0LXRgtC40Y8g0LHQtdC70L7Qs9C+LCDRgNC+\n0LfQvtCy0L7Qs9C+LCDQs9C+0LvRg9Cx0L7Qs9C+LCDQt9C10LvQtdC90L7Qs9C+INC+0YLRgtC1\n0L3QutC+0LJynwMAAFUJaG9yb3Njb3BlcqADAACJVQVwcmljZXKhAwAAigL0AVUJaXNfYWN0aXZl\ncqIDAACIVQp1cGRhdGVkX2F0cqMDAABoI1UKB90CBQoBEgAAAGgkKVJypAMAAIZScqUDAABVCGJp\ncnRoZGF5cqYDAACJVRBidXNpbmVzc19ib3VxdWV0cqcDAACJVQVjaGlsZHKoAwAAiVUEc2x1Z3Kp\nAwAAWAoAAABnb3J0ZW56aXlhcqoDAABVAmhlcqsDAACJVQRuYW1lcqwDAABYEgAAANCT0L7RgNGC\n0LXQvdC30LjRj3KtAwAAVQpjcmVhdGVkX2F0cq4DAABoI1UKB90CBQoBEgAAAGqkAwAAhlJyrwMA\nAFUKcHJvbW9ibG9ja3KwAwAAWHcFAADQodC70LXQtNGD0Y8g0L/RgNC40L3RhtC40L/QsNC8INGG\n0LLQtdGC0L7Rh9C90L7QuSDQuNC10YDQsNGA0YXQuNC4LCDQs9C+0YDRgtC10L3Qt9C40Y4g0LzQ\nvtC20L3QviDRgdC80LXQu9C+INC+0YLQvdC10YHRgtC4INC6INC+0YHQvtCx0LDQvCDQutC+0YDQ\nvtC70LXQstGB0LrQvtCz0L4g0YDQvtC00LAuINCt0YLQviDRgNC+0YHQutC+0YjQvdC+0LUg0LLQ\nu9Cw0LPQvtC70Y7QsdC40LLQvtC1INGA0LDRgdGC0LXQvdC40LUg0L/RgNC40YjQu9C+INC6INC9\n0LDQvCDQuNC3INCv0L/QvtC90LjQuCDQvNC10L3QtdC1INGB0YLQsCDQu9C10YIg0YLQvtC80YMg\n0L3QsNC30LDQtCDQuCDRgdGA0LDQt9GDINC20LUg0LfQsNCy0L7QtdCy0LDQu9C+INC+0LPRgNC+\n0LzQvdC+0LUg0LrQvtC70LjRh9C10YHRgtCy0L4g0L/QvtC60LvQvtC90L3QuNC60L7Qsi4g0JrR\ngNGD0L/QvdGL0LUg0YjQsNGA0L7QvtCx0YDQsNC30L3Ri9C1INGB0L7RhtCy0LXRgtC40Y8g0LHQ\ntdC70L7Qs9C+LCDRgNC+0LfQvtCy0L7Qs9C+LCDQs9C+0LvRg9Cx0L7Qs9C+LCDQt9C10LvQtdC9\n0L7Qs9C+INC+0YLRgtC10L3QutC+0LIg0YHQvtCx0LjRgNCw0Y7RgtGB0Y8g0LIg0LjRgdC60LvR\njtGH0LjRgtC10LvRjNC90YvQtSDQv9C+INGB0LLQvtC10Lkg0LrRgNCw0YHQvtGC0LUg0Lgg0L3Q\ntdC20L3QvtGB0YLQuCDQutC+0LzQv9C+0LfQuNGG0LjQuCDQuCDQt9Cw0YfQsNGB0YLRg9GOINC9\n0LUg0YLRgNC10LHRg9GO0YIg0L3QuNC60LDQutC40YUg0LTQvtC/0L7Qu9C90LjRgtC10LvRjNC9\n0YvRhSDRjdC70LXQvNC10L3RgtC+0LIuINCT0L7RgNGC0LXQvdC30LjQuCDQstC+0YHRhdC40YLQ\nuNGC0LXQu9GM0L3RiyDRgdCw0LzQuCDQv9C+INGB0LXQsdC1INCyINC70Y7QsdGL0YUg0YHQstC+\n0LjRhSDQv9GA0L7Rj9Cy0LvQtdC90LjRj9GFLjxiciAvPjxiciAvPtCR0YPQutC10YLRiyDRgSDQ\ns9C+0YDRgtC10L3Qt9C40LXQuSDQvtGC0LvQuNGH0LDRjtGC0YHRjyDQsdC10LfRg9C/0YDQtdGH\n0L3Ri9C8INCw0YDQuNGB0YLQvtC60YDQsNGC0LjQt9C80L7QvCDQuCDQvtC00LjQvdCw0LrQvtCy\n0L4g0YXQvtGA0L7RiNC+INC/0L7QtNGF0L7QtNGP0YIg0LIg0LrQsNGH0LXRgdGC0LLQtSDQv9C+\n0LTQsNGA0LrQsCDQvNC+0LvQvtC00L7QuSDQtNC10LLRg9GI0LrQtSDQuNC70Lgg0YPRgdC/0LXR\niNC90L7QuSDQsdC40LfQvdC10YEt0LvQtdC00LguINCQINC40YUg0L/RgNGP0L3Ri9C5INC80LXQ\ntNC+0LLRi9C5INCw0YDQvtC80LDRgiDQutCw0Log0L3QtdC70YzQt9GPINC70YPRh9GI0LUg0L/Q\ntdGA0LXQtNCw0LXRgiDRg9C90LjQutCw0LvRjNC90YvQuSDQstC+0YHRgtC+0YfQvdGL0Lkg0LrQ\nvtC70L7RgNC40YIg0LLQvtGB0YXQuNGC0LjRgtC10LvRjNC90YvRhSDRhtCy0LXRgtC+0LIucrED\nAABVB2NvbmdyYXRysgMAAIlVA3NoZXKzAwAAiVUOaXNfcmVjb21tZW5kZWRytAMAAIlVC2NhdGVn\nb3J5X2lkcrUDAACKARp1YksBaARoZF1oBodScrYDAAB9crcDAAAoVQ1tZXRhX2tleXdvcmRzcrgD\nAABYAAAAAFUEbG92ZXK5AwAAiVUHd2VkZGluZ3K6AwAAiVUGX3N0YXRlcrsDAABoDSmBcrwDAAB9\ncr0DAAAoVQZhZGRpbmdyvgMAAIlVAmRicr8DAABVB2RlZmF1bHRywAMAAHViVQZpc19uZXdywQMA\nAIlVA3ZpcHLCAwAAiVUGdGhhbmtzcsMDAACJVQJpZHLEAwAAigEEVRBtZXRhX2Rlc2NyaXB0aW9u\ncsUDAABYAAAAAFUFdGl0bGVyxgMAAFgAAAAAVQthbm5pdmVyc2FyeXLHAwAAiVUIaW50ZXJpb3Jy\nyAMAAIlVBXNvcnJ5cskDAACJVQ1ob2xpZGF5X3Jvc2VzcsoDAACJVQtkZXNjcmlwdGlvbnLLAwAA\nWDoAAADQoNC+0LfQsCAtINC40YHRgtC40L3QvdCw0Y8g0LrQvtGA0L7Qu9C10LLQsCDRhtCy0LXR\ngtC+0LIucswDAABVCWhvcm9zY29wZXLNAwAAiVUFcHJpY2VyzgMAAIoBZFUJaXNfYWN0aXZlcs8D\nAACIVQp1cGRhdGVkX2F0ctADAABoI1UKB90BEAw1BgAAAGgkKVJy0QMAAIZSctIDAABVCGJpcnRo\nZGF5ctMDAACJVRBidXNpbmVzc19ib3VxdWV0ctQDAACJVQVjaGlsZHLVAwAAiVUEc2x1Z3LWAwAA\nWAQAAAByb3p5ctcDAABVAmhlctgDAACJVQRuYW1lctkDAABYCAAAANCg0L7Qt9GLctoDAABVCmNy\nZWF0ZWRfYXRy2wMAAGgjVQoH3QEQCi0zAAAAatEDAACGUnLcAwAAVQpwcm9tb2Jsb2Nrct0DAABY\nVQEAADxzcGFuPtCR0YPQutC10YIg0YDQvtC3IC0g0Y3RgtC+INC4INC/0YDQuNC30L3QsNC90LjQ\ntSDQsiDQu9GO0LHQstC4LCDQuCDQt9C90LDQuiDRg9Cy0LDQttC10L3QuNGPINC4INCx0LvQsNCz\n0L7QtNCw0YDQvdC+0YHRgtC4LCDQsCDRgtCw0Log0LbQtSDQuNC00LjQsNC70YzQvdGL0Lkg0L/Q\nvtC00LDRgNC+0LosINGI0LjQutCw0YDQvdGL0Lkg0Lgg0LLRi9GA0LDQt9C40YLQtdC70YzQvdGL\n0Lk8L3NwYW4+PGJyIC8+0KDQvtC30LAg0YEg0L/Qu9Cw0L3RgtCw0YbQuNC5INCt0LrQstCw0LTQ\nvtGA0LAsINCa0L7Qu9GD0LzQsdC40Lg8YnIgLz7QtNC70LjQvdCwINGB0YLQtdCx0LvRjyA5MCDR\ngdC8ct4DAABVB2NvbmdyYXRy3wMAAIlVA3NoZXLgAwAAiVUOaXNfcmVjb21tZW5kZWRy4QMAAIlV\nC2NhdGVnb3J5X2lkcuIDAACKARR1YksBaARoZF1oBodScuMDAAB9cuQDAAAoVQ1tZXRhX2tleXdv\ncmRzcuUDAABYAAAAAFUEbG92ZXLmAwAAiVUHd2VkZGluZ3LnAwAAiVUGX3N0YXRlcugDAABoDSmB\ncukDAAB9cuoDAAAoVQZhZGRpbmdy6wMAAIlVAmRicuwDAABVB2RlZmF1bHRy7QMAAHViVQZpc19u\nZXdy7gMAAIlVA3ZpcHLvAwAAiVUGdGhhbmtzcvADAACJVQJpZHLxAwAAigEaVRBtZXRhX2Rlc2Ny\naXB0aW9ucvIDAABYAAAAAFUFdGl0bGVy8wMAAFgAAAAAVQthbm5pdmVyc2FyeXL0AwAAiVUIaW50\nZXJpb3Jy9QMAAIlVBXNvcnJ5cvYDAACJVQ1ob2xpZGF5X3Jvc2VzcvcDAACJVQtkZXNjcmlwdGlv\nbnL4AwAAWDEAAADQnNC40YjQutCwINCyINC/0L7Qu9C+0YHQsNGC0L7QvCDQtNC20LXQvNC/0LXR\ngNC1cvkDAABVCWhvcm9zY29wZXL6AwAAiVUFcHJpY2Vy+wMAAIoCwgFVCWlzX2FjdGl2ZXL8AwAA\niFUKdXBkYXRlZF9hdHL9AwAAaCNVCgfdAgcGFhgAAABoJClScv4DAACGUnL/AwAAVQhiaXJ0aGRh\neXIABAAAiVUQYnVzaW5lc3NfYm91cXVldHIBBAAAiVUFY2hpbGRyAgQAAIlVBHNsdWdyAwQAAFgR\nAAAAbWlzaGthLWJlYXJpbmd0b25yBAQAAFUCaGVyBQQAAIlVBG5hbWVyBgQAAFgZAAAA0JzQuNGI\n0LrQsCDCq0JlYXJpbmd0b27Cu3IHBAAAVQpjcmVhdGVkX2F0cggEAABoI1UKB90CBwUSMwAAAGr+\nAwAAhlJyCQQAAFUKcHJvbW9ibG9ja3IKBAAAWP8AAADQnNC40YjQutCwICZsYXF1bztCZWFyaW5n\ndG9uJnJhcXVvOyDQsiDQv9C+0LvQvtGB0LDRgtC+0Lwg0LTQttC10LzQv9C10YDQtSZuYnNwOzxi\nciAvPjxiciAvPjxzdHJvbmc+0J/QsNGA0LDQvNC10YLRgNGLOjwvc3Ryb25nPiZuYnNwO9GI0LjR\ngNC40L3QsCAtIDIzINGB0LwsINCy0YvRgdC+0YLQsCAtIDM2INGB0LwuPGJyIC8+PGJyIC8+PHN0\ncm9uZz7QkNGA0YLQuNC60YPQuzo8L3N0cm9uZz4mbmJzcDsxODcwMTA8YnIgLz48YnIgLz48YnIg\nLz5yCwQAAFUHY29uZ3JhdHIMBAAAiVUDc2hlcg0EAACJVQ5pc19yZWNvbW1lbmRlZHIOBAAAiVUL\nY2F0ZWdvcnlfaWRyDwQAAIoBM3ViSwFoBGgFXWgGh1JyEAQAAH1yEQQAAChVDW1ldGFfa2V5d29y\nZHNyEgQAAFgAAAAAVQRsb3ZlchMEAACJVQd3ZWRkaW5nchQEAACJVQZfc3RhdGVyFQQAAGgNKYFy\nFgQAAH1yFwQAAChVBmFkZGluZ3IYBAAAiVUCZGJyGQQAAFUHZGVmYXVsdHIaBAAAdWJVBmlzX25l\nd3IbBAAAiVUDdmlwchwEAACJVQZ0aGFua3NyHQQAAIlVAmlkch4EAACKARtVEG1ldGFfZGVzY3Jp\ncHRpb25yHwQAAFgAAAAAVQV0aXRsZXIgBAAAWAAAAABVC2Fubml2ZXJzYXJ5ciEEAACJVQhpbnRl\ncmlvcnIiBAAAiVUFc29ycnlyIwQAAIlVDWhvbGlkYXlfcm9zZXNyJAQAAIlVC2Rlc2NyaXB0aW9u\nciUEAABYYAAAANCSINC/0LvQtdGC0LXQvdC+0Lkg0LrQvtGA0LfQuNC90L7Rh9C60LUg0YDQsNGB\n0LrQuNC90YPQu9GB0Y8g0L3QsNGB0YLQvtGP0YnQuNC5INC80LjQvdC4INGB0LDQtHImBAAAVQlo\nb3Jvc2NvcGVyJwQAAIlVBXByaWNlcigEAACKAvwIVQlpc19hY3RpdmVyKQQAAIhVCnVwZGF0ZWRf\nYXRyKgQAAGgjVQoH3QIJCwQZAAAAaCQpUnIrBAAAhlJyLAQAAFUIYmlydGhkYXlyLQQAAIlVEGJ1\nc2luZXNzX2JvdXF1ZXRyLgQAAIlVBWNoaWxkci8EAACJVQRzbHVncjAEAABYDQAAAGN2ZXR1c2hp\nai1zYWRyMQQAAFUCaGVyMgQAAIlVBG5hbWVyMwQAAFgXAAAA0KbQstC10YLRg9GJ0LjQuSDRgdCw\n0LRyNAQAAFUKY3JlYXRlZF9hdHI1BAAAaCNVCgfdAggGNRkAAABqKwQAAIZScjYEAABVCnByb21v\nYmxvY2tyNwQAAFigAAAA0J3QsNCx0L7RgCDRj9GA0LrQuNGFINGG0LLQtdGC0L7QsiDQvdCw0L/Q\nvtC80L3QuNGCINCy0LDQvCDQu9C10YLQvdC10LUg0YPRgtGA0L4g0LIg0YHQsNC00YM8YnIgLz48\nYnIgLz48c3Ryb25nPtCQ0YDRgtC40LrRg9C7IDEzMTAxNzxiciAvPjxiciAvPjxiciAvPjwvc3Ry\nb25nPnI4BAAAVQdjb25ncmF0cjkEAACIVQNzaGVyOgQAAIlVDmlzX3JlY29tbWVuZGVkcjsEAACJ\nVQtjYXRlZ29yeV9pZHI8BAAAigEydWJLAWgEaGRdaAaHUnI9BAAAfXI+BAAAKFUNbWV0YV9rZXl3\nb3Jkc3I/BAAAWAAAAABVBGxvdmVyQAQAAIlVB3dlZGRpbmdyQQQAAIlVBl9zdGF0ZXJCBAAAaA0p\ngXJDBAAAfXJEBAAAKFUGYWRkaW5nckUEAACJVQJkYnJGBAAAVQdkZWZhdWx0ckcEAAB1YlUGaXNf\nbmV3ckgEAACJVQN2aXBySQQAAIlVBnRoYW5rc3JKBAAAiVUCaWRySwQAAIoBHFUQbWV0YV9kZXNj\ncmlwdGlvbnJMBAAAWAAAAABVBXRpdGxlck0EAABYAAAAAFULYW5uaXZlcnNhcnlyTgQAAIlVCGlu\ndGVyaW9yck8EAACJVQVzb3JyeXJQBAAAiVUNaG9saWRheV9yb3Nlc3JRBAAAiVULZGVzY3JpcHRp\nb25yUgQAAFhHAAAA0J7QsdCw0Y/RgtC10LvRjNC90LDRjyDRgdC+0LHQsNGH0LrQsCAtINCx0L7Q\nu9GM0YjQsNGPINC4INC90LXQttC90LDRjyFyUwQAAFUJaG9yb3Njb3BlclQEAACJVQVwcmljZXJV\nBAAAigJMBFUJaXNfYWN0aXZlclYEAACIVQp1cGRhdGVkX2F0clcEAABoI1UKB90CBwYWAQAAAGgk\nKVJyWAQAAIZSclkEAABVCGJpcnRoZGF5cloEAACJVRBidXNpbmVzc19ib3VxdWV0clsEAACJVQVj\naGlsZHJcBAAAiVUEc2x1Z3JdBAAAWAkAAABwZXMtemVmaXJyXgQAAFUCaGVyXwQAAIlVBG5hbWVy\nYAQAAFgRAAAA0J/QtdGBINCX0LXRhNC40YByYQQAAFUKY3JlYXRlZF9hdHJiBAAAaCNVCgfdAgcG\nCioAAABqWAQAAIZScmMEAABVCnByb21vYmxvY2tyZAQAAFgrAQAA0KPQtNC40LLQuNGC0LXQu9GM\n0L3QsNGPINC80Y/Qs9C60LDRjyDRgdC+0LHQsNGH0LrQsCDRgSDQvdCw0YDRj9C00L3Ri9C8INGB\n0LXRgNC00YbQtdC8INC4INC+0YfQsNGA0L7QstCw0YLQtdC70YzQvdC+0Lkg0YPQu9GL0LHQutC+\n0LkuPGJyIC8+PGJyIC8+PHN0cm9uZz7Qn9Cw0YDQsNC80LXRgtGA0Ys6PC9zdHJvbmc+PGJyIC8+\nJm5ic3A70LLRi9GB0L7RgtCwIC0gNjAg0YHQvC4mbmJzcDs8YnIgLz48YnIgLz48c3Ryb25nPtCQ\n0YDRgtC40LrRg9C7Ojwvc3Ryb25nPiAxMzI0MDg8YnIgLz48YnIgLz48YnIgLz48YnIgLz5yZQQA\nAFUHY29uZ3JhdHJmBAAAiVUDc2hlcmcEAACJVQ5pc19yZWNvbW1lbmRlZHJoBAAAiVULY2F0ZWdv\ncnlfaWRyaQQAAIoBM3ViSwFoBGhkXWgGh1JyagQAAH1yawQAAChVDW1ldGFfa2V5d29yZHNybAQA\nAFgAAAAAVQRsb3Zlcm0EAACJVQd3ZWRkaW5ncm4EAACJVQZfc3RhdGVybwQAAGgNKYFycAQAAH1y\ncQQAAChVBmFkZGluZ3JyBAAAiVUCZGJycwQAAFUHZGVmYXVsdHJ0BAAAdWJVBmlzX25ld3J1BAAA\niVUDdmlwcnYEAACJVQZ0aGFua3NydwQAAIlVAmlkcngEAACKAR1VEG1ldGFfZGVzY3JpcHRpb25y\neQQAAFgAAAAAVQV0aXRsZXJ6BAAAWAAAAABVC2Fubml2ZXJzYXJ5cnsEAACJVQhpbnRlcmlvcnJ8\nBAAAiVUFc29ycnlyfQQAAIlVDWhvbGlkYXlfcm9zZXNyfgQAAIlVC2Rlc2NyaXB0aW9ucn8EAABY\ndQAAANCe0YfQsNGA0L7QstCw0YLQtdC70YzQvdGL0Lkg0LbQuNC30L3QtdGA0LDQtNC+0YHRgtC9\n0YvQuSDQv9C10YEg0YHRgtCw0L3QtdGCINC70YPRh9GI0LjQvCDQtNC+0LHRgNGL0Lwg0LTRgNGD\n0LPQvtC8IXKABAAAVQlob3Jvc2NvcGVygQQAAIlVBXByaWNlcoIEAACKAvQBVQlpc19hY3RpdmVy\ngwQAAIhVCnVwZGF0ZWRfYXRyhAQAAGgjVQoH3QIHBhUvAAAAaCQpUnKFBAAAhlJyhgQAAFUIYmly\ndGhkYXlyhwQAAIlVEGJ1c2luZXNzX2JvdXF1ZXRyiAQAAIlVBWNoaWxkcokEAACJVQRzbHVncooE\nAABYCAAAAHBlcy1ib2JpcosEAABVAmhlcowEAACJVQRuYW1lco0EAABYDwAAANCf0LXRgSDQkdC+\n0LHQuHKOBAAAVQpjcmVhdGVkX2F0co8EAABoI1UKB90CBwYTFQAAAGqFBAAAhlJykAQAAFUKcHJv\nbW9ibG9ja3KRBAAAWAABAADQotCw0LrQvtC5INC30LDQvNC10YfQsNGC0LXQu9GM0L3Ri9C5INC/\n0L7QtNCw0YDQvtC6INC90LjQutC+0LPQviDQvdC1INC+0YHRgtCw0LLQuNGCINGA0LDQstC90L7Q\ntNGD0YjQvdGL0LwhPGJyIC8+PGJyIC8+PHN0cm9uZz7Qn9Cw0YDQsNC80LXRgtGA0Ys6PC9zdHJv\nbmc+INCy0YvRgdC+0YLQsCAtIDM3INGB0LwuJm5ic3A7PGJyIC8+PGJyIC8+PHN0cm9uZz7QkNGA\n0YLQuNC60YPQuzo8L3N0cm9uZz4gMTMyMzA5PGJyIC8+PGJyIC8+PGJyIC8+cpIEAABVB2Nvbmdy\nYXRykwQAAIlVA3NoZXKUBAAAiVUOaXNfcmVjb21tZW5kZWRylQQAAIlVC2NhdGVnb3J5X2lkcpYE\nAACKATN1YksBaARoZF1oBodScpcEAAB9cpgEAAAoVQ1tZXRhX2tleXdvcmRzcpkEAABYAAAAAFUE\nbG92ZXKaBAAAiVUHd2VkZGluZ3KbBAAAiVUGX3N0YXRlcpwEAABoDSmBcp0EAAB9cp4EAAAoVQZh\nZGRpbmdynwQAAIlVAmRicqAEAABVB2RlZmF1bHRyoQQAAHViVQZpc19uZXdyogQAAIlVA3ZpcHKj\nBAAAiVUGdGhhbmtzcqQEAACJVQJpZHKlBAAAigEeVRBtZXRhX2Rlc2NyaXB0aW9ucqYEAABYAAAA\nAFUFdGl0bGVypwQAAFgAAAAAVQthbm5pdmVyc2FyeXKoBAAAiVUIaW50ZXJpb3JyqQQAAIlVBXNv\ncnJ5cqoEAACJVQ1ob2xpZGF5X3Jvc2VzcqsEAACJVQtkZXNjcmlwdGlvbnKsBAAAWE8AAADQntGH\n0LDRgNC+0LLQsNGC0LXQu9GM0L3Ri9C5INGB0LvQvtC90LXQvdC+0Log0YEg0LHQvtC70YzRiNC4\n0LzQuCDRg9GI0LrQsNC80Lghcq0EAABVCWhvcm9zY29wZXKuBAAAiVUFcHJpY2VyrwQAAIoCJgJV\nCWlzX2FjdGl2ZXKwBAAAiFUKdXBkYXRlZF9hdHKxBAAAaCNVCgfdAgcGHTMAAABoJClScrIEAACG\nUnKzBAAAVQhiaXJ0aGRheXK0BAAAiVUQYnVzaW5lc3NfYm91cXVldHK1BAAAiVUFY2hpbGRytgQA\nAIlVBHNsdWdytwQAAFgOAAAAc2xvbmVub2stYm9ubmlyuAQAAFUCaGVyuQQAAIlVBG5hbWVyugQA\nAFgbAAAA0KHQu9C+0L3QtdC90L7QuiDQkdC+0L3QvdC4crsEAABVCmNyZWF0ZWRfYXRyvAQAAGgj\nVQoH3QIHBh0zAAAAarIEAACGUnK9BAAAVQpwcm9tb2Jsb2Nrcr4EAABYQAEAANCX0LDQvNC10YfQ\nsNGC0LXQu9GM0L3Ri9C5INC80Y/Qs9C60LjQuSDQuCDQtNC+0LHRgNGL0Lkg0YHQu9C+0L3QtdC9\n0L7Quiwg0LrQvtGC0L7RgNGL0Lkg0LjRidC10YIg0LTRgNGD0LfQtdC5INC4INC/0YDQtdC00LvQ\nvtCz0LDQtdGCINC/0L7QutCw0YLQsNGC0Ywg0LjRhSDQvdCwINGB0L/QuNC90LUhPGJyIC8+PGJy\nIC8+PHN0cm9uZz7Qn9Cw0YDQsNC80LXRgtGA0Ys6PC9zdHJvbmc+INCy0YvRgdC+0YLQsCAtIDcw\nINGB0LwuJm5ic3A7PGJyIC8+PGJyIC8+PHN0cm9uZz7QkNGA0YLQuNC60YPQuzo8L3N0cm9uZz4g\nMTMyMzA4PGJyIC8+PGJyIC8+PGJyIC8+cr8EAABVB2NvbmdyYXRywAQAAIlVA3NoZXLBBAAAiVUO\naXNfcmVjb21tZW5kZWRywgQAAIlVC2NhdGVnb3J5X2lkcsMEAACKATN1YksBaARoBV1oBodScsQE\nAAB9csUEAAAoVQ1tZXRhX2tleXdvcmRzcsYEAABYAAAAAFUEbG92ZXLHBAAAiVUHd2VkZGluZ3LI\nBAAAiFUGX3N0YXRlcskEAABoDSmBcsoEAAB9cssEAAAoVQZhZGRpbmdyzAQAAIlVAmRics0EAABV\nB2RlZmF1bHRyzgQAAHViVQZpc19uZXdyzwQAAIlVA3ZpcHLQBAAAiVUGdGhhbmtzctEEAACJVQJp\nZHLSBAAAigEfVRBtZXRhX2Rlc2NyaXB0aW9uctMEAABYAAAAAFUFdGl0bGVy1AQAAFgAAAAAVQth\nbm5pdmVyc2FyeXLVBAAAiVUIaW50ZXJpb3Jy1gQAAIlVBXNvcnJ5ctcEAACJVQ1ob2xpZGF5X3Jv\nc2VzctgEAACJVQtkZXNjcmlwdGlvbnLZBAAAWDUAAADQndC10LbQvdGL0Lkg0LHRg9C60LXRgiDQ\nuNC3IDI1INGA0L7Qt9C+0LLRi9GFINGA0L7Qt3LaBAAAVQlob3Jvc2NvcGVy2wQAAIlVBXByaWNl\nctwEAACKAgIIVQlpc19hY3RpdmVy3QQAAIhVCnVwZGF0ZWRfYXRy3gQAAGgjVQoH3QIJCwYZAAAA\naCQpUnLfBAAAhlJy4AQAAFUIYmlydGhkYXly4QQAAIlVEGJ1c2luZXNzX2JvdXF1ZXRy4gQAAIlV\nBWNoaWxkcuMEAACJVQRzbHVncuQEAABYDwAAAGJ1a2V0LW5ldmVzdHktNHLlBAAAVQJoZXLmBAAA\niVUEbmFtZXLnBAAAWB4AAADQkdGD0LrQtdGCINC90LXQstC10YHRgtGLIOKEljRy6AQAAFUKY3Jl\nYXRlZF9hdHLpBAAAaCNVCgfdAggHEwEAAABq3wQAAIZScuoEAABVCnByb21vYmxvY2ty6wQAAFif\nAAAA0KDQvtC30L7QstGL0LUg0YDQvtC30Ysg0L/QvtC00L7QudC00YPRgiDQvNC40LvQvtC5INC9\n0LXQttC90L7QuSDQvdC10LLQtdGB0YLQtSZuYnNwOzxiciAvPjxiciAvPjxiciAvPjxzdHJvbmc+\n0JDRgNGC0LjQutGD0LsgMTMxMDIxPGJyIC8+PGJyIC8+PGJyIC8+PC9zdHJvbmc+cuwEAABVB2Nv\nbmdyYXRy7QQAAIlVA3NoZXLuBAAAiVUOaXNfcmVjb21tZW5kZWRy7wQAAIlVC2NhdGVnb3J5X2lk\ncvAEAACKAVh1YksBaARoZF1oBodScvEEAAB9cvIEAAAoVQ1tZXRhX2tleXdvcmRzcvMEAABYAAAA\nAFUEbG92ZXL0BAAAiVUHd2VkZGluZ3L1BAAAiFUGX3N0YXRlcvYEAABoDSmBcvcEAAB9cvgEAAAo\nVQZhZGRpbmdy+QQAAIlVAmRicvoEAABVB2RlZmF1bHRy+wQAAHViVQZpc19uZXdy/AQAAIlVA3Zp\ncHL9BAAAiVUGdGhhbmtzcv4EAACJVQJpZHL/BAAAigEgVRBtZXRhX2Rlc2NyaXB0aW9ucgAFAABY\nAAAAAFUFdGl0bGVyAQUAAFgAAAAAVQthbm5pdmVyc2FyeXICBQAAiVUIaW50ZXJpb3JyAwUAAIlV\nBXNvcnJ5cgQFAACJVQ1ob2xpZGF5X3Jvc2VzcgUFAACJVQtkZXNjcmlwdGlvbnIGBQAAWHoAAADQ\nrdC70LXQs9Cw0L3RgtC90YvQuSDQsNC70YzQsdC+0Lwg0LTQu9GPINGB0L7QsdGA0LDQvdC40Y8g\n0L3QtdC30LDQsdGL0LLQsNC10LzRi9GFINGB0LLQsNC00LXQsdC90YvRhSDRhNC+0YLQvtCz0YDQ\nsNGE0LjQuXIHBQAAVQlob3Jvc2NvcGVyCAUAAIlVBXByaWNlcgkFAACKArwCVQlpc19hY3RpdmVy\nCgUAAIhVCnVwZGF0ZWRfYXRyCwUAAGgjVQoH3QIHCA8WAAAAaCQpUnIMBQAAhlJyDQUAAFUIYmly\ndGhkYXlyDgUAAIlVEGJ1c2luZXNzX2JvdXF1ZXRyDwUAAIlVBWNoaWxkchAFAACJVQRzbHVnchEF\nAABYHwAAAGFsYm9tLWRseWEtZm90b2dyYWZpai1zdmFkZWJueWpyEgUAAFUCaGVyEwUAAIlVBG5h\nbWVyFAUAAFg9AAAA0JDQu9GM0LHQvtC8INC00LvRjyDRhNC+0YLQvtCz0YDQsNGE0LjQuSAi0KHQ\nstCw0LTQtdCx0L3Ri9C5InIVBQAAVQpjcmVhdGVkX2F0chYFAABoI1UKB90CBwgPAwAAAGoMBQAA\nhlJyFwUAAFUKcHJvbW9ibG9ja3IYBQAAWKQBAADQn9GA0LXQutGA0LDRgdC90YvQuSDQsNC70YzQ\nsdC+0Lwg0LIg0LrQvtGA0L7QsdC60LUg0L/QvtC80L7QttC10YIg0YHQvtGF0YDQsNC90LjRgtGM\nINGP0YDQutC40LUg0LzQvtC80LXQvdGC0Ysg0YHQsNC80L7Qs9C+INCy0LDQttC90L7Qs9C+INC0\n0LvRjyDQktCw0YEg0LTQvdGPISDQkNC70YzQsdC+0Lwg0YHQvtGB0YLQvtC40YIg0LjQtyAyMCDQ\nvNCw0LPQvdC40YLQvdGL0YUg0LvQuNGB0YLQvtCyINGE0L7RgNC80LDRgtCwIDI40YUzMdGB0Lw8\nYnIgLz48YnIgLz48c3Ryb25nPtCf0LDRgNCw0LzQtdGC0YDRizo8L3N0cm9uZz4g0YjQuNGA0LjQ\nvdCwIC0gMzEg0YHQvCwg0LLRi9GB0L7RgtCwIC0gMzEg0YHQvC4mbmJzcDs8YnIgLz48YnIgLz48\nc3Ryb25nPtCQ0YDRgtC40LrRg9C7Ojwvc3Ryb25nPiAxMzQzMzA8YnIgLz48YnIgLz5yGQUAAFUH\nY29uZ3JhdHIaBQAAiVUDc2hlchsFAACJVQ5pc19yZWNvbW1lbmRlZHIcBQAAiVULY2F0ZWdvcnlf\naWRyHQUAAIoBN3ViSwFoBGgFXWgGh1JyHgUAAH1yHwUAAChVDW1ldGFfa2V5d29yZHNyIAUAAFgA\nAAAAVQRsb3ZlciEFAACJVQd3ZWRkaW5nciIFAACJVQZfc3RhdGVyIwUAAGgNKYFyJAUAAH1yJQUA\nAChVBmFkZGluZ3ImBQAAiVUCZGJyJwUAAFUHZGVmYXVsdHIoBQAAdWJVBmlzX25ld3IpBQAAiVUD\ndmlwcioFAACJVQZ0aGFua3NyKwUAAIlVAmlkciwFAACKASFVEG1ldGFfZGVzY3JpcHRpb25yLQUA\nAFgAAAAAVQV0aXRsZXIuBQAAWAAAAABVC2Fubml2ZXJzYXJ5ci8FAACJVQhpbnRlcmlvcnIwBQAA\niVUFc29ycnlyMQUAAIlVDWhvbGlkYXlfcm9zZXNyMgUAAIlVC2Rlc2NyaXB0aW9ucjMFAABYlwAA\nANCf0L7QtNCw0YDQuNGC0LUg0YDQsNC00L7RgdGC0Ywg0Lgg0L7RgtC70LjRh9C90L7QtSDQvdCw\n0YHRgtGA0L7QtdC90LjQtSDQstC80LXRgdGC0LUg0YEg0Y3RgtC40Lwg0Y/RgNC60LjQvCDQvtC/\n0YLQuNC80LjRgdGC0LjRh9C90YvQvCDQsdGD0LrQtdGC0L7QvCFyNAUAAFUJaG9yb3Njb3BlcjUF\nAACJVQVwcmljZXI2BQAAigJGBVUJaXNfYWN0aXZlcjcFAACIVQp1cGRhdGVkX2F0cjgFAABoI1UK\nB90CCQsJCAAAAGgkKVJyOQUAAIZScjoFAABVCGJpcnRoZGF5cjsFAACIVRBidXNpbmVzc19ib3Vx\ndWV0cjwFAACJVQVjaGlsZHI9BQAAiVUEc2x1Z3I+BQAAWBMAAABob3Jvc2hlZS1uYXN0cm9lbmll\ncj8FAABVAmhlckAFAACJVQRuYW1lckEFAABYIwAAANCl0L7RgNC+0YjQtdC1INC90LDRgdGC0YDQ\nvtC10L3QuNC1ckIFAABVCmNyZWF0ZWRfYXRyQwUAAGgjVQoH3QIIByIGAAAAajkFAACGUnJEBQAA\nVQpwcm9tb2Jsb2NrckUFAABY1gAAANCv0YDQutC+0LUg0YHQvtGH0LXRgtCw0L3QuNC1INGG0LLQ\ntdGC0L7QsiDQv9C+0LTQvtC50LTQtdGCINC6INC70Y7QsdC+0LzRgyDQv9C+0LLQvtC00YMg0Lgg\n0YPQutGA0LDRgdC40YIg0YHQtdGA0YvQtSDQsdGD0LTQvdC4PGJyIC8+PGJyIC8+PHN0cm9uZz7Q\nkNGA0YLQuNC60YPQuyAxMzEwMjM8YnIgLz48YnIgLz48YnIgLz48YnIgLz48YnIgLz48YnIgLz48\nL3N0cm9uZz5yRgUAAFUHY29uZ3JhdHJHBQAAiFUDc2hlckgFAACJVQ5pc19yZWNvbW1lbmRlZHJJ\nBQAAiVULY2F0ZWdvcnlfaWRySgUAAIoBF3ViSwFoBGgFXWgGh1JySwUAAH1yTAUAAChVDW1ldGFf\na2V5d29yZHNyTQUAAFgAAAAAVQRsb3Zlck4FAACJVQd3ZWRkaW5nck8FAACJVQZfc3RhdGVyUAUA\nAGgNKYFyUQUAAH1yUgUAAChVBmFkZGluZ3JTBQAAiVUCZGJyVAUAAFUHZGVmYXVsdHJVBQAAdWJV\nBmlzX25ld3JWBQAAiVUDdmlwclcFAACJVQZ0aGFua3NyWAUAAIhVAmlkclkFAACKASJVEG1ldGFf\nZGVzY3JpcHRpb25yWgUAAFgAAAAAVQV0aXRsZXJbBQAAWAAAAABVC2Fubml2ZXJzYXJ5clwFAACJ\nVQhpbnRlcmlvcnJdBQAAiVUFc29ycnlyXgUAAIlVDWhvbGlkYXlfcm9zZXNyXwUAAIlVC2Rlc2Ny\naXB0aW9ucmAFAABYeAAAANCR0YPQutC10YIg0LvQtdGB0L3QsNGPINC+0L/Rg9GI0LrQsCDRgdC7\n0L7QstC90L4g0YHQvtC70L3Ri9GI0LrQviDQv9C+0LTQsNGA0LjRgiDRgtC10L/Qu9C+INCyINC7\n0Y7QsdGD0Y4g0L/QvtCz0L7QtNGDLnJhBQAAVQlob3Jvc2NvcGVyYgUAAIlVBXByaWNlcmMFAACK\nArAEVQlpc19hY3RpdmVyZAUAAIhVCnVwZGF0ZWRfYXRyZQUAAGgjVQoH3QIJCwkuAAAAaCQpUnJm\nBQAAhlJyZwUAAFUIYmlydGhkYXlyaAUAAIlVEGJ1c2luZXNzX2JvdXF1ZXRyaQUAAIlVBWNoaWxk\ncmoFAACJVQRzbHVncmsFAABYDwAAAGxlc25heWEtb3B1c2hrYXJsBQAAVQJoZXJtBQAAiVUEbmFt\nZXJuBQAAWBkAAADQm9C10YHQvdCw0Y8g0L7Qv9GD0YjQutCwcm8FAABVCmNyZWF0ZWRfYXRycAUA\nAGgjVQoH3QIIBysmAAAAamYFAACGUnJxBQAAVQpwcm9tb2Jsb2NrcnIFAABY0QAAANCR0YPQutC1\n0YIg0L/QvtC80L7QttC10YIg0JLQsNC8INCy0LXRgNC90YPRgtGM0YHRjyDQsiDQu9C10YLQviDQ\nuCDQvtGJ0YPRgtC40YLRjCDQstGB0Y4g0LrRgNCw0YHQvtGC0YMg0Lgg0YLQtdC/0LvQviDQu9C1\n0YLQvdC10LPQviDQu9C10YHQsDxiciAvPjxiciAvPjxzdHJvbmc+0JDRgNGC0LjQutGD0LsgMTMx\nMDI0PGJyIC8+PGJyIC8+PGJyIC8+PC9zdHJvbmc+cnMFAABVB2NvbmdyYXRydAUAAIhVA3NoZXJ1\nBQAAiVUOaXNfcmVjb21tZW5kZWRydgUAAIlVC2NhdGVnb3J5X2lkcncFAACKASp1YksBaARoZF1o\nBodScngFAAB9cnkFAAAoVQ1tZXRhX2tleXdvcmRzcnoFAABYAAAAAFUEbG92ZXJ7BQAAiVUHd2Vk\nZGluZ3J8BQAAiVUGX3N0YXRlcn0FAABoDSmBcn4FAAB9cn8FAAAoVQZhZGRpbmdygAUAAIlVAmRi\ncoEFAABVB2RlZmF1bHRyggUAAHViVQZpc19uZXdygwUAAIlVA3ZpcHKEBQAAiVUGdGhhbmtzcoUF\nAACJVQJpZHKGBQAAigEjVRBtZXRhX2Rlc2NyaXB0aW9ucocFAABYAAAAAFUFdGl0bGVyiAUAAFgA\nAAAAVQthbm5pdmVyc2FyeXKJBQAAiVUIaW50ZXJpb3JyigUAAIlVBXNvcnJ5cosFAACJVQ1ob2xp\nZGF5X3Jvc2VzcowFAACJVQtkZXNjcmlwdGlvbnKNBQAAWGkAAADQodGC0LjQu9GM0L3Ri9C5INCw\n0LvRjNCx0L7QvCDQtNC70Y8g0JLQsNGI0LjRhSDRhNC+0YLQvtCz0YDQsNGE0LjQuSwg0YPQutGA\n0LDRiNC10L3QvdGL0Lkg0YbQstC10YLQsNC80LhyjgUAAFUJaG9yb3Njb3Blco8FAACJVQVwcmlj\nZXKQBQAAigL0AVUJaXNfYWN0aXZlcpEFAACIVQp1cGRhdGVkX2F0cpIFAABoI1UKB90CBwkXMAAA\nAGgkKVJykwUAAIZScpQFAABVCGJpcnRoZGF5cpUFAACJVRBidXNpbmVzc19ib3VxdWV0cpYFAACJ\nVQVjaGlsZHKXBQAAiVUEc2x1Z3KYBQAAWBsAAABhbGJvbS1kbHlhLWZvdG9ncmFmaWotY3ZldHly\nmQUAAFUCaGVymgUAAIlVBG5hbWVymwUAAFg1AAAA0JDQu9GM0LHQvtC8INC00LvRjyDRhNC+0YLQ\nvtCz0YDQsNGE0LjQuSAi0KbQstC10YLRiyJynAUAAFUKY3JlYXRlZF9hdHKdBQAAaCNVCgfdAgcI\nNx8AAABqkwUAAIZScp4FAABVCnByb21vYmxvY2tynwUAAFioAQAA0J3QsNGA0Y/QtNC90YvQuSDQ\nsNC70YzQsdC+0Lwg0YHQvtGB0YLQvtGP0YnQuNC5INC40LcgNTAg0LvQuNGB0YLQvtCyINGBINC/\n0LvQsNGB0YLQuNC60L7QstGL0LzQuCDQutCw0YDQvNCw0YjQutCw0LzQuCDRhNC+0YDQvNCw0YLQ\nsCAxNdGFMjAg0Lgg0LLQvtC30LzQvtC20L3QvtGB0YLRjNGOINGB0LTQtdC70LDRgtGMINC/0LDQ\nvNGP0YLQvdGD0Y4g0L3QsNC00L/QuNGB0Ywg0Log0LrQsNC20LTQvtC5INGE0L7RgtC+0LPRgNCw\n0YTQuNC4LjxiciAvPjxiciAvPjxzdHJvbmc+0J/QsNGA0LDQvNC10YLRgNGLOjwvc3Ryb25nPiDR\niNC40YDQuNC90LAgLSAyMiDRgdC8LCDQstGL0YHQvtGC0LAgLSAyNCDRgdC8LiZuYnNwOzxiciAv\nPjxiciAvPjxzdHJvbmc+0JDRgNGC0LjQutGD0Ls6PC9zdHJvbmc+IDEzNDMzOTxiciAvPjxiciAv\nPjxiciAvPnKgBQAAVQdjb25ncmF0cqEFAACJVQNzaGVyogUAAIlVDmlzX3JlY29tbWVuZGVkcqMF\nAACJVQtjYXRlZ29yeV9pZHKkBQAAigE3dWJLAWgEaAVdaAaHUnKlBQAAfXKmBQAAKFUNbWV0YV9r\nZXl3b3Jkc3KnBQAAWAAAAABVBGxvdmVyqAUAAIhVB3dlZGRpbmdyqQUAAIlVBl9zdGF0ZXKqBQAA\naA0pgXKrBQAAfXKsBQAAKFUGYWRkaW5ncq0FAACJVQJkYnKuBQAAVQdkZWZhdWx0cq8FAAB1YlUG\naXNfbmV3crAFAACJVQN2aXBysQUAAIlVBnRoYW5rc3KyBQAAiVUCaWRyswUAAIoBJFUQbWV0YV9k\nZXNjcmlwdGlvbnK0BQAAWAAAAABVBXRpdGxlcrUFAABYAAAAAFULYW5uaXZlcnNhcnlytgUAAIlV\nCGludGVyaW9ycrcFAACJVQVzb3JyeXK4BQAAiFUNaG9saWRheV9yb3Nlc3K5BQAAiVULZGVzY3Jp\ncHRpb25yugUAAFh9AAAA0KHQvtGH0LjRgtCw0L3QuNC1INC90LXQttC90L7QuSDQs9Cw0LzQvNGL\nINCy0LXRgdC10L3QvdC40YUg0YLRjtC70YzQv9Cw0L3QvtCyINC4INC20LjQt9C90LXRgNCw0LTQ\nvtGB0YLQvdGL0YUg0YDQvtC80LDRiNC10LpyuwUAAFUJaG9yb3Njb3BlcrwFAACJVQVwcmljZXK9\nBQAAigJGBVUJaXNfYWN0aXZlcr4FAACIVQp1cGRhdGVkX2F0cr8FAABoI1UKB90CCQkxDgAAAGgk\nKVJywAUAAIZScsEFAABVCGJpcnRoZGF5csIFAACIVRBidXNpbmVzc19ib3VxdWV0csMFAACJVQVj\naGlsZHLEBQAAiFUEc2x1Z3LFBQAAWAcAAAB6aGFzbWlucsYFAABVAmhlcscFAACJVQRuYW1lcsgF\nAABYDAAAANCW0LDRgdC80LjQvXLJBQAAVQpjcmVhdGVkX2F0csoFAABoI1UKB90CCAgBEwAAAGrA\nBQAAhlJyywUAAFUKcHJvbW9ibG9ja3LMBQAAWK0AAADQrdGC0L7RgiDQstC10YHQtdC90L3QuNC5\nINCx0YPQutC10YIg0LHRg9C00LXRgiDQutCw0Log0LvRg9GH0LjQuiDRgdC+0LvQvdGL0YjQutCw\nINCyINC/0LDRgdC80YPRgNC90YPRjiDQv9C+0LPQvtC00YMmbmJzcDs8YnIgLz48YnIgLz48c3Ry\nb25nPtCQ0YDRgtC40LrRg9C7IDEzMTAyNjwvc3Ryb25nPnLNBQAAVQdjb25ncmF0cs4FAACIVQNz\naGVyzwUAAIlVDmlzX3JlY29tbWVuZGVkctAFAACJVQtjYXRlZ29yeV9pZHLRBQAAigEVdWJLAWgE\naGRdaAaHUnLSBQAAfXLTBQAAKFUNbWV0YV9rZXl3b3Jkc3LUBQAAWAAAAABVBGxvdmVy1QUAAIlV\nB3dlZGRpbmdy1gUAAIlVBl9zdGF0ZXLXBQAAaA0pgXLYBQAAfXLZBQAAKFUGYWRkaW5nctoFAACJ\nVQJkYnLbBQAAVQdkZWZhdWx0ctwFAAB1YlUGaXNfbmV3ct0FAACJVQN2aXBy3gUAAIlVBnRoYW5r\nc3LfBQAAiVUCaWRy4AUAAIoBJVUQbWV0YV9kZXNjcmlwdGlvbnLhBQAAWAAAAABVBXRpdGxlcuIF\nAABYAAAAAFULYW5uaXZlcnNhcnly4wUAAIlVCGludGVyaW9ycuQFAACJVQVzb3JyeXLlBQAAiVUN\naG9saWRheV9yb3Nlc3LmBQAAiVULZGVzY3JpcHRpb25y5wUAAFhBAAAA0JrQu9Cw0YHRgdC40YfQ\ntdGB0LrQuNC5INCw0LvRjNCx0L7QvCDQtNC70Y8g0YTQvtGC0L7Qs9GA0LDRhNC40Lly6AUAAFUJ\naG9yb3Njb3BlcukFAACJVQVwcmljZXLqBQAAigL6AFUJaXNfYWN0aXZlcusFAACIVQp1cGRhdGVk\nX2F0cuwFAABoI1UKB90CBwkXHwAAAGgkKVJy7QUAAIZScu4FAABVCGJpcnRoZGF5cu8FAACJVRBi\ndXNpbmVzc19ib3VxdWV0cvAFAACJVQVjaGlsZHLxBQAAiVUEc2x1Z3LyBQAAWAkAAABmb3RvYWxi\nb21y8wUAAFUCaGVy9AUAAIlVBG5hbWVy9QUAAFgUAAAA0KTQvtGC0L7QsNC70YzQsdC+0Lxy9gUA\nAFUKY3JlYXRlZF9hdHL3BQAAaCNVCgfdAgcJFx8AAABq7QUAAIZScvgFAABVCnByb21vYmxvY2ty\n+QUAAFj5AAAA0JrQu9Cw0YHRgdC40YfQtdGB0LrQuNC5INCw0LvRjNCx0L7QvCDRgdC+0YHRgtC+\n0LjRgiDQuNC3IDEwINC80LDQs9C90LjRgtC90YvRhSDQu9C40YHRgtC+0LIg0YTQvtGA0LzQsNGC\n0LAgMjDRhTI40YHQvDxiciAvPjxiciAvPtCf0LDRgNCw0LzQtdGC0YDRizog0YjQuNGA0LjQvdCw\nIC0gMjUg0YHQvCwg0LLRi9GB0L7RgtCwIC0gMjkg0YHQvC4mbmJzcDs8YnIgLz48YnIgLz7QkNGA\n0YLQuNC60YPQuzogMTM0MzU4PGJyIC8+PGJyIC8+cvoFAABVB2NvbmdyYXRy+wUAAIlVA3NoZXL8\nBQAAiVUOaXNfcmVjb21tZW5kZWRy/QUAAIlVC2NhdGVnb3J5X2lkcv4FAACKATd1YksBaARoZF1o\nBodScv8FAAB9cgAGAAAoVQ1tZXRhX2tleXdvcmRzcgEGAABYAAAAAFUEbG92ZXICBgAAiVUHd2Vk\nZGluZ3IDBgAAiVUGX3N0YXRlcgQGAABoDSmBcgUGAAB9cgYGAAAoVQZhZGRpbmdyBwYAAIlVAmRi\ncggGAABVB2RlZmF1bHRyCQYAAHViVQZpc19uZXdyCgYAAIlVA3ZpcHILBgAAiVUGdGhhbmtzcgwG\nAACJVQJpZHINBgAAigEmVRBtZXRhX2Rlc2NyaXB0aW9ucg4GAABYAAAAAFUFdGl0bGVyDwYAAFgA\nAAAAVQthbm5pdmVyc2FyeXIQBgAAiFUIaW50ZXJpb3JyEQYAAIlVBXNvcnJ5chIGAACJVQ1ob2xp\nZGF5X3Jvc2VzchMGAACJVQtkZXNjcmlwdGlvbnIUBgAAWEEAAADQl9Cw0LHQsNCy0L3Ri9C5INGI\n0LDRgNC40Log0LIg0L/QvtC00LDRgNC+0LogLSDQodC/0LDQvdGHINCR0L7QsXIVBgAAVQlob3Jv\nc2NvcGVyFgYAAIlVBXByaWNlchcGAACKAl4BVQlpc19hY3RpdmVyGAYAAIhVCnVwZGF0ZWRfYXRy\nGQYAAGgjVQoH3QIHCSoWAAAAaCQpUnIaBgAAhlJyGwYAAFUIYmlydGhkYXlyHAYAAIhVEGJ1c2lu\nZXNzX2JvdXF1ZXRyHQYAAIlVBWNoaWxkch4GAACIVQRzbHVnch8GAABYHAAAAHZvemR1c2hueWot\nc2hhcmlrLXNwYW5jaC1ib2JyIAYAAFUCaGVyIQYAAIlVBG5hbWVyIgYAAFgxAAAA0JLQvtC30LTR\ng9GI0L3Ri9C5INGI0LDRgNC40LogItCh0L/QsNC90Ycg0JHQvtCxInIjBgAAVQpjcmVhdGVkX2F0\nciQGAABoI1UKB90CBwkoFAAAAGoaBgAAhlJyJQYAAFUKcHJvbW9ibG9ja3ImBgAAWOAAAADQr9GA\n0LrQuNC5INCy0L7Qt9C00YPRiNC90YvQuSDRiNCw0YDQuNC6INCyINGE0L7RgNC80LUg0LfQsNCx\n0LDQstC90L7Qs9C+INCh0L/QsNC90Ycg0JHQvtCx0LA8YnIgLz48YnIgLz48c3Ryb25nPtCf0LDR\ngNCw0LzQtdGC0YDRizogPC9zdHJvbmc+0LLRi9GB0L7RgtCwIDYw0YHQvDxiciAvPjxzdHJvbmc+\n0JDRgNGC0LjQutGD0Ls6PC9zdHJvbmc+IDE4MjYzNTxiciAvPjxiciAvPjxiciAvPnInBgAAVQdj\nb25ncmF0cigGAACJVQNzaGVyKQYAAIlVDmlzX3JlY29tbWVuZGVkcioGAACJVQtjYXRlZ29yeV9p\nZHIrBgAAigE0dWJLAWgEaAVdaAaHUnIsBgAAfXItBgAAKFUNbWV0YV9rZXl3b3Jkc3IuBgAAWAAA\nAABVBGxvdmVyLwYAAIlVB3dlZGRpbmdyMAYAAIlVBl9zdGF0ZXIxBgAAaA0pgXIyBgAAfXIzBgAA\nKFUGYWRkaW5ncjQGAACJVQJkYnI1BgAAVQdkZWZhdWx0cjYGAAB1YlUGaXNfbmV3cjcGAACJVQN2\naXByOAYAAIlVBnRoYW5rc3I5BgAAiVUCaWRyOgYAAIoBJ1UQbWV0YV9kZXNjcmlwdGlvbnI7BgAA\nWAAAAABVBXRpdGxlcjwGAABYAAAAAFULYW5uaXZlcnNhcnlyPQYAAIhVCGludGVyaW9ycj4GAACJ\nVQVzb3JyeXI/BgAAiVUNaG9saWRheV9yb3Nlc3JABgAAiVULZGVzY3JpcHRpb25yQQYAAFiCAAAA\n0JrRgNGD0L/QvdGL0LUg0LPQtdGA0LHQtdGA0Ysg0L3QtdC20L3Ri9GFINC+0YLRgtC10L3QutC+\n0LIg0YHQvtCx0YDQsNC90L3RiyDQsiDQv9GD0YjQuNGB0YLRi9C5INC20LXQvdGB0YLQstC10L3Q\nvdGL0Lkg0LHRg9C60LXRgnJCBgAAVQlob3Jvc2NvcGVyQwYAAIlVBXByaWNlckQGAACKAuIEVQlp\nc19hY3RpdmVyRQYAAIhVCnVwZGF0ZWRfYXRyRgYAAGgjVQoH3QIJCiY4AAAAaCQpUnJHBgAAhlJy\nSAYAAFUIYmlydGhkYXlySQYAAIhVEGJ1c2luZXNzX2JvdXF1ZXRySgYAAIlVBWNoaWxkcksGAACJ\nVQRzbHVnckwGAABYBwAAAHZhcnZhcmFyTQYAAFUCaGVyTgYAAIlVBG5hbWVyTwYAAFgOAAAA0JLQ\nsNGA0LLQsNGA0LByUAYAAFUKY3JlYXRlZF9hdHJRBgAAaCNVCgfdAggIGhgAAABqRwYAAIZSclIG\nAABVCnByb21vYmxvY2tyUwYAAFjgAAAA0JHRg9C60LXRgiDQuNC3INCx0LXQu9C+0Lkg0YDQvtC8\n0LDRiNC60L7QstC+0Lkg0YXRgNC40LfQsNC90YLQtdC80Ysg0LgmbmJzcDvQtNC+0L/QvtC70L3Q\ntdC90LjQtSDRj9GA0LrQvtC5INC/0YDQvtC90LfQuNGC0LXQu9GM0L3QvtC5INCz0LXRgNCx0LXR\ngNGLPGJyIC8+PGJyIC8+PHN0cm9uZz7QkNGA0YLQuNC60YPQuyAxMzEwMjk8YnIgLz48YnIgLz48\nYnIgLz48YnIgLz48L3N0cm9uZz5yVAYAAFUHY29uZ3JhdHJVBgAAiFUDc2hlclYGAACJVQ5pc19y\nZWNvbW1lbmRlZHJXBgAAiVULY2F0ZWdvcnlfaWRyWAYAAIoBF3ViSwFoBGhkXWgGh1JyWQYAAH1y\nWgYAAChVDW1ldGFfa2V5d29yZHNyWwYAAFgAAAAAVQRsb3ZlclwGAACJVQd3ZWRkaW5ncl0GAACJ\nVQZfc3RhdGVyXgYAAGgNKYFyXwYAAH1yYAYAAChVBmFkZGluZ3JhBgAAiVUCZGJyYgYAAFUHZGVm\nYXVsdHJjBgAAdWJVBmlzX25ld3JkBgAAiVUDdmlwcmUGAACJVQZ0aGFua3NyZgYAAIlVAmlkcmcG\nAACKAShVEG1ldGFfZGVzY3JpcHRpb25yaAYAAFgAAAAAVQV0aXRsZXJpBgAAWAAAAABVC2Fubml2\nZXJzYXJ5cmoGAACIVQhpbnRlcmlvcnJrBgAAiVUFc29ycnlybAYAAIlVDWhvbGlkYXlfcm9zZXNy\nbQYAAIlVC2Rlc2NyaXB0aW9ucm4GAABYfgAAANCa0YDQsNGB0L7Rh9C90YvQuSDRiNCw0YDQuNC6\nINGBINC00L7QsdGA0YvQvNC4INC4INCy0LXRgdC10LvRi9C80Lgg0LPQtdGA0L7Rj9C80Lgg0LjQ\nt9Cy0LXRgdGC0L3QvtCz0L4g0LzRg9C70YzRgtGE0LjQu9GM0LzQsHJvBgAAVQlob3Jvc2NvcGVy\ncAYAAIlVBXByaWNlcnEGAACKAvoAVQlpc19hY3RpdmVycgYAAIhVCnVwZGF0ZWRfYXRycwYAAGgj\nVQoH3QIHCTMkAAAAaCQpUnJ0BgAAhlJydQYAAFUIYmlydGhkYXlydgYAAIhVEGJ1c2luZXNzX2Jv\ndXF1ZXRydwYAAIlVBWNoaWxkcngGAACJVQRzbHVncnkGAABYFwAAAHNoYXItcy1nZWxpZW0tbWlr\na2ltYXVzcnoGAABVAmhlcnsGAACJVQRuYW1lcnwGAABYKwAAANCo0LDRgCDRgSDQs9C10LvQuNC1\n0LwgItCc0LjQutC60LjQvNCw0YPRgSJyfQYAAFUKY3JlYXRlZF9hdHJ+BgAAaCNVCgfdAgcJMyQA\nAABqdAYAAIZScn8GAABVCnByb21vYmxvY2tygAYAAFg3AQAA0J/RgNCw0LfQtNC90LjRh9C90YvQ\nuSDRiNCw0YAsINC/0L7QtNCw0YDQtdC90L3Ri9C5INCy0LzQtdGB0YLQtSDRgSDQsdGD0LrQtdGC\n0L7QvCwg0L/QvtC00L3QuNC80LXRgiDQvdCw0YHRgtGA0L7QtdC90LjQtSDQuCDRgdC00LXQu9Cw\n0LXRgiDRgdGO0YDQv9GA0LjQtyDQvdC10LfQsNCx0YvQstCw0LXQvNGL0LwhPGJyIC8+PGJyIC8+\nPHN0cm9uZz7Qn9Cw0YDQsNC80LXRgtGA0Ys6PC9zdHJvbmc+INC00LjQsNC80LXRgtGAIC0gNDYg\n0YHQvC4mbmJzcDs8YnIgLz48YnIgLz48c3Ryb25nPtCQ0YDRgtC40LrRg9C7Ojwvc3Ryb25nPiAx\nMzM4ODdygQYAAFUHY29uZ3JhdHKCBgAAiFUDc2hlcoMGAACJVQ5pc19yZWNvbW1lbmRlZHKEBgAA\niVULY2F0ZWdvcnlfaWRyhQYAAIoBNHViSwFoBGhkXWgGh1JyhgYAAH1yhwYAAChVDW1ldGFfa2V5\nd29yZHNyiAYAAFgAAAAAVQRsb3ZlcokGAACIVQd3ZWRkaW5ncooGAACJVQZfc3RhdGVyiwYAAGgN\nKYFyjAYAAH1yjQYAAChVBmFkZGluZ3KOBgAAiVUCZGJyjwYAAFUHZGVmYXVsdHKQBgAAdWJVBmlz\nX25ld3KRBgAAiVUDdmlwcpIGAACJVQZ0aGFua3NykwYAAIlVAmlkcpQGAACKASlVEG1ldGFfZGVz\nY3JpcHRpb25ylQYAAFgAAAAAVQV0aXRsZXKWBgAAWAAAAABVC2Fubml2ZXJzYXJ5cpcGAACJVQhp\nbnRlcmlvcnKYBgAAiVUFc29ycnlymQYAAIlVDWhvbGlkYXlfcm9zZXNymgYAAIlVC2Rlc2NyaXB0\naW9ucpsGAABYNQAAANCh0LXRgNC00YbQtSDQtNC70Y8g0LvRjtCx0LjQvNC+0LPQviDRh9C10LvQ\nvtCy0LXQutCwcpwGAABVCWhvcm9zY29wZXKdBgAAiVUFcHJpY2VyngYAAIoBMlUJaXNfYWN0aXZl\ncp8GAACIVQp1cGRhdGVkX2F0cqAGAABoI1UKB90CBwoNBAAAAGgkKVJyoQYAAIZScqIGAABVCGJp\ncnRoZGF5cqMGAACJVRBidXNpbmVzc19ib3VxdWV0cqQGAACJVQVjaGlsZHKlBgAAiVUEc2x1Z3Km\nBgAAWBQAAABzaGFyLXMtZ2VsaWVtLXNlcmRjZXKnBgAAVQJoZXKoBgAAiVUEbmFtZXKpBgAAWCYA\nAADQqNCw0YAg0YEg0LPQtdC70LjQtdC8ICIg0KHQtdGA0LTRhtC1InKqBgAAVQpjcmVhdGVkX2F0\ncqsGAABoI1UKB90CBwoKLgAAAGqhBgAAhlJyrAYAAFUKcHJvbW9ibG9ja3KtBgAAWH4AAAA8c3Ry\nb25nPtCf0LDRgNCw0LzQtdGC0YDRizo8L3N0cm9uZz4g0YjQuNGA0LjQvdCwIDMwINGB0Lw8YnIg\nLz48YnIgLz48c3Ryb25nPtCQ0YDRgtC40LrRg9C7Ojwvc3Ryb25nPiAxNDAyMTA8YnIgLz48YnIg\nLz48YnIgLz5yrgYAAFUHY29uZ3JhdHKvBgAAiVUDc2hlcrAGAACJVQ5pc19yZWNvbW1lbmRlZHKx\nBgAAiVULY2F0ZWdvcnlfaWRysgYAAIoBNHViSwFoBGhkXWgGh1JyswYAAH1ytAYAAChVDW1ldGFf\na2V5d29yZHNytQYAAFgAAAAAVQRsb3ZlcrYGAACJVQd3ZWRkaW5ncrcGAACJVQZfc3RhdGVyuAYA\nAGgNKYFyuQYAAH1yugYAAChVBmFkZGluZ3K7BgAAiVUCZGJyvAYAAFUHZGVmYXVsdHK9BgAAdWJV\nBmlzX25ld3K+BgAAiVUDdmlwcr8GAACJVQZ0aGFua3NywAYAAIlVAmlkcsEGAACKASpVEG1ldGFf\nZGVzY3JpcHRpb25ywgYAAFgAAAAAVQV0aXRsZXLDBgAAWAAAAABVC2Fubml2ZXJzYXJ5csQGAACI\nVQhpbnRlcmlvcnLFBgAAiVUFc29ycnlyxgYAAIlVDWhvbGlkYXlfcm9zZXNyxwYAAIlVC2Rlc2Ny\naXB0aW9ucsgGAABYPQAAANCS0LXQu9C40LrQvtC70LXQv9C90YvQuSDRgdGO0YDQv9GA0LjQtyDQ\nvdCwINC/0YDQsNC30LTQvdC40LpyyQYAAFUJaG9yb3Njb3BlcsoGAACJVQVwcmljZXLLBgAAigEy\nVQlpc19hY3RpdmVyzAYAAIhVCnVwZGF0ZWRfYXRyzQYAAGgjVQoH3QIHChIWAAAAaCQpUnLOBgAA\nhlJyzwYAAFUIYmlydGhkYXly0AYAAIhVEGJ1c2luZXNzX2JvdXF1ZXRy0QYAAIlVBWNoaWxkctIG\nAACJVQRzbHVnctMGAABYHwAAAHNoYXItcy1nZWxpZW0tcy1kbmVtLXJvemhkZW5peWFy1AYAAFUC\naGVy1QYAAIlVBG5hbWVy1gYAAFg1AAAA0KjQsNGAINGBINCz0LXQu9C40LXQvCAi0KEg0LTQvdC1\n0Lwg0YDQvtC20LTQtdC90LjRjyFy1wYAAFUKY3JlYXRlZF9hdHLYBgAAaCNVCgfdAgcKDzkAAABq\nzgYAAIZSctkGAABVCnByb21vYmxvY2ty2gYAAFjnAAAA0JIg0LDRgdGB0L7RgNGC0LjQvNC10L3R\ngtC1LCDQvNC90L7QttC10YHRgtCy0L4g0YDQsNC30LvQuNGH0L3Ri9GFINC90LDQtNC/0LjRgdC1\n0Lkg0Lgg0YbQstC10YLQvtCyPGJyIC8+PHN0cm9uZz48YnIgLz7Qn9Cw0YDQsNC80LXRgtGA0Ys6\nPC9zdHJvbmc+INGI0LjRgNC40L3QsCAzMCDRgdC8PGJyIC8+PGJyIC8+PHN0cm9uZz7QkNGA0YLQ\nuNC60YPQuzo8L3N0cm9uZz4gMTQwNTIwPGJyIC8+PGJyIC8+ctsGAABVB2NvbmdyYXRy3AYAAIlV\nA3NoZXLdBgAAiVUOaXNfcmVjb21tZW5kZWRy3gYAAIlVC2NhdGVnb3J5X2lkct8GAACKATR1YksB\naARoBV1oBodScuAGAAB9cuEGAAAoVQ1tZXRhX2tleXdvcmRzcuIGAABYAAAAAFUEbG92ZXLjBgAA\niVUHd2VkZGluZ3LkBgAAiVUGX3N0YXRlcuUGAABoDSmBcuYGAAB9cucGAAAoVQZhZGRpbmdy6AYA\nAIlVAmRicukGAABVB2RlZmF1bHRy6gYAAHViVQZpc19uZXdy6wYAAIlVA3ZpcHLsBgAAiVUGdGhh\nbmtzcu0GAACJVQJpZHLuBgAAigEHVRBtZXRhX2Rlc2NyaXB0aW9ucu8GAABYAAAAAFUFdGl0bGVy\n8AYAAFgAAAAAVQthbm5pdmVyc2FyeXLxBgAAiVUIaW50ZXJpb3Jy8gYAAIlVBXNvcnJ5cvMGAACJ\nVQ1ob2xpZGF5X3Jvc2VzcvQGAACJVQtkZXNjcmlwdGlvbnL1BgAAWIMAAADQn9GA0LXQutGA0LDR\ngdC90YvQuSDQsdGD0LrQtdGCINCy0YvQv9C+0LvQvdC10L0g0LjQtyDQvdC10LbQvdGL0YUg0YDQ\nvtC30L7QstGL0YUg0YDQvtC3INC4INGC0LDQuNC90YHRgtCy0LXQvdC90L7QuSDQvtGA0YXQuNC0\n0LXQuHL2BgAAVQlob3Jvc2NvcGVy9wYAAIlVBXByaWNlcvgGAACKAsoIVQlpc19hY3RpdmVy+QYA\nAIhVCnVwZGF0ZWRfYXRy+gYAAGgjVQoH3QIJCBAKAAAAaCQpUnL7BgAAhlJy/AYAAFUIYmlydGhk\nYXly/QYAAIlVEGJ1c2luZXNzX2JvdXF1ZXRy/gYAAIlVBWNoaWxkcv8GAACJVQRzbHVncgAHAABY\nBAAAAGRpdmFyAQcAAFUCaGVyAgcAAIlVBG5hbWVyAwcAAFgIAAAA0JTQuNCy0LByBAcAAFUKY3Jl\nYXRlZF9hdHIFBwAAaCNVCgfdARIGAScAAABq+wYAAIZScgYHAABVCnByb21vYmxvY2tyBwcAAFgW\nAgAA0KPQtNC40LLQuNGC0LXQu9GM0L3Ri9C5INGA0L7QvNCw0L3RgtC40YfQvdGL0Lkg0LHRg9C6\n0LXRgiDQstC+0YHRhdC40YnQsNC10YIg0YHQstC+0LXQuSDQu9C10LPQutC+0YHRgtGM0Y4g0Lgg\n0LLQtdC70LjQutC+0LvQtdC/0L3Ri9C8INGB0L7Rh9C10YLQsNC90LjQtdC8INC+0YLRgtC10L3Q\nutC+0LI8YnIgLz48YnIgLz48c3Ryb25nPtCQ0YDRgtC40LrRg9C7IDEzMTAwMjxiciAvPjxiciAv\nPjwvc3Ryb25nPjxlbT7Qn9C+0LbQsNC70YPQudGB0YLQsCwg0LfQsNC60LDQt9GL0LLQsNC50YLQ\ntSDQsdGD0LrQtdGC0Ysg0LjQtyDRjdC60LfQvtGC0LjRh9C10YHQutC40YUg0YbQstC10YLQvtCy\nINC30LDRgNCw0L3QtdC1LiDQldGB0LvQuCDQstGLINGF0L7RgtC40YLQtSDRgdC00LXQu9Cw0YLR\njCDRgdGA0L7Rh9C90YvQuSDQt9Cw0LrQsNC3LCDQv9C+0LbQsNC70YPQudGB0YLQsCwg0YPRgtC+\n0YfQvdC40YLQtSDQvdCw0LvQuNGH0LjQtSDRhtCy0LXRgtC+0LIg0L/QviDRgtC10LvQtdGE0L7Q\nvdGDLjwvZW0+DQo8cD4mbmJzcDs8L3A+cggHAABVB2NvbmdyYXRyCQcAAIlVA3NoZXIKBwAAiVUO\naXNfcmVjb21tZW5kZWRyCwcAAIlVC2NhdGVnb3J5X2lkcgwHAACKARp1YksBaARoZF1oBodScg0H\nAAB9cg4HAAAoVQ1tZXRhX2tleXdvcmRzcg8HAABYAAAAAFUEbG92ZXIQBwAAiVUHd2VkZGluZ3IR\nBwAAiVUGX3N0YXRlchIHAABoDSmBchMHAAB9chQHAAAoVQZhZGRpbmdyFQcAAIlVAmRichYHAABV\nB2RlZmF1bHRyFwcAAHViVQZpc19uZXdyGAcAAIlVA3ZpcHIZBwAAiVUGdGhhbmtzchoHAACJVQJp\nZHIbBwAAigEsVRBtZXRhX2Rlc2NyaXB0aW9uchwHAABYAAAAAFUFdGl0bGVyHQcAAFgAAAAAVQth\nbm5pdmVyc2FyeXIeBwAAiVUIaW50ZXJpb3JyHwcAAIlVBXNvcnJ5ciAHAACJVQ1ob2xpZGF5X3Jv\nc2VzciEHAACJVQtkZXNjcmlwdGlvbnIiBwAAWEIAAADQntGC0LvQuNGH0L3QviDQv9C+0LTQvtC5\n0LTQtdGCINC6INC70Y7QsdC+0LzRgyDQuNC90YLQtdGA0YzQtdGA0YNyIwcAAFUJaG9yb3Njb3Bl\nciQHAACJVQVwcmljZXIlBwAAigKkBlUJaXNfYWN0aXZlciYHAACIVQp1cGRhdGVkX2F0cicHAABo\nI1UKB90CBwsELgAAAGgkKVJyKAcAAIZScikHAABVCGJpcnRoZGF5cioHAACJVRBidXNpbmVzc19i\nb3VxdWV0cisHAACJVQVjaGlsZHIsBwAAiVUEc2x1Z3ItBwAAWBQAAAB2YXphLW5hcG9sbmF5YS1j\ndmV0eXIuBwAAVQJoZXIvBwAAiVUEbmFtZXIwBwAAWCgAAADQktCw0LfQsCDQvdCw0L/QvtC70YzQ\nvdCw0Y8gItCm0LLQtdGC0YsicjEHAABVCmNyZWF0ZWRfYXRyMgcAAGgjVQoH3QIHCjAcAAAAaigH\nAACGUnIzBwAAVQpwcm9tb2Jsb2NrcjQHAABYdgEAANCS0LDQt9CwINC90LDQv9C+0LvRjNC90LDR\njywg0LrQtdGA0LDQvNC40YfQtdGB0LrQsNGPINGBINC+0YLQstC10YDRgdGC0LjRj9C80Lgg0L/Q\nviDQstGB0LXQuSDQstGL0YHQvtGC0LUsINC+0YLQu9C40YfQvdC+INC/0L7QtNC+0LnQtNC10YIg\n0LTQu9GPINGG0LLQtdGC0L7Rh9C90YvRhSDQutC+0LzQv9C+0LfQuNGG0LjQuSDQuNC3INGB0YPR\nhdC+0YbQstC10YLQvtCyINC40LvQuCDQuNGB0LrRg9GB0YHRgtCy0LXQvdC90YvRhSDRhtCy0LXR\ngtC+0LI8YnIgLz48YnIgLz7QktGL0YHQvtGC0LAg0LLQsNC30YsgNjDRgdC8PGJyIC8+PGJyIC8+\nPHN0cm9uZz7QkNGA0YLQuNC60YPQuzo8L3N0cm9uZz4gMjcxMTg2PGJyIC8+PGJyIC8+PGJyIC8+\nPGJyIC8+cjUHAABVB2NvbmdyYXRyNgcAAIlVA3NoZXI3BwAAiVUOaXNfcmVjb21tZW5kZWRyOAcA\nAIlVC2NhdGVnb3J5X2lkcjkHAACKATt1YksBaARoZF1oBodScjoHAAB9cjsHAAAoVQ1tZXRhX2tl\neXdvcmRzcjwHAABYAAAAAFUEbG92ZXI9BwAAiFUHd2VkZGluZ3I+BwAAiFUGX3N0YXRlcj8HAABo\nDSmBckAHAAB9ckEHAAAoVQZhZGRpbmdyQgcAAIlVAmRickMHAABVB2RlZmF1bHRyRAcAAHViVQZp\nc19uZXdyRQcAAIlVA3ZpcHJGBwAAiVUGdGhhbmtzckcHAACIVQJpZHJIBwAAigEtVRBtZXRhX2Rl\nc2NyaXB0aW9uckkHAABYAAAAAFUFdGl0bGVySgcAAFgAAAAAVQthbm5pdmVyc2FyeXJLBwAAiFUI\naW50ZXJpb3JyTAcAAIhVBXNvcnJ5ck0HAACIVQ1ob2xpZGF5X3Jvc2Vzck4HAACIVQtkZXNjcmlw\ndGlvbnJPBwAAWGQAAADQktCw0LfQsCDQuNC3INC/0YDQvtC30YDQsNGH0L3QvtCz0L4g0YHRgtC1\n0LrQu9CwLiDQktGL0YHQvtGC0LAgLSAyNSDRgdC8LCDQtNC40LDQvNC10YLRgCAtIDEyINGB0Lwu\nclAHAABVCWhvcm9zY29wZXJRBwAAiFUFcHJpY2VyUgcAAIoCpAFVCWlzX2FjdGl2ZXJTBwAAiFUK\ndXBkYXRlZF9hdHJUBwAAaCNVCgfdAgcKNyQAAABoJClSclUHAACGUnJWBwAAVQhiaXJ0aGRheXJX\nBwAAiFUQYnVzaW5lc3NfYm91cXVldHJYBwAAiFUFY2hpbGRyWQcAAIhVBHNsdWdyWgcAAFgOAAAA\ndmF6YS1jaWxpbmRyLTFyWwcAAFUCaGVyXAcAAIhVBG5hbWVyXQcAAFgcAAAA0JLQsNC30LAg0KbQ\nuNC70LjQvdC00YAg4oSWMXJeBwAAVQpjcmVhdGVkX2F0cl8HAABoI1UKB90CBwo3JAAAAGpVBwAA\nhlJyYAcAAFUKcHJvbW9ibG9ja3JhBwAAWNwAAADQktCw0LfQsCDQuNC3INC/0YDQvtC30YDQsNGH\n0L3QvtCz0L4g0YHRgtC10LrQu9CwICjQoNC+0YHRgdC40Y8pLjxiciAvPjxiciAvPjxzdHJvbmc+\n0J/QsNGA0LDQvNC10YLRgNGLOjwvc3Ryb25nPiDQstGL0YHQvtGC0LAgLSAyNSDRgdC8LCDQtNC4\n0LDQvNC10YLRgCAtIDEyINGB0LwuJm5ic3A7PGJyIC8+PGJyIC8+PHN0cm9uZz7QkNGA0YLQuNC6\n0YPQuzo8L3N0cm9uZz4gMTMxNjQ2cmIHAABVB2NvbmdyYXRyYwcAAIhVA3NoZXJkBwAAiFUOaXNf\ncmVjb21tZW5kZWRyZQcAAIlVC2NhdGVnb3J5X2lkcmYHAACKATt1YksBaARoZF1oBodScmcHAAB9\ncmgHAAAoVQ1tZXRhX2tleXdvcmRzcmkHAABYAAAAAFUEbG92ZXJqBwAAiVUHd2VkZGluZ3JrBwAA\niVUGX3N0YXRlcmwHAABoDSmBcm0HAAB9cm4HAAAoVQZhZGRpbmdybwcAAIlVAmRicnAHAABVB2Rl\nZmF1bHRycQcAAHViVQZpc19uZXdycgcAAIlVA3ZpcHJzBwAAiVUGdGhhbmtzcnQHAACJVQJpZHJ1\nBwAAigEuVRBtZXRhX2Rlc2NyaXB0aW9ucnYHAABYAAAAAFUFdGl0bGVydwcAAFgAAAAAVQthbm5p\ndmVyc2FyeXJ4BwAAiVUIaW50ZXJpb3JyeQcAAIlVBXNvcnJ5cnoHAACJVQ1ob2xpZGF5X3Jvc2Vz\ncnsHAACJVQtkZXNjcmlwdGlvbnJ8BwAAWD0AAADQl9Cw0LzQtdGH0LDRgtC10LvRjNC90L4g0YPQ\nutGA0LDRgdC40YIg0LLQsNGI0LUg0LbQuNC70LjRidC1cn0HAABVCWhvcm9zY29wZXJ+BwAAiVUF\ncHJpY2VyfwcAAIoCpAZVCWlzX2FjdGl2ZXKABwAAiFUKdXBkYXRlZF9hdHKBBwAAaCNVCgfdAgcL\nBBgAAABoJClScoIHAACGUnKDBwAAVQhiaXJ0aGRheXKEBwAAiVUQYnVzaW5lc3NfYm91cXVldHKF\nBwAAiVUFY2hpbGRyhgcAAIlVBHNsdWdyhwcAAFgWAAAAbmFwb2xuYXlhLXZhemEta3ZhZHJhdHKI\nBwAAVQJoZXKJBwAAiVUEbmFtZXKKBwAAWCwAAADQndCw0L/QvtC70YzQvdCw0Y8g0LLQsNC30LAg\nItCa0LLQsNC00YDQsNGCInKLBwAAVQpjcmVhdGVkX2F0cowHAABoI1UKB90CBwsBEQAAAGqCBwAA\nhlJyjQcAAFUKcHJvbW9ibG9ja3KOBwAAWHABAADQktCw0LfQsCDQvdCw0L/QvtC70YzQvdCw0Y8s\nINC60LXRgNCw0LzQuNGH0LXRgdC60LDRjyDRgSDQvtGC0LLQtdGA0YHRgtC40Y/QvNC4INC/0L4g\n0LLRgdC10Lkg0LLRi9GB0L7RgtC1LCDQvtGC0LvQuNGH0L3QviDQv9C+0LTQvtC50LTQtdGCINC0\n0LvRjyDRhtCy0LXRgtC+0YfQvdGL0YUg0LrQvtC80L/QvtC30LjRhtC40Lkg0LjQtyDRgdGD0YXQ\nvtGG0LLQtdGC0L7QsiDQuNC70Lgg0LjRgdC60YPRgdGB0YLQstC10L3QvdGL0YUg0YbQstC10YLQ\nvtCyPGJyIC8+PGJyIC8+0JLRi9GB0L7RgtCwINCy0LDQt9GLIDYw0YHQvDxiciAvPjxiciAvPjxz\ndHJvbmc+0JDRgNGC0LjQutGD0Ls6PC9zdHJvbmc+IDA5MDQxMDxiciAvPjxiciAvPjxiciAvPnKP\nBwAAVQdjb25ncmF0cpAHAACJVQNzaGVykQcAAIlVDmlzX3JlY29tbWVuZGVkcpIHAACJVQtjYXRl\nZ29yeV9pZHKTBwAAigE7dWJLAWgEaGRdaAaHUnKUBwAAfXKVBwAAKFUNbWV0YV9rZXl3b3Jkc3KW\nBwAAWAAAAABVBGxvdmVylwcAAIlVB3dlZGRpbmdymAcAAIlVBl9zdGF0ZXKZBwAAaA0pgXKaBwAA\nfXKbBwAAKFUGYWRkaW5ncpwHAACJVQJkYnKdBwAAVQdkZWZhdWx0cp4HAAB1YlUGaXNfbmV3cp8H\nAACJVQN2aXByoAcAAIlVBnRoYW5rc3KhBwAAiVUCaWRyogcAAIoBL1UQbWV0YV9kZXNjcmlwdGlv\nbnKjBwAAWAAAAABVBXRpdGxlcqQHAABYAAAAAFULYW5uaXZlcnNhcnlypQcAAIlVCGludGVyaW9y\ncqYHAACJVQVzb3JyeXKnBwAAiVUNaG9saWRheV9yb3Nlc3KoBwAAiVULZGVzY3JpcHRpb25yqQcA\nAFg9AAAA0JfQsNC80LXRh9Cw0YLQtdC70YzQvdC+INGD0LrRgNCw0YHQuNGCINCy0LDRiNC1INC2\n0LjQu9C40YnQtXKqBwAAVQlob3Jvc2NvcGVyqwcAAIlVBXByaWNlcqwHAACKAqQGVQlpc19hY3Rp\ndmVyrQcAAIhVCnVwZGF0ZWRfYXRyrgcAAGgjVQoH3QIHCwcMAAAAaCQpUnKvBwAAhlJysAcAAFUI\nYmlydGhkYXlysQcAAIlVEGJ1c2luZXNzX2JvdXF1ZXRysgcAAIlVBWNoaWxkcrMHAACJVQRzbHVn\ncrQHAABYDgAAAG5hcG9sbmF5YS12YXphcrUHAABVAmhlcrYHAACJVQRuYW1lcrcHAABYGwAAANCd\n0LDQv9C+0LvRjNC90LDRjyDQstCw0LfQsHK4BwAAVQpjcmVhdGVkX2F0crkHAABoI1UKB90CBwsH\nDAAAAGqvBwAAhlJyugcAAFUKcHJvbW9ibG9ja3K7BwAAWF4BAADQktCw0LfQsCDQvdCw0L/QvtC7\n0YzQvdCw0Y8sINC60LXRgNCw0LzQuNGH0LXRgdC60LDRjyDRgSDQvtGC0LLQtdGA0YHRgtC40Y/Q\nvNC4INC/0L4g0LLRgdC10Lkg0LLRi9GB0L7RgtC1LCDQvtGC0LvQuNGH0L3QviDQv9C+0LTQvtC5\n0LTQtdGCINC00LvRjyDRhtCy0LXRgtC+0YfQvdGL0YUg0LrQvtC80L/QvtC30LjRhtC40Lkg0LjQ\ntyDRgdGD0YXQvtGG0LLQtdGC0L7QsiDQuNC70Lgg0LjRgdC60YPRgdGB0YLQstC10L3QvdGL0YUg\n0YbQstC10YLQvtCyPGJyIC8+PGJyIC8+0JLRi9GB0L7RgtCwINCy0LDQt9GLIDYw0YHQvDxiciAv\nPjxiciAvPjxzdHJvbmc+0JDRgNGC0LjQutGD0Ls6PC9zdHJvbmc+IDA5MDQxMHK8BwAAVQdjb25n\ncmF0cr0HAACJVQNzaGVyvgcAAIlVDmlzX3JlY29tbWVuZGVkcr8HAACJVQtjYXRlZ29yeV9pZHLA\nBwAAigETdWJLAWgEaGRdaAaHUnLBBwAAfXLCBwAAKFUNbWV0YV9rZXl3b3Jkc3LDBwAAWAAAAABV\nBGxvdmVyxAcAAIlVB3dlZGRpbmdyxQcAAIlVBl9zdGF0ZXLGBwAAaA0pgXLHBwAAfXLIBwAAKFUG\nYWRkaW5ncskHAACJVQJkYnLKBwAAVQdkZWZhdWx0cssHAAB1YlUGaXNfbmV3cswHAACJVQN2aXBy\nzQcAAIlVBnRoYW5rc3LOBwAAiVUCaWRyzwcAAIoBMFUQbWV0YV9kZXNjcmlwdGlvbnLQBwAAWAAA\nAABVBXRpdGxlctEHAABYAAAAAFULYW5uaXZlcnNhcnly0gcAAIlVCGludGVyaW9yctMHAACJVQVz\nb3JyeXLUBwAAiVUNaG9saWRheV9yb3Nlc3LVBwAAiVULZGVzY3JpcHRpb25y1gcAAFh6AAAA0K3Q\nu9C10LPQsNC90YLQvdGL0Lkg0LDQu9GM0LHQvtC8INC00LvRjyDRgdC+0LHRgNCw0L3QuNGPINC9\n0LXQt9Cw0LHRi9Cy0LDQtdC80YvRhSDRgdCy0LDQtNC10LHQvdGL0YUg0YTQvtGC0L7Qs9GA0LDR\nhNC40Lly1wcAAFUJaG9yb3Njb3BlctgHAACJVQVwcmljZXLZBwAAigK8AlUJaXNfYWN0aXZlctoH\nAACIVQp1cGRhdGVkX2F0ctsHAABoI1UKB90CBwsJEAAAAGgkKVJy3AcAAIZSct0HAABVCGJpcnRo\nZGF5ct4HAACJVRBidXNpbmVzc19ib3VxdWV0ct8HAACJVQVjaGlsZHLgBwAAiVUEc2x1Z3LhBwAA\nWBUAAABhbGJvbS1kbHlhLWZvdG9ncmFmaWpy4gcAAFUCaGVy4wcAAIlVBG5hbWVy5AcAAFgoAAAA\n0JDQu9GM0LHQvtC8INC00LvRjyDRhNC+0YLQvtCz0YDQsNGE0LjQuXLlBwAAVQpjcmVhdGVkX2F0\ncuYHAABoI1UKB90CBwsJEAAAAGrcBwAAhlJy5wcAAFUKcHJvbW9ibG9ja3LoBwAAWJMBAADQn9GA\n0LXQutGA0LDRgdC90YvQuSDQsNC70YzQsdC+0Lwg0LIg0LrQvtGA0L7QsdC60LUg0L/QvtC80L7Q\nttC10YIg0YHQvtGF0YDQsNC90LjRgtGMINGP0YDQutC40LUg0LzQvtC80LXQvdGC0Ysg0YHQsNC8\n0L7Qs9C+INCy0LDQttC90L7Qs9C+INC00LvRjyDQktCw0YEg0LTQvdGPISDQkNC70YzQsdC+0Lwg\n0YHQvtGB0YLQvtC40YIg0LjQtyAyMCDQvNCw0LPQvdC40YLQvdGL0YUg0LvQuNGB0YLQvtCyINGE\n0L7RgNC80LDRgtCwIDI40YUzMdGB0Lw8YnIgLz48YnIgLz48c3Ryb25nPtCf0LDRgNCw0LzQtdGC\n0YDRizo8L3N0cm9uZz4g0YjQuNGA0LjQvdCwIC0gMzEg0YHQvCwg0LLRi9GB0L7RgtCwIC0gMzEg\n0YHQvC4gPGJyIC8+PGJyIC8+PHN0cm9uZz7QkNGA0YLQuNC60YPQuzo8L3N0cm9uZz4gMTM0MzMw\ncukHAABVB2NvbmdyYXRy6gcAAIlVA3NoZXLrBwAAiVUOaXNfcmVjb21tZW5kZWRy7AcAAIlVC2Nh\ndGVnb3J5X2lkcu0HAACKARN1YksBaARoZF1oBodScu4HAAB9cu8HAAAoVQ1tZXRhX2tleXdvcmRz\ncvAHAABYAAAAAFUEbG92ZXLxBwAAiVUHd2VkZGluZ3LyBwAAiVUGX3N0YXRlcvMHAABoDSmBcvQH\nAAB9cvUHAAAoVQZhZGRpbmdy9gcAAIlVAmRicvcHAABVB2RlZmF1bHRy+AcAAHViVQZpc19uZXdy\n+QcAAIlVA3ZpcHL6BwAAiVUGdGhhbmtzcvsHAACJVQJpZHL8BwAAigExVRBtZXRhX2Rlc2NyaXB0\naW9ucv0HAABYAAAAAFUFdGl0bGVy/gcAAFgAAAAAVQthbm5pdmVyc2FyeXL/BwAAiVUIaW50ZXJp\nb3JyAAgAAIlVBXNvcnJ5cgEIAACJVQ1ob2xpZGF5X3Jvc2VzcgIIAACJVQtkZXNjcmlwdGlvbnID\nCAAAWDUAAADQodC10YDQtNGG0LUg0LTQu9GPINC70Y7QsdC40LzQvtCz0L4g0YfQtdC70L7QstC1\n0LrQsHIECAAAVQlob3Jvc2NvcGVyBQgAAIlVBXByaWNlcgYIAACKATJVCWlzX2FjdGl2ZXIHCAAA\niFUKdXBkYXRlZF9hdHIICAAAaCNVCgfdAgcLDhMAAABoJClScgkIAACGUnIKCAAAVQhiaXJ0aGRh\neXILCAAAiVUQYnVzaW5lc3NfYm91cXVldHIMCAAAiVUFY2hpbGRyDQgAAIlVBHNsdWdyDggAAFgM\nAAAAc2hhci1zLWdlbGllcg8IAABVAmhlchAIAACJVQRuYW1lchEIAABYKQAAANCS0L7Qt9C00YPR\niNC90YvQuSDRiNCw0YAg0YEg0LPQtdC70LjQtdC8chIIAABVCmNyZWF0ZWRfYXRyEwgAAGgjVQoH\n3QIHCw0hAAAAagkIAACGUnIUCAAAVQpwcm9tb2Jsb2NrchUIAABYfgAAADxzdHJvbmc+0J/QsNGA\n0LDQvNC10YLRgNGLOjwvc3Ryb25nPiDRiNC40YDQuNC90LAgMzAg0YHQvDxiciAvPjxiciAvPjxz\ndHJvbmc+0JDRgNGC0LjQutGD0Ls6PC9zdHJvbmc+IDE0MDIxMDxiciAvPjxiciAvPjxiciAvPnIW\nCAAAVQdjb25ncmF0chcIAACJVQNzaGVyGAgAAIlVDmlzX3JlY29tbWVuZGVkchkIAACJVQtjYXRl\nZ29yeV9pZHIaCAAAigETdWJLAWgEaGRdaAaHUnIbCAAAfXIcCAAAKFUNbWV0YV9rZXl3b3Jkc3Id\nCAAAWAAAAABVBGxvdmVyHggAAIlVB3dlZGRpbmdyHwgAAIlVBl9zdGF0ZXIgCAAAaA0pgXIhCAAA\nfXIiCAAAKFUGYWRkaW5nciMIAACJVQJkYnIkCAAAVQdkZWZhdWx0ciUIAAB1YlUGaXNfbmV3ciYI\nAACJVQN2aXByJwgAAIlVBnRoYW5rc3IoCAAAiVUCaWRyKQgAAIoBMlUQbWV0YV9kZXNjcmlwdGlv\nbnIqCAAAWAAAAABVBXRpdGxlcisIAABYAAAAAFULYW5uaXZlcnNhcnlyLAgAAIlVCGludGVyaW9y\nci0IAACJVQVzb3JyeXIuCAAAiVUNaG9saWRheV9yb3Nlc3IvCAAAiVULZGVzY3JpcHRpb25yMAgA\nAFgzAAAA0JzRj9Cz0LrQsNGPINC40LPRgNGD0YjQutCwINCc0LjRiNC60LAgIkkgbG92ZSB5b3Ui\ncjEIAABVCWhvcm9zY29wZXIyCAAAiVUFcHJpY2VyMwgAAIoChANVCWlzX2FjdGl2ZXI0CAAAiFUK\ndXBkYXRlZF9hdHI1CAAAaCNVCgfdAgcLERgAAABoJClScjYIAACGUnI3CAAAVQhiaXJ0aGRheXI4\nCAAAiVUQYnVzaW5lc3NfYm91cXVldHI5CAAAiVUFY2hpbGRyOggAAIlVBHNsdWdyOwgAAFgRAAAA\nbWlzaGthLWktbG92ZS15b3VyPAgAAFUCaGVyPQgAAIlVBG5hbWVyPggAAFgXAAAA0JzQuNGI0LrQ\nsCAiSSBsb3ZlIHlvdSJyPwgAAFUKY3JlYXRlZF9hdHJACAAAaCNVCgfdAgcLEB8AAABqNggAAIZS\nckEIAABVCnByb21vYmxvY2tyQggAAFhaAQAA0JzRj9Cz0LrQsNGPINC40LPRgNGD0YjQutCwINCc\n0LjRiNC60LAg0YjQvtC60L7Qu9Cw0LTQvdC+0LPQviDRhtCy0LXRgtCwINGBINC+0LPRgNC+0LzQ\nvdGL0Lwg0YHQtdGA0LTRhtC10LwsINCy0YvRgNCw0LfQuNGCINC30LAg0LLQsNGBINGB0LDQvNGL\n0LUg0L3QtdC20L3Ri9C1INGH0YPQstGB0YLQstCwITxiciAvPjxiciAvPjxzdHJvbmc+0J/QsNGA\n0LDQvNC10YLRgNGLOjwvc3Ryb25nPiDRiNC40YDQuNC90LAgLSAyMiDRgdC8LCDQstGL0YHQvtGC\n0LAgLSA0MCDRgdC8LjxiciAvPjxiciAvPjxzdHJvbmc+0JDRgNGC0LjQutGD0Ls6PC9zdHJvbmc+\nIDE4NzUxMDxiciAvPjxiciAvPjxiciAvPjxiciAvPnJDCAAAVQdjb25ncmF0ckQIAACJVQNzaGVy\nRQgAAIlVDmlzX3JlY29tbWVuZGVkckYIAACJVQtjYXRlZ29yeV9pZHJHCAAAigETdWJLAWgEaGRd\naAaHUnJICAAAfXJJCAAAKFUNbWV0YV9rZXl3b3Jkc3JKCAAAWAAAAABVBGxvdmVySwgAAIlVB3dl\nZGRpbmdyTAgAAIlVBl9zdGF0ZXJNCAAAaA0pgXJOCAAAfXJPCAAAKFUGYWRkaW5nclAIAACJVQJk\nYnJRCAAAVQdkZWZhdWx0clIIAAB1YlUGaXNfbmV3clMIAACJVQN2aXByVAgAAIlVBnRoYW5rc3JV\nCAAAiVUCaWRyVggAAIoBM1UQbWV0YV9kZXNjcmlwdGlvbnJXCAAAWAAAAABVBXRpdGxlclgIAABY\nAAAAAFULYW5uaXZlcnNhcnlyWQgAAIlVCGludGVyaW9ycloIAACJVQVzb3JyeXJbCAAAiVUNaG9s\naWRheV9yb3Nlc3JcCAAAiVULZGVzY3JpcHRpb25yXQgAAFhGAAAA0KDQsNC30LzQtdGA0Ysg0LLQ\nsNC30Ys6INCy0YvRgdC+0YLQsCAtIDI20YHQvCwg0LTQuNCw0LzQtdGC0YAgLSA40YHQvHJeCAAA\nVQlob3Jvc2NvcGVyXwgAAIlVBXByaWNlcmAIAACKApABVQlpc19hY3RpdmVyYQgAAIhVCnVwZGF0\nZWRfYXRyYggAAGgjVQoH3QIHCxUmAAAAaCQpUnJjCAAAhlJyZAgAAFUIYmlydGhkYXlyZQgAAIlV\nEGJ1c2luZXNzX2JvdXF1ZXRyZggAAIlVBWNoaWxkcmcIAACJVQRzbHVncmgIAABYGQAAAHZhemEt\nc3Rla2x5YW5uYXlhLXNpbnlheWFyaQgAAFUCaGVyaggAAIlVBG5hbWVyawgAAFgoAAAA0JLQsNC3\n0LAg0YHRgtC10LrQu9GP0L3QvdCw0Y8g0YHQuNC90Y/Rj3JsCAAAVQpjcmVhdGVkX2F0cm0IAABo\nI1UKB90CBwsVJgAAAGpjCAAAhlJybggAAFUKcHJvbW9ibG9ja3JvCAAAWDMAAAA8c3Ryb25nPtCQ\n0YDRgtC40LrRg9C7Ojwvc3Ryb25nPiAxODEwNzY8YnIgLz48YnIgLz5ycAgAAFUHY29uZ3JhdHJx\nCAAAiVUDc2hlcnIIAACJVQ5pc19yZWNvbW1lbmRlZHJzCAAAiVULY2F0ZWdvcnlfaWRydAgAAIoB\nO3ViSwFoBGhkXWgGh1JydQgAAH1ydggAAChVDW1ldGFfa2V5d29yZHNydwgAAFgAAAAAVQRsb3Zl\ncngIAACJVQd3ZWRkaW5ncnkIAACJVQZfc3RhdGVyeggAAGgNKYFyewgAAH1yfAgAAChVBmFkZGlu\nZ3J9CAAAiVUCZGJyfggAAFUHZGVmYXVsdHJ/CAAAdWJVBmlzX25ld3KACAAAiVUDdmlwcoEIAACJ\nVQZ0aGFua3NygggAAIlVAmlkcoMIAACKATRVEG1ldGFfZGVzY3JpcHRpb25yhAgAAFgAAAAAVQV0\naXRsZXKFCAAAWAAAAABVC2Fubml2ZXJzYXJ5coYIAACJVQhpbnRlcmlvcnKHCAAAiVUFc29ycnly\niAgAAIlVDWhvbGlkYXlfcm9zZXNyiQgAAIlVC2Rlc2NyaXB0aW9ucooIAABYPgAAANCh0YLRgNC+\n0LPQsNGPINCy0LDQt9CwLCDQutC70LDRgdGB0LjRh9C10YHQutC+0LPQviDRgdGC0LjQu9GPcosI\nAABVCWhvcm9zY29wZXKMCAAAiVUFcHJpY2VyjQgAAIoC3AVVCWlzX2FjdGl2ZXKOCAAAiFUKdXBk\nYXRlZF9hdHKPCAAAaCNVCgfdAgcLHAIAAABoJClScpAIAACGUnKRCAAAVQhiaXJ0aGRheXKSCAAA\niVUQYnVzaW5lc3NfYm91cXVldHKTCAAAiVUFY2hpbGRylAgAAIlVBHNsdWdylQgAAFgXAAAAbmFw\nb2xuYXlhLXZhemEtY2hlcm5heWFylggAAFUCaGVylwgAAIlVBG5hbWVymAgAAFgoAAAA0J3QsNC/\n0L7Qu9GM0L3QsNGPINCy0LDQt9CwINCn0LXRgNC90LDRj3KZCAAAVQpjcmVhdGVkX2F0cpoIAABo\nI1UKB90CBwsbCAAAAGqQCAAAhlJymwgAAFUKcHJvbW9ibG9ja3KcCAAAWCkBAADQktCw0LfQsCDQ\nvdCw0L/QvtC70YzQvdCw0Y8sINC60LXRgNCw0LzQuNGH0LXRgdC60LDRjyAmbmJzcDvQvtGC0LvQ\nuNGH0L3QviDQv9C+0LTQvtC50LTQtdGCINC00LvRjyDRhtCy0LXRgtC+0YfQvdGL0YUg0LrQvtC8\n0L/QvtC30LjRhtC40Lkg0LjQtyDRgdGD0YXQvtGG0LLQtdGC0L7QsiDQuNC70Lgg0LjRgdC60YPR\ngdGB0YLQstC10L3QvdGL0YUg0YbQstC10YLQvtCyPGJyIC8+PGJyIC8+0JLRi9GB0L7RgtCwINCy\n0LDQt9GLIDUw0YHQvDxiciAvPjxiciAvPtCQ0YDRgtC40LrRg9C7OiAwOTEwMTA8YnIgLz48YnIg\nLz5ynQgAAFUHY29uZ3JhdHKeCAAAiVUDc2hlcp8IAACJVQ5pc19yZWNvbW1lbmRlZHKgCAAAiVUL\nY2F0ZWdvcnlfaWRyoQgAAIoBO3ViSwFoBGhkXWgGh1JyoggAAH1yowgAAChVDW1ldGFfa2V5d29y\nZHNypAgAAFgAAAAAVQRsb3ZlcqUIAACJVQd3ZWRkaW5ncqYIAACJVQZfc3RhdGVypwgAAGgNKYFy\nqAgAAH1yqQgAAChVBmFkZGluZ3KqCAAAiVUCZGJyqwgAAFUHZGVmYXVsdHKsCAAAdWJVBmlzX25l\nd3KtCAAAiVUDdmlwcq4IAACJVQZ0aGFua3NyrwgAAIlVAmlkcrAIAACKATVVEG1ldGFfZGVzY3Jp\ncHRpb25ysQgAAFgAAAAAVQV0aXRsZXKyCAAAWAAAAABVC2Fubml2ZXJzYXJ5crMIAACJVQhpbnRl\ncmlvcnK0CAAAiVUFc29ycnlytQgAAIlVDWhvbGlkYXlfcm9zZXNytggAAIlVC2Rlc2NyaXB0aW9u\ncrcIAABYiQAAANCS0LDQt9CwINC40Lcg0L/RgNC+0LfRgNCw0YfQvdC+0LPQviDRgdGC0LXQutC7\n0LAg0YEg0LrRgNCw0YHQvtGH0L3Ri9C8INGA0LjRgdGD0L3QutC+0LwuINCS0YvRgdC+0YLQsCAt\nIDI2INGB0LwsINC00LjQsNC80LXRgtGAIC0gONGB0LwucrgIAABVCWhvcm9zY29wZXK5CAAAiVUF\ncHJpY2VyuggAAIoCLAFVCWlzX2FjdGl2ZXK7CAAAiFUKdXBkYXRlZF9hdHK8CAAAaCNVCgfdAgcL\nHjUAAABoJClScr0IAACGUnK+CAAAVQhiaXJ0aGRheXK/CAAAiVUQYnVzaW5lc3NfYm91cXVldHLA\nCAAAiVUFY2hpbGRywQgAAIlVBHNsdWdywggAAFgOAAAAdmF6YS1jaWxpbmRyLTJywwgAAFUCaGVy\nxAgAAIlVBG5hbWVyxQgAAFgcAAAA0JLQsNC30LAg0KbQuNC70LjQvdC00YAg4oSWMnLGCAAAVQpj\ncmVhdGVkX2F0cscIAABoI1UKB90CBwseNQAAAGq9CAAAhlJyyAgAAFUKcHJvbW9ibG9ja3LJCAAA\nWMUAAADQktCw0LfQsCDQuNC3INC/0YDQvtC30YDQsNGH0L3QvtCz0L4g0YHRgtC10LrQu9CwICjQ\noNC+0YHRgdC40Y8pLjxiciAvPjxiciAvPtCf0LDRgNCw0LzQtdGC0YDRizog0LLRi9GB0L7RgtCw\nIC0gMjYg0YHQvCwg0LTQuNCw0LzQtdGC0YAgLSA4INGB0LwuJm5ic3A7PGJyIC8+PGJyIC8+0JDR\ngNGC0LjQutGD0Ls6IDEzMTY0NzxiciAvPjxiciAvPnLKCAAAVQdjb25ncmF0cssIAACJVQNzaGVy\nzAgAAIlVDmlzX3JlY29tbWVuZGVkcs0IAACJVQtjYXRlZ29yeV9pZHLOCAAAigE7dWJLAWgEaGRd\naAaHUnLPCAAAfXLQCAAAKFUNbWV0YV9rZXl3b3Jkc3LRCAAAWAAAAABVBGxvdmVy0ggAAIlVB3dl\nZGRpbmdy0wgAAIlVBl9zdGF0ZXLUCAAAaA0pgXLVCAAAfXLWCAAAKFUGYWRkaW5nctcIAACJVQJk\nYnLYCAAAVQdkZWZhdWx0ctkIAAB1YlUGaXNfbmV3ctoIAACJVQN2aXBy2wgAAIlVBnRoYW5rc3Lc\nCAAAiVUCaWRy3QgAAIoBNlUQbWV0YV9kZXNjcmlwdGlvbnLeCAAAWAAAAABVBXRpdGxlct8IAABY\nAAAAAFULYW5uaXZlcnNhcnly4AgAAIlVCGludGVyaW9ycuEIAACJVQVzb3JyeXLiCAAAiVUNaG9s\naWRheV9yb3Nlc3LjCAAAiVULZGVzY3JpcHRpb25y5AgAAFhAAAAA0JDQstGC0L7RgNGB0LrQsNGP\nINC+0YLQutGA0YvRgtC60LAg0LIg0LzQvtGA0YHQutC+0Lwg0YHRgtC40LvQtXLlCAAAVQlob3Jv\nc2NvcGVy5ggAAIlVBXByaWNlcucIAACKAsgAVQlpc19hY3RpdmVy6AgAAIhVCnVwZGF0ZWRfYXRy\n6QgAAGgjVQoH3QIHDB0CAAAAaCQpUnLqCAAAhlJy6wgAAFUIYmlydGhkYXly7AgAAIlVEGJ1c2lu\nZXNzX2JvdXF1ZXRy7QgAAIlVBWNoaWxkcu4IAACJVQRzbHVncu8IAABYHAAAAG90a3J5dGthLXJ1\nY2hub2otcmFib3R5LW1vcmVy8AgAAFUCaGVy8QgAAIlVBG5hbWVy8ggAAFg1AAAA0J7RgtC60YDR\ni9GC0LrQsCDRgNGD0YfQvdC+0Lkg0YDQsNCx0L7RgtGLICLQnNC+0YDQtSJy8wgAAFUKY3JlYXRl\nZF9hdHL0CAAAaCNVCgfdAgcMHQIAAABq6ggAAIZScvUIAABVCnByb21vYmxvY2ty9ggAAFifAAAA\nPHN0cm9uZz7Qn9Cw0YDQsNC80LXRgtGA0Ys6PC9zdHJvbmc+INGI0LjRgNC40L3QsCAtIDE0INGB\n0LwsINCy0YvRgdC+0YLQsCAtIDE4INGB0LwuJm5ic3A7PGJyIC8+PGJyIC8+PHN0cm9uZz7QkNGA\n0YLQuNC60YPQuzo8L3N0cm9uZz4gMTMyNTA5PGJyIC8+PGJyIC8+PGJyIC8+cvcIAABVB2Nvbmdy\nYXRy+AgAAIlVA3NoZXL5CAAAiVUOaXNfcmVjb21tZW5kZWRy+ggAAIlVC2NhdGVnb3J5X2lkcvsI\nAACKATV1YksBaARoZF1oBodScvwIAAB9cv0IAAAoVQ1tZXRhX2tleXdvcmRzcv4IAABYAAAAAFUE\nbG92ZXL/CAAAiVUHd2VkZGluZ3IACQAAiVUGX3N0YXRlcgEJAABoDSmBcgIJAAB9cgMJAAAoVQZh\nZGRpbmdyBAkAAIlVAmRicgUJAABVB2RlZmF1bHRyBgkAAHViVQZpc19uZXdyBwkAAIlVA3ZpcHII\nCQAAiVUGdGhhbmtzcgkJAACJVQJpZHIKCQAAigE3VRBtZXRhX2Rlc2NyaXB0aW9ucgsJAABYAAAA\nAFUFdGl0bGVyDAkAAFgAAAAAVQthbm5pdmVyc2FyeXINCQAAiVUIaW50ZXJpb3JyDgkAAIlVBXNv\ncnJ5cg8JAACJVQ1ob2xpZGF5X3Jvc2VzchAJAACJVQtkZXNjcmlwdGlvbnIRCQAAWJEAAADQr9GA\n0LrQsNGPINC/0L7Qt9C00YDQsNCy0LjRgtC10LvRjNC90LDRjyDQvtGC0LrRgNGL0YLQutCwINCy\nINCw0LrRgtGD0LDQu9GM0L3QvtC8INGA0LXRgtGA0L4t0YHRgtC40LvQtSDRgSDQv9C+0LbQtdC7\n0LDQvdC40LXQvCDQtNC+0YHRgtCw0YLQutCwchIJAABVCWhvcm9zY29wZXITCQAAiVUFcHJpY2Vy\nFAkAAIoCyABVCWlzX2FjdGl2ZXIVCQAAiFUKdXBkYXRlZF9hdHIWCQAAaCNVCgfdAgcMJhcAAABo\nJClSchcJAACGUnIYCQAAVQhiaXJ0aGRheXIZCQAAiVUQYnVzaW5lc3NfYm91cXVldHIaCQAAiVUF\nY2hpbGRyGwkAAIlVBHNsdWdyHAkAAFgjAAAAb3Rrcnl0a2EtcnVjaG5vai1yYWJvdHktb3NvYnlq\nLXN0aWxyHQkAAFUCaGVyHgkAAIlVBG5hbWVyHwkAAFhEAAAA0J7RgtC60YDRi9GC0LrQsCDRgNGD\n0YfQvdC+0Lkg0YDQsNCx0L7RgtGLICLQntGB0L7QsdGL0Lkg0YHRgtC40LvRjCJyIAkAAFUKY3Jl\nYXRlZF9hdHIhCQAAaCNVCgfdAgcMJhcAAABqFwkAAIZSciIJAABVCnByb21vYmxvY2tyIwkAAFiN\nAAAAPHN0cm9uZz7Qn9Cw0YDQsNC80LXRgtGA0Ys6PC9zdHJvbmc+INGI0LjRgNC40L3QsCAtIDEw\nINGB0LwsINCy0YvRgdC+0YLQsCAtIDE1INGB0LwuJm5ic3A7PGJyIC8+PGJyIC8+PHN0cm9uZz7Q\nkNGA0YLQuNC60YPQuzo8L3N0cm9uZz4gMTM1NDk2ciQJAABVB2NvbmdyYXRyJQkAAIlVA3NoZXIm\nCQAAiVUOaXNfcmVjb21tZW5kZWRyJwkAAIlVC2NhdGVnb3J5X2lkcigJAACKATV1YksBaARoZF1o\nBodScikJAAB9cioJAAAoVQ1tZXRhX2tleXdvcmRzcisJAABYAAAAAFUEbG92ZXIsCQAAiVUHd2Vk\nZGluZ3ItCQAAiVUGX3N0YXRlci4JAABoDSmBci8JAAB9cjAJAAAoVQZhZGRpbmdyMQkAAIlVAmRi\ncjIJAABVB2RlZmF1bHRyMwkAAHViVQZpc19uZXdyNAkAAIlVA3ZpcHI1CQAAiVUGdGhhbmtzcjYJ\nAACJVQJpZHI3CQAAigEXVRBtZXRhX2Rlc2NyaXB0aW9ucjgJAABYAAAAAFUFdGl0bGVyOQkAAFgA\nAAAAVQthbm5pdmVyc2FyeXI6CQAAiVUIaW50ZXJpb3JyOwkAAIlVBXNvcnJ5cjwJAACJVQ1ob2xp\nZGF5X3Jvc2Vzcj0JAACJVQtkZXNjcmlwdGlvbnI+CQAAWGgAAADQntGA0YXQuNC00LXQuCDQpNCw\n0LvQtdC90L7Qv9GB0LjRgSDQvtGH0LXQvdGMINC/0L7RhdC+0LbQuCDQvdCwINC/0YDQtdC60YDQ\nsNGB0L3Ri9GFINC80L7RgtGL0LvRjNC60L7QsnI/CQAAVQlob3Jvc2NvcGVyQAkAAIlVBXByaWNl\nckEJAACKAqoAVQlpc19hY3RpdmVyQgkAAIhVCnVwZGF0ZWRfYXRyQwkAAGgjVQoH3QIFCgI2AAAA\naCQpUnJECQAAhlJyRQkAAFUIYmlydGhkYXlyRgkAAIlVEGJ1c2luZXNzX2JvdXF1ZXRyRwkAAIlV\nBWNoaWxkckgJAACJVQRzbHVnckkJAABYEwAAAG9yaGlkZXlhLWZhbGVub3BzaXNySgkAAFUCaGVy\nSwkAAIlVBG5hbWVyTAkAAFgjAAAA0J7RgNGF0LjQtNC10Y8g0KTQsNC70LXQvdC+0L/RgdC40YFy\nTQkAAFUKY3JlYXRlZF9hdHJOCQAAaCNVCgfdAgUJMBMAAABqRAkAAIZSck8JAABVCnByb21vYmxv\nY2tyUAkAAFh7BgAA0KHRg9GJ0LXRgdGC0LLRg9C10YIg0LvQtdCz0LXQvdC00LAg0L4g0YLQvtC8\nLCDRh9GC0L4g0LPQvtC70LvQsNC90LTRgdC60LjQuSDQsdC+0YLQsNC90LjQuiDQmi4g0JHQu9GO\n0LzQtSwg0L3QsNGI0LXQtNGI0LjQuSDRjdGC0Lgg0L7RgNGF0LjQtNC10Lgg0L3QsCDQvtC00L3Q\nvtC8INC40Lcg0L7RgdGC0YDQvtCy0L7QsiDQnNCw0LvQsNC50YHQutC+0LPQviDQsNGA0YXQuNC/\n0LXQu9Cw0LPQsCwg0L/QtdGA0LXQv9GD0YLQsNC7INC40YUg0YHQviDRgdGC0LDQudC60L7QuSDQ\nsdCw0LHQvtGH0LXQuiwg0L/QsNGA0Y/RidC40YUg0L3QsNC0INC30LXQvNC70LXQuS4g0J/QvtC0\n0L7QudC00Y8g0LHQu9C40LbQtSwg0L7QvSDQsdGL0Lsg0L/QvtGA0LDQttC10L0g0YPQtNC40LLQ\nuNGC0LXQu9GM0L3Ri9C8INGB0YXQvtC00YHRgtCy0L7QvCwg0LAg0LTQuNC60L7QstC40L3QvdGL\n0Lkg0LLQuNC0INGG0LLQtdGC0L7QsiDQstGL0LfQstCw0Lsg0L3QtdC/0L7QtNC00LXQu9GM0L3Q\nvtC1INCy0L7RgdGF0LjRidC10L3QuNC1LiDQlNC10LnRgdGC0LLQuNGC0LXQu9GM0L3Qviwg0L7R\ngNGF0LjQtNC10Lgg0KTQsNC70LXQvdC+0L/RgdC40YEg0L7Rh9C10L3RjCDQv9C+0YXQvtC20Lgg\n0L3QsCDQv9GA0LXQutGA0LDRgdC90YvRhSDQvNC+0YLRi9C70YzQutC+0LIsINC4INC00LDQttC1\nINC90LDQt9Cy0LDQvdC40LUg0YMg0L3QuNGFINCz0L7QstC+0YDRj9GJ0LXQtS4g0J7QvdC+INC/\n0YDQvtC40LfQvtGI0LvQviDQvtGCINCz0YDQtdGH0LXRgdC60LjRhSDRgdC70L7QsiAmbGFxdW87\ncGhhbGFpbmEmcmFxdW87ICZtZGFzaDsgJmxhcXVvO9C90L7Rh9C90LDRjyDQsdCw0LHQvtGH0LrQ\nsCZyYXF1bzsg0LggJmxhcXVvO29wc2lzJnJhcXVvOyAmbWRhc2g7ICZsYXF1bzvRgdGF0L7QtNGB\n0YLQstC+JnJhcXVvOy48YnIgLz48YnIgLz7QktGL0LPQu9GP0LTQuNGCINGN0YLQvtGCINGB0L7R\ngNGCINC+0YDRhdC40LTQtdC5INC+0YfQtdC90Ywg0L3QtdC+0LHRi9GH0L3Qvjog0L3QsCDQtNC7\n0LjQvdC90L7QvCDRgdGC0LXQsdC70LUg0LrRgNCw0YHRg9GO0YLRgdGPINC40LfRj9GJ0L3Ri9C1\nINGG0LLQtdGC0LrQuCDRgdCw0LzQvtC5INGA0LDQt9C90L7QuSDQvtC60YDQsNGB0LrQuCAmbmRh\nc2g7INC+0YIg0YfQuNGB0YLQvi3QsdC10LvQvtC5INC00L4g0YLQtdC80L3Qvi3RhNC40L7Qu9C1\n0YLQvtCy0L7QuS4g0J/RgNC40LzQtdGH0LDRgtC10LvRjNC90L4g0Lgg0LrRgNGD0LPQu9C+0LPQ\nvtC00LjRh9C90L7QtSDRhtCy0LXRgtC10L3QuNC1INCk0LDQu9C10L3QvtC/0YHQuNGBLCDRh9GC\n0L4g0L/QvtC30LLQvtC70Y/QtdGCINC90LDRgdC70LDQttC00LDRgtGM0YHRjyDQstC40LTQvtC8\nINGN0YLQuNGFINGD0LTQuNCy0LjRgtC10LvRjNC90YvRhSDRhtCy0LXRgtC+0LIg0L3QtdC30LDQ\nstC40YHQuNC80L4g0L7RgiDRgdC10LfQvtC90LAuINCe0YDRhdC40LTQtdGPINCk0LDQu9C10L3Q\nvtC/0YHQuNGBINC40YHQv9C+0LvRjNC30YPQtdGC0YHRjyDRhNC70L7RgNC40YHRgtCw0LzQuCDR\ngdCw0LvQvtC90LAgQW1lbGlhLXNob3AucnUg0LTQu9GPINGB0L7RgdGC0LDQstC70LXQvdC40Y8g\n0LrQvtC80L/QvtC30LjRhtC40Lkg0LIg0YPRgtC+0L3Rh9C10L3QvdC+0Lwg0LLQvtGB0YLQvtGH\n0L3QvtC8INGB0YLQuNC70LUuclEJAABVB2NvbmdyYXRyUgkAAIlVA3NoZXJTCQAAiVUOaXNfcmVj\nb21tZW5kZWRyVAkAAIlVC2NhdGVnb3J5X2lkclUJAACKARp1YksBaARoZF1oBodSclYJAAB9clcJ\nAAAoVQ1tZXRhX2tleXdvcmRzclgJAABYAAAAAFUEbG92ZXJZCQAAiVUHd2VkZGluZ3JaCQAAiFUG\nX3N0YXRlclsJAABoDSmBclwJAAB9cl0JAAAoVQZhZGRpbmdyXgkAAIlVAmRicl8JAABVB2RlZmF1\nbHRyYAkAAHViVQZpc19uZXdyYQkAAIlVA3ZpcHJiCQAAiVUGdGhhbmtzcmMJAACJVQJpZHJkCQAA\nigE5VRBtZXRhX2Rlc2NyaXB0aW9ucmUJAABYAAAAAFUFdGl0bGVyZgkAAFgAAAAAVQthbm5pdmVy\nc2FyeXJnCQAAiVUIaW50ZXJpb3JyaAkAAIlVBXNvcnJ5cmkJAACJVQ1ob2xpZGF5X3Jvc2VzcmoJ\nAACJVQtkZXNjcmlwdGlvbnJrCQAAWHoAAADQmNC30Y/RidC90LDRjyDQvtGC0LrRgNGL0YLQutCw\nLCDQuNC00LXQsNC70YzQvdC+INC/0L7QtNC+0LnQtNC10YIg0LTQu9GPINC/0L7Qt9C00YDQsNCy\n0LvQtdC90LjRjyDQvNC+0LvQvtC00L7QttC10L3QvtCyIXJsCQAAVQlob3Jvc2NvcGVybQkAAIlV\nBXByaWNlcm4JAACKAsgAVQlpc19hY3RpdmVybwkAAIhVCnVwZGF0ZWRfYXRycAkAAGgjVQoH3QII\nAyc0AAAAaCQpUnJxCQAAhlJycgkAAFUIYmlydGhkYXlycwkAAIlVEGJ1c2luZXNzX2JvdXF1ZXRy\ndAkAAIlVBWNoaWxkcnUJAACJVQRzbHVncnYJAABYKQAAAG90a3J5dGthLXJ1Y2hub2otcmFib3R5\nLW9icnVjaGFsbnllLWtvbGNhcncJAABVAmhlcngJAACJVQRuYW1lcnkJAABYUAAAANCe0YLQutGA\n0YvRgtC60LAg0YDRg9GH0L3QvtC5INGA0LDQsdC+0YLRiyAi0J7QsdGA0YPRh9Cw0LvRjNC90YvQ\ntSDQutC+0LvRjNGG0LAicnoJAABVCmNyZWF0ZWRfYXRyewkAAGgjVQoH3QIHDC82AAAAanEJAACG\nUnJ8CQAAVQpwcm9tb2Jsb2Nrcn0JAABYRgEAANCn0YPQtNC10YHQvdCw0Y8g0L7RgtC60YDRi9GC\n0LrQsCDQtNC10LrQvtGA0LjRgNC+0LLQsNC90LAg0L3QtdC20L3Ri9C80Lgg0LbQtdC80YfRg9C2\n0LjQvdCw0LzQuCwg0L7QsdGA0YPRh9Cw0LvRjNC90YvQvNC4INC60L7Qu9C10YfQutCw0LzQuCwg\n0LDRgtC70LDRgdC90L7QuSDQu9C10L3RgtC+0LkuPGJyIC8+PGJyIC8+PHN0cm9uZz7Qn9Cw0YDQ\nsNC80LXRgtGA0Ys6PC9zdHJvbmc+INGI0LjRgNC40L3QsCAtIDEwINGB0LwsINCy0YvRgdC+0YLQ\nsCAtIDE1INGB0LwuJm5ic3A7PGJyIC8+PGJyIC8+PHN0cm9uZz7QkNGA0YLQuNC60YPQuzo8L3N0\ncm9uZz4gMTM1MjQycn4JAABVB2NvbmdyYXRyfwkAAIlVA3NoZXKACQAAiVUOaXNfcmVjb21tZW5k\nZWRygQkAAIlVC2NhdGVnb3J5X2lkcoIJAACKATV1YksBaARoZF1oBodScoMJAAB9coQJAAAoVQ1t\nZXRhX2tleXdvcmRzcoUJAABYAAAAAFUEbG92ZXKGCQAAiVUHd2VkZGluZ3KHCQAAiVUGX3N0YXRl\ncogJAABoDSmBcokJAAB9cooJAAAoVQZhZGRpbmdyiwkAAIlVAmRicowJAABVB2RlZmF1bHRyjQkA\nAHViVQZpc19uZXdyjgkAAIlVA3ZpcHKPCQAAiVUGdGhhbmtzcpAJAACJVQJpZHKRCQAAigE6VRBt\nZXRhX2Rlc2NyaXB0aW9ucpIJAABYAAAAAFUFdGl0bGVykwkAAFgAAAAAVQthbm5pdmVyc2FyeXKU\nCQAAiVUIaW50ZXJpb3JylQkAAIlVBXNvcnJ5cpYJAACJVQ1ob2xpZGF5X3Jvc2VzcpcJAACJVQtk\nZXNjcmlwdGlvbnKYCQAAWI8AAAA8cD48c3BhbiBzdHlsZT0iY29sb3I6ICNjYzQzNDM7Ij7QntGC\n0LrRgNGL0YLQutCwINC40LTQtdCw0LvRjNC90L4g0L/QvtC00L7QudC00LXRgiDQtNC70Y8g0LLQ\nsNGI0LXQuSDQu9GO0LHQuNC80L7QuSDQtNC10LLRg9GI0LrQuC48L3NwYW4+PC9wPnKZCQAAVQlo\nb3Jvc2NvcGVymgkAAIlVBXByaWNlcpsJAACKAXhVCWlzX2FjdGl2ZXKcCQAAiFUKdXBkYXRlZF9h\ndHKdCQAAaCNVCgfdAggELzkAAABoJClScp4JAACGUnKfCQAAVQhiaXJ0aGRheXKgCQAAiFUQYnVz\naW5lc3NfYm91cXVldHKhCQAAiVUFY2hpbGRyogkAAIlVBHNsdWdyowkAAFgNAAAAc2Ftb2otbmV6\naG5vanKkCQAAVQJoZXKlCQAAiVUEbmFtZXKmCQAAWEQAAADQntGC0LrRgNGL0YLQutCwINGA0YPR\nh9C90L7QuSDRgNCw0LHQvtGC0YsgItCh0LDQvNC+0Lkg0L3QtdC20L3QvtC5InKnCQAAVQpjcmVh\ndGVkX2F0cqgJAABoI1UKB90CCAM0DAAAAGqeCQAAhlJyqQkAAFUKcHJvbW9ibG9ja3KqCQAAWAAA\nAABVB2NvbmdyYXRyqwkAAIlVA3NoZXKsCQAAiFUOaXNfcmVjb21tZW5kZWRyrQkAAIlVC2NhdGVn\nb3J5X2lkcq4JAACKATV1YksBaARoZF1oBodScq8JAAB9crAJAAAoVQ1tZXRhX2tleXdvcmRzcrEJ\nAABYAAAAAFUEbG92ZXKyCQAAiFUHd2VkZGluZ3KzCQAAiVUGX3N0YXRlcrQJAABoDSmBcrUJAAB9\ncrYJAAAoVQZhZGRpbmdytwkAAIlVAmRicrgJAABVB2RlZmF1bHRyuQkAAHViVQZpc19uZXdyugkA\nAIlVA3ZpcHK7CQAAiVUGdGhhbmtzcrwJAACJVQJpZHK9CQAAigE7VRBtZXRhX2Rlc2NyaXB0aW9u\ncr4JAABYAAAAAFUFdGl0bGVyvwkAAFgAAAAAVQthbm5pdmVyc2FyeXLACQAAiFUIaW50ZXJpb3Jy\nwQkAAIlVBXNvcnJ5csIJAACIVQ1ob2xpZGF5X3Jvc2VzcsMJAACJVQtkZXNjcmlwdGlvbnLECQAA\nWEcAAADQmtGA0LDRgdC+0YfQvdGL0Lkg0LrQvtC90LLQtdGA0YIg0YEg0L3QtdC20L3Ri9C80Lgg\n0LHQsNC90YLQuNC60LDQvNC4LnLFCQAAVQlob3Jvc2NvcGVyxgkAAIlVBXByaWNlcscJAACKAVBV\nCWlzX2FjdGl2ZXLICQAAiFUKdXBkYXRlZF9hdHLJCQAAaCNVCgfdAggEETQAAABoJClScsoJAACG\nUnLLCQAAVQhiaXJ0aGRheXLMCQAAiFUQYnVzaW5lc3NfYm91cXVldHLNCQAAiVUFY2hpbGRyzgkA\nAIlVBHNsdWdyzwkAAFgjAAAAa29udmVydC1ydWNobm9qLXJhYm90eS1wb3pkcmF2bHlheXVy0AkA\nAFUCaGVy0QkAAIlVBG5hbWVy0gkAAFg/AAAA0JrQvtC90LLQtdGA0YIg0YDRg9GH0L3QvtC5INGA\n0LDQsdC+0YLRiyAi0J/QvtC30LTRgNCw0LLQu9GP0Y4ictMJAABVCmNyZWF0ZWRfYXRy1AkAAGgj\nVQoH3QIIBBE0AAAAasoJAACGUnLVCQAAVQpwcm9tb2Jsb2NrctYJAABYAAAAAFUHY29uZ3JhdHLX\nCQAAiFUDc2hlctgJAACIVQ5pc19yZWNvbW1lbmRlZHLZCQAAiVULY2F0ZWdvcnlfaWRy2gkAAIoB\nNXViSwFoBGhkXWgGh1Jy2wkAAH1y3AkAAChVDW1ldGFfa2V5d29yZHNy3QkAAFgAAAAAVQRsb3Zl\nct4JAACJVQd3ZWRkaW5nct8JAACJVQZfc3RhdGVy4AkAAGgNKYFy4QkAAH1y4gkAAChVBmFkZGlu\nZ3LjCQAAiVUCZGJy5AkAAFUHZGVmYXVsdHLlCQAAdWJVBmlzX25ld3LmCQAAiVUDdmlwcucJAACJ\nVQZ0aGFua3Ny6AkAAIlVAmlkcukJAACKATxVEG1ldGFfZGVzY3JpcHRpb25y6gkAAFgAAAAAVQV0\naXRsZXLrCQAAWAAAAABVC2Fubml2ZXJzYXJ5cuwJAACJVQhpbnRlcmlvcnLtCQAAiVUFc29ycnly\n7gkAAIhVDWhvbGlkYXlfcm9zZXNy7wkAAIlVC2Rlc2NyaXB0aW9ucvAJAABYJgAAANC60L7QvdCy\n0LXRgNGCINGBINGB0LXRgNC00LXRh9C60LDQvNC4cvEJAABVCWhvcm9zY29wZXLyCQAAiVUFcHJp\nY2Vy8wkAAIoBUFUJaXNfYWN0aXZlcvQJAACIVQp1cGRhdGVkX2F0cvUJAABoI1UKB90CCAQZOwAA\nAGgkKVJy9gkAAIZScvcJAABVCGJpcnRoZGF5cvgJAACIVRBidXNpbmVzc19ib3VxdWV0cvkJAACJ\nVQVjaGlsZHL6CQAAiVUEc2x1Z3L7CQAAWCEAAABrb252ZXJ0LXJ1Y2hub2otcmFib3R5LXMtbHl1\nYm92eXVy/AkAAFUCaGVy/QkAAIlVBG5hbWVy/gkAAFg8AAAA0LrQvtC90LLQtdGA0YIg0YDRg9GH\n0L3QvtC5INGA0LDQsdC+0YLRiyAi0KEg0LvRjtCx0L7QstGM0Y4icv8JAABVCmNyZWF0ZWRfYXRy\nAAoAAGgjVQoH3QIIBBk7AAAAavYJAACGUnIBCgAAVQpwcm9tb2Jsb2NrcgIKAABYAAAAAFUHY29u\nZ3JhdHIDCgAAiFUDc2hlcgQKAACIVQ5pc19yZWNvbW1lbmRlZHIFCgAAiVULY2F0ZWdvcnlfaWRy\nBgoAAIoBNXViSwFoBGhkXWgGh1JyBwoAAH1yCAoAAChVDW1ldGFfa2V5d29yZHNyCQoAAFgAAAAA\nVQRsb3ZlcgoKAACJVQd3ZWRkaW5ncgsKAACJVQZfc3RhdGVyDAoAAGgNKYFyDQoAAH1yDgoAAChV\nBmFkZGluZ3IPCgAAiVUCZGJyEAoAAFUHZGVmYXVsdHIRCgAAdWJVBmlzX25ld3ISCgAAiVUDdmlw\nchMKAACJVQZ0aGFua3NyFAoAAIlVAmlkchUKAACKASFVEG1ldGFfZGVzY3JpcHRpb25yFgoAAFgA\nAAAAVQV0aXRsZXIXCgAAWAAAAABVC2Fubml2ZXJzYXJ5chgKAACJVQhpbnRlcmlvcnIZCgAAiVUF\nc29ycnlyGgoAAIlVDWhvbGlkYXlfcm9zZXNyGwoAAIlVC2Rlc2NyaXB0aW9uchwKAABYigAAANCd\n0LXQttC90YvQuSDQuCDRgtGA0L7Qs9Cw0YLQtdC70YzQvdGL0Lkg0LDQu9GM0LHQvtC8INC00LvR\njyDRgdC+0LHRgNCw0L3QuNGPINC/0LXRgNCy0YvRhSDQtNC+0YHRgtC40LbQtdC90LjQuSDQstCw\n0YjQtdCz0L4g0LzQsNC70YvRiNCwIXIdCgAAVQlob3Jvc2NvcGVyHgoAAIlVBXByaWNlch8KAACK\nAooCVQlpc19hY3RpdmVyIAoAAIhVCnVwZGF0ZWRfYXRyIQoAAGgjVQoH3QIHCCEAAAAAaCQpUnIi\nCgAAhlJyIwoAAFUIYmlydGhkYXlyJAoAAIlVEGJ1c2luZXNzX2JvdXF1ZXRyJQoAAIlVBWNoaWxk\nciYKAACIVQRzbHVncicKAABYFgAAAGZvdG9hbGJvbS1wZXJ2eWUtc2hhZ2lyKAoAAFUCaGVyKQoA\nAIlVBG5hbWVyKgoAAFgtAAAA0KTQvtGC0L7QsNC70YzQsdC+0LwgICLQn9C10YDQstGL0LUg0YjQ\nsNCz0LgicisKAABVCmNyZWF0ZWRfYXRyLAoAAGgjVQoH3QIHCBwYAAAAaiIKAACGUnItCgAAVQpw\ncm9tb2Jsb2Nrci4KAABYMQIAANCt0YLQvtGCINCw0LvRjNCx0L7QvCDRgdGC0LDQvdC10YIg0L7R\ngtC70LjRh9C90YvQvCDQv9C+0LTQsNGA0LrQvtC8LCDQutC+0YLQvtGA0YvQuSDQtdCz0L4g0L7Q\nsdC70LDQtNCw0YLQtdC70Lgg0LHRg9C00YPRgiDQv9GA0L7RgdC80LDRgtGA0LjQstCw0YLRjCDR\ngdC90L7QstCwINC4INGB0L3QvtCy0LAsINCy0LXRgtGMINGC0LDQvCDQsdGD0LTRg9GCINGB0L7Q\nsdGA0LDQvdGLINGB0LDQvNGL0LUg0LLQsNC20L3Ri9C1LCDQsCDQs9C70LDQstC90L7QtSDQv9C1\n0YDQstGL0LUg0LTQvtGB0YLQuNC20LXQvdC40Y8g0LzQsNC70YvRiNCwISZuYnNwO9CQ0LvRjNCx\n0L7QvCDRgNCw0YHRgdGH0LjRgtCw0L0g0L3QsCAxODAg0YTQvtGC0L7Qs9GA0LDRhNC40LksINGE\n0L7RgNC80LDRgtCwIDEw0YUxNdGB0Lw8YnIgLz48YnIgLz48c3Ryb25nPtCf0LDRgNCw0LzQtdGC\n0YDRizo8L3N0cm9uZz4mbmJzcDvRiNC40YDQuNC90LAgLSAyNSDRgdC8LCDQstGL0YHQvtGC0LAg\nLSAyMyDRgdC8LiZuYnNwOzxiciAvPjxiciAvPjxzdHJvbmc+0JDRgNGC0LjQutGD0Ls6PC9zdHJv\nbmc+IDEzNDI3MHIvCgAAVQdjb25ncmF0cjAKAACJVQNzaGVyMQoAAIlVDmlzX3JlY29tbWVuZGVk\ncjIKAACJVQtjYXRlZ29yeV9pZHIzCgAAigE3dWJLAWgEaGRdaAaHUnI0CgAAfXI1CgAAKFUNbWV0\nYV9rZXl3b3Jkc3I2CgAAWAAAAABVBGxvdmVyNwoAAIlVB3dlZGRpbmdyOAoAAIlVBl9zdGF0ZXI5\nCgAAaA0pgXI6CgAAfXI7CgAAKFUGYWRkaW5ncjwKAACJVQJkYnI9CgAAVQdkZWZhdWx0cj4KAAB1\nYlUGaXNfbmV3cj8KAACJVQN2aXByQAoAAIlVBnRoYW5rc3JBCgAAiVUCaWRyQgoAAIoBH1UQbWV0\nYV9kZXNjcmlwdGlvbnJDCgAAWAAAAABVBXRpdGxlckQKAABYAAAAAFULYW5uaXZlcnNhcnlyRQoA\nAIlVCGludGVyaW9yckYKAACJVQVzb3JyeXJHCgAAiVUNaG9saWRheV9yb3Nlc3JICgAAiVULZGVz\nY3JpcHRpb25ySQoAAFh+AAAA0JzRj9Cz0LrQuNC5INGB0LvQvtC90LXQvdC+0Log0YEg0LrRgNCw\n0YHQuNCy0YvQvCDQsdCw0L3RgtC40LrQvtC8LCDQv9C+0YXQvtC20LjQvCDQvdCwINC/0YDQsNC3\n0LTQvdC40YfQvdGD0Y4g0LHQsNCx0L7Rh9C60YMhckoKAABVCWhvcm9zY29wZXJLCgAAiVUFcHJp\nY2VyTAoAAIoCvAJVCWlzX2FjdGl2ZXJNCgAAiFUKdXBkYXRlZF9hdHJOCgAAaCNVCgfdAgcGJDEA\nAABoJClSck8KAACGUnJQCgAAVQhiaXJ0aGRheXJRCgAAiVUQYnVzaW5lc3NfYm91cXVldHJSCgAA\niVUFY2hpbGRyUwoAAIlVBHNsdWdyVAoAAFgUAAAAc2xvbmVub2stcy1iYWJvY2hrb2pyVQoAAFUC\naGVyVgoAAIlVBG5hbWVyVwoAAFgkAAAA0KHQu9C+0L3QtdC90L7QuiDRgSDQsdCw0LHQvtGH0LrQ\nvtC5clgKAABVCmNyZWF0ZWRfYXRyWQoAAGgjVQoH3QIHBiMrAAAAak8KAACGUnJaCgAAVQpwcm9t\nb2Jsb2NrclsKAABYPQEAANCh0LvQvtC90LXQvdC6LdC00LbQtdC90YLQu9GM0LzQtdC9INGBINCw\n0YLQu9Cw0YHQvdGL0LzQuCDQutGA0LDRgdC90YvQvCDQsdCw0L3RgtC+0LwsINCx0YPQtNC10YIg\n0LfQsNC80LXRh9Cw0YLQtdC70YzQvdGL0Lwg0LTRgNGD0LPQvtC8INC00LvRjyDQstC30YDQvtGB\n0LvRi9GFINC4INC00LXRgtC10LkhPGJyIC8+PGJyIC8+PHN0cm9uZz7Qn9Cw0YDQsNC80LXRgtGA\n0Ys6PC9zdHJvbmc+INCy0YvRgdC+0YLQsCAtIDUwINGB0LwuJm5ic3A7PGJyIC8+PGJyIC8+PHN0\ncm9uZz7QkNGA0YLQuNC60YPQuzo8L3N0cm9uZz4gMTM2MDg3PGJyIC8+PGJyIC8+clwKAABVB2Nv\nbmdyYXRyXQoAAIlVA3NoZXJeCgAAiVUOaXNfcmVjb21tZW5kZWRyXwoAAIlVC2NhdGVnb3J5X2lk\ncmAKAACKATN1YksBaARoZF1oBodScmEKAAB9cmIKAAAoVQ1tZXRhX2tleXdvcmRzcmMKAABYAAAA\nAFUEbG92ZXJkCgAAiVUHd2VkZGluZ3JlCgAAiVUGX3N0YXRlcmYKAABoDSmBcmcKAAB9cmgKAAAo\nVQZhZGRpbmdyaQoAAIlVAmRicmoKAABVB2RlZmF1bHRyawoAAHViVQZpc19uZXdybAoAAIlVA3Zp\ncHJtCgAAiVUGdGhhbmtzcm4KAACJVQJpZHJvCgAAigEiVRBtZXRhX2Rlc2NyaXB0aW9ucnAKAABY\nAAAAAFUFdGl0bGVycQoAAFgAAAAAVQthbm5pdmVyc2FyeXJyCgAAiVUIaW50ZXJpb3JycwoAAIlV\nBXNvcnJ5cnQKAACJVQ1ob2xpZGF5X3Jvc2VzcnUKAACJVQtkZXNjcmlwdGlvbnJ2CgAAWE8AAADQ\nntGC0LvQuNGH0L3Ri9C5INCw0LvRjNCx0L7QvCDQtNC70Y8g0YHQvtCx0YDQsNC90LjRjyDRj9GA\n0LrQuNGFINGB0L7QsdGL0YLQuNC5cncKAABVCWhvcm9zY29wZXJ4CgAAiVUFcHJpY2VyeQoAAIoC\nkAFVCWlzX2FjdGl2ZXJ6CgAAiFUKdXBkYXRlZF9hdHJ7CgAAaCNVCgfdAgcIMREAAABoJClScnwK\nAACGUnJ9CgAAVQhiaXJ0aGRheXJ+CgAAiVUQYnVzaW5lc3NfYm91cXVldHJ/CgAAiVUFY2hpbGRy\ngAoAAIlVBHNsdWdygQoAAFgRAAAAZm90b2FsYm9tLWRldHNraWpyggoAAFUCaGVygwoAAIlVBG5h\nbWVyhAoAAFglAAAA0KTQvtGC0L7QsNC70YzQsdC+0LwgItCU0LXRgtGB0LrQuNC5InKFCgAAVQpj\ncmVhdGVkX2F0coYKAABoI1UKB90CBwgsNwAAAGp8CgAAhlJyhwoAAFUKcHJvbW9ibG9ja3KICgAA\nWL8BAADQl9Cw0LzQtdGH0LDRgtC10LvRjNC90YvQuSDQtNC10YLRgdC60LjQuSDQsNC70YzQsdC+\n0Lwg0YEg0L/Qu9Cw0YHRgtC40LrQvtCy0YvQvNC4INC60LDRgNC80LDRiNC60LDQvNC4INC/0L7Q\ntCDRhNC+0YLQviDRhNC+0YDQvNCw0YLQsCAxMNGFMTXRgdC8LCAmbmJzcDvQsiDQvdC10Lwg0L/Q\nvtC80LXRgdGC0LjRgtGB0Y8gMjAwINGE0L7RgtC+0LPRgNCw0YTQuNC5INGBINGB0LDQvNGLINGP\n0YDQutC40LzQuCDQvNC+0LzQtdC90YLQsNC80Lgg0LjQtyDQttC40LfQvdC4INGA0LXQsdC10L3Q\nutCwLjxiciAvPjxiciAvPjxzdHJvbmc+0J/QsNGA0LDQvNC10YLRgNGLOiZuYnNwOzwvc3Ryb25n\nPtGI0LjRgNC40L3QsCAtIDE4INGB0LwsINCy0YvRgdC+0YLQsCAtIDIzINGB0LwuJm5ic3A7PGJy\nIC8+PGJyIC8+PHN0cm9uZz7QkNGA0YLQuNC60YPQuzo8L3N0cm9uZz4mbmJzcDsxMzQzNTByiQoA\nAFUHY29uZ3JhdHKKCgAAiVUDc2hlcosKAACJVQ5pc19yZWNvbW1lbmRlZHKMCgAAiVULY2F0ZWdv\ncnlfaWRyjQoAAIoBN3ViSwFoBGgFXWgGh1JyjgoAAH1yjwoAAChVDW1ldGFfa2V5d29yZHNykAoA\nAFgAAAAAVQRsb3ZlcpEKAACJVQd3ZWRkaW5ncpIKAACIVQZfc3RhdGVykwoAAGgNKYFylAoAAH1y\nlQoAAChVBmFkZGluZ3KWCgAAiVUCZGJylwoAAFUHZGVmYXVsdHKYCgAAdWJVBmlzX25ld3KZCgAA\niVUDdmlwcpoKAACJVQZ0aGFua3NymwoAAIlVAmlkcpwKAACKARxVEG1ldGFfZGVzY3JpcHRpb25y\nnQoAAFgAAAAAVQV0aXRsZXKeCgAAWAAAAABVC2Fubml2ZXJzYXJ5cp8KAACJVQhpbnRlcmlvcnKg\nCgAAiVUFc29ycnlyoQoAAIlVDWhvbGlkYXlfcm9zZXNyogoAAIlVC2Rlc2NyaXB0aW9ucqMKAABY\nbAAAANCv0YDQutC40Lkg0LrRgNCw0YHQvtGH0L3Ri9C5INCx0YPQutC10YIgLSDQstGL0LHQvtGA\nINGB0YLQuNC70YzQvdC+0Lkg0YHQvtCy0YDQtdC80LXQvdC90L7QuSDQvdC10LLQtdGB0YLRi3Kk\nCgAAVQlob3Jvc2NvcGVypQoAAIlVBXByaWNlcqYKAACKAkAGVQlpc19hY3RpdmVypwoAAIhVCnVw\nZGF0ZWRfYXRyqAoAAGgjVQoH3QIJCwQ3AAAAaCQpUnKpCgAAhlJyqgoAAFUIYmlydGhkYXlyqwoA\nAIlVEGJ1c2luZXNzX2JvdXF1ZXRyrAoAAIlVBWNoaWxkcq0KAACJVQRzbHVncq4KAABYDwAAAGJ1\na2V0LW5ldmVzdHktM3KvCgAAVQJoZXKwCgAAiVUEbmFtZXKxCgAAWB4AAADQkdGD0LrQtdGCINC9\n0LXQstC10YHRgtGLIOKEljNysgoAAFUKY3JlYXRlZF9hdHKzCgAAaCNVCgfdAggGOwIAAABqqQoA\nAIZScrQKAABVCnByb21vYmxvY2tytQoAAFirAAAA0K3RgtC+0YIg0LHRg9C60LXRgi0g0LTQu9GP\nINGC0L7QuSDQvtC00L3QvtC5ICwg0Y/RgNC60L7QuSwg0LjQvdC00LjQstC40LTRg9Cw0LvRjNC9\n0L7QuSDQvdC10LLQtdGB0YLRizxiciAvPjxiciAvPjxzdHJvbmc+0JDRgNGC0LjQutGD0LsgMTMx\nMDE4PGJyIC8+PGJyIC8+PGJyIC8+PC9zdHJvbmc+crYKAABVB2NvbmdyYXRytwoAAIlVA3NoZXK4\nCgAAiVUOaXNfcmVjb21tZW5kZWRyuQoAAIlVC2NhdGVnb3J5X2lkcroKAACKAVh1YksBaARoZF1o\nBodScrsKAAB9crwKAAAoVQ1tZXRhX2tleXdvcmRzcr0KAABYAAAAAFUEbG92ZXK+CgAAiVUHd2Vk\nZGluZ3K/CgAAiVUGX3N0YXRlcsAKAABoDSmBcsEKAAB9csIKAAAoVQZhZGRpbmdywwoAAIlVAmRi\ncsQKAABVB2RlZmF1bHRyxQoAAHViVQZpc19uZXdyxgoAAIlVA3ZpcHLHCgAAiVUGdGhhbmtzcsgK\nAACJVQJpZHLJCgAAigENVRBtZXRhX2Rlc2NyaXB0aW9ucsoKAABYAAAAAFUFdGl0bGVyywoAAFgA\nAAAAVQthbm5pdmVyc2FyeXLMCgAAiVUIaW50ZXJpb3JyzQoAAIlVBXNvcnJ5cs4KAACJVQ1ob2xp\nZGF5X3Jvc2Vzcs8KAACJVQtkZXNjcmlwdGlvbnLQCgAAWNkAAADQoNC+0YHQutC+0YjQvdGL0LUg\n0LfRg9Cx0YfQsNGC0YvQtSDQu9C40YHRgtGM0Y8g0L/QsNC/0L7RgNC+0YLQvdC40LrQsCDRg9GB\n0L/QtdGI0L3QviDQuNGB0L/QvtC70YzQt9GD0Y7RgtGB0Y8g0LIg0LrQsNGH0LXRgdGC0LLQtSDQ\nvtGB0L3QvtCy0L3QvtC5INC30LXQu9C10L3QuCDQsiDRgdCw0LzRi9GFINGA0LDQt9C90L7QvtCx\n0YDQsNC30L3Ri9GFINCx0YPQutC10YLQsNGFctEKAABVCWhvcm9zY29wZXLSCgAAiVUFcHJpY2Vy\n0woAAIoBHlUJaXNfYWN0aXZlctQKAACIVQp1cGRhdGVkX2F0ctUKAABoI1UKB90BEgggGgAAAGgk\nKVJy1goAAIZSctcKAABVCGJpcnRoZGF5ctgKAACJVRBidXNpbmVzc19ib3VxdWV0ctkKAACJVQVj\naGlsZHLaCgAAiVUEc2x1Z3LbCgAAWAoAAABwYXBvcm90bmlrctwKAABVAmhlct0KAACJVQRuYW1l\nct4KAABYFAAAANCf0LDQv9C+0YDQvtGC0L3QuNC6ct8KAABVCmNyZWF0ZWRfYXRy4AoAAGgjVQoH\n3QESCCAaAAAAatYKAACGUnLhCgAAVQpwcm9tb2Jsb2NrcuIKAABYAAAAAFUHY29uZ3JhdHLjCgAA\niVUDc2hlcuQKAACJVQ5pc19yZWNvbW1lbmRlZHLlCgAAiVULY2F0ZWdvcnlfaWRy5goAAIoBDXVi\nSwFoBGhkXWgGh1Jy5woAAH1y6AoAAChVDW1ldGFfa2V5d29yZHNy6QoAAFgAAAAAVQRsb3ZlcuoK\nAACJVQd3ZWRkaW5ncusKAACJVQZfc3RhdGVy7AoAAGgNKYFy7QoAAH1y7goAAChVBmFkZGluZ3Lv\nCgAAiVUCZGJy8AoAAFUHZGVmYXVsdHLxCgAAdWJVBmlzX25ld3LyCgAAiVUDdmlwcvMKAACJVQZ0\naGFua3Ny9AoAAIlVAmlkcvUKAACKAThVEG1ldGFfZGVzY3JpcHRpb25y9goAAFgAAAAAVQV0aXRs\nZXL3CgAAWAAAAABVC2Fubml2ZXJzYXJ5cvgKAACJVQhpbnRlcmlvcnL5CgAAiVUFc29ycnly+goA\nAIlVDWhvbGlkYXlfcm9zZXNy+woAAIlVC2Rlc2NyaXB0aW9ucvwKAABYkQAAANCv0YDQutCw0Y8g\n0L/QvtC30LTRgNCw0LLQuNGC0LXQu9GM0L3QsNGPINC+0YLQutGA0YvRgtC60LAg0LIg0LDQutGC\n0YPQsNC70YzQvdC+0Lwg0YDQtdGC0YDQvi3RgdGC0LjQu9C1INGBINC/0L7QttC10LvQsNC90LjQ\ntdC8INC00L7RgdGC0LDRgtC60LBy/QoAAFUJaG9yb3Njb3Blcv4KAACJVQVwcmljZXL/CgAAigLI\nAFUJaXNfYWN0aXZlcgALAACIVQp1cGRhdGVkX2F0cgELAABoI1UKB90CBwwoAwAAAGgkKVJyAgsA\nAIZScgMLAABVCGJpcnRoZGF5cgQLAACJVRBidXNpbmVzc19ib3VxdWV0cgULAACJVQVjaGlsZHIG\nCwAAiVUEc2x1Z3IHCwAAWBcAAABvdGtyeXRrYS1ydWNobm9qLXJhYm90eXIICwAAVQJoZXIJCwAA\niVUEbmFtZXIKCwAAWCoAAADQntGC0LrRgNGL0YLQutCwINGA0YPRh9C90L7QuSDRgNCw0LHQvtGC\n0YtyCwsAAFUKY3JlYXRlZF9hdHIMCwAAaCNVCgfdAgcMKAMAAABqAgsAAIZScg0LAABVCnByb21v\nYmxvY2tyDgsAAFiIAAAAPHN0cm9uZz7Qn9Cw0YDQsNC80LXRgtGA0Ys6PC9zdHJvbmc+INGI0LjR\ngNC40L3QsCAtIDEwINGB0LwsINCy0YvRgdC+0YLQsCAtIDE1INGB0LwuIDxiciAvPjxiciAvPjxz\ndHJvbmc+0JDRgNGC0LjQutGD0Ls6PC9zdHJvbmc+IDEzNTQ5NnIPCwAAVQdjb25ncmF0chALAACJ\nVQNzaGVyEQsAAIlVDmlzX3JlY29tbWVuZGVkchILAACJVQtjYXRlZ29yeV9pZHITCwAAigETdWJL\nAWgEaAVdaAaHUnIUCwAAfXIVCwAAKFUNbWV0YV9rZXl3b3Jkc3IWCwAAWAAAAABVBGxvdmVyFwsA\nAIhVB3dlZGRpbmdyGAsAAIlVBl9zdGF0ZXIZCwAAaA0pgXIaCwAAfXIbCwAAKFUGYWRkaW5nchwL\nAACJVQJkYnIdCwAAVQdkZWZhdWx0ch4LAAB1YlUGaXNfbmV3ch8LAACJVQN2aXByIAsAAIlVBnRo\nYW5rc3IhCwAAiFUCaWRyIgsAAIoBI1UQbWV0YV9kZXNjcmlwdGlvbnIjCwAAWAAAAABVBXRpdGxl\nciQLAABYAAAAAFULYW5uaXZlcnNhcnlyJQsAAIhVCGludGVyaW9yciYLAACJVQVzb3JyeXInCwAA\niFUNaG9saWRheV9yb3Nlc3IoCwAAiFULZGVzY3JpcHRpb25yKQsAAFhxAAAA0KDQsNGB0LrQvtGI\n0L3QsNGPINC4INC70LDQutC+0L3QuNGH0L3QsNGPINC60L7QvNC/0L7Qt9C40YbQuNGPINC40Lcg\nNDkg0YDQvtC3INCyINC/0LvQtdGC0LXQvdC+0Lkg0LrQvtGA0LfQuNC90LVyKgsAAFUJaG9yb3Nj\nb3BlcisLAACJVQVwcmljZXIsCwAAigJiEVUJaXNfYWN0aXZlci0LAACIVQp1cGRhdGVkX2F0ci4L\nAABoI1UKB90CCQsKFgAAAGgkKVJyLwsAAIZScjALAABVCGJpcnRoZGF5cjELAACIVRBidXNpbmVz\nc19ib3VxdWV0cjILAACJVQVjaGlsZHIzCwAAiVUEc2x1Z3I0CwAAWA4AAABrb3JvbGV2YS1tYXJn\nb3I1CwAAVQJoZXI2CwAAiVUEbmFtZXI3CwAAWBsAAADQmtC+0YDQvtC70LXQstCwINCc0LDRgNCz\n0L5yOAsAAFUKY3JlYXRlZF9hdHI5CwAAaCNVCgfdAggHNBEAAABqLwsAAIZScjoLAABVCnByb21v\nYmxvY2tyOwsAAFjPAAAA0K3RgtC+0YIg0LrQvtGA0L7Qu9C10LLRgdC60LjQuSDQsdGD0LrQtdGC\nINC00L7RgdGC0LDQstC40YIg0LzQsNGB0YHRgyDRg9C00L7QstC+0LvRjNGB0YLQstC40Y8g0Lgg\n0LLQvtGB0YLQvtGA0LPQsCZuYnNwOzxiciAvPjxiciAvPjxzdHJvbmc+0JDRgNGC0LjQutGD0Lsg\nMTMxMDI1PGJyIC8+PGJyIC8+PGJyIC8+PGJyIC8+PGJyIC8+PGJyIC8+PC9zdHJvbmc+cjwLAABV\nB2NvbmdyYXRyPQsAAIhVA3NoZXI+CwAAiVUOaXNfcmVjb21tZW5kZWRyPwsAAIlVC2NhdGVnb3J5\nX2lkckALAACKARR1YksBaARoZF1oBodSckELAAB9ckILAAAoVQ1tZXRhX2tleXdvcmRzckMLAABY\nAAAAAFUEbG92ZXJECwAAiVUHd2VkZGluZ3JFCwAAiVUGX3N0YXRlckYLAABoDSmBckcLAAB9ckgL\nAAAoVQZhZGRpbmdySQsAAIlVAmRickoLAABVB2RlZmF1bHRySwsAAHViVQZpc19uZXdyTAsAAIlV\nA3ZpcHJNCwAAiVUGdGhhbmtzck4LAACJVQJpZHJPCwAAigErVRBtZXRhX2Rlc2NyaXB0aW9uclAL\nAABYAAAAAFUFdGl0bGVyUQsAAFgAAAAAVQthbm5pdmVyc2FyeXJSCwAAiVUIaW50ZXJpb3JyUwsA\nAIlVBXNvcnJ5clQLAACJVQ1ob2xpZGF5X3Jvc2VzclULAACJVQtkZXNjcmlwdGlvbnJWCwAAWFQA\nAADQntGC0LvQuNGH0L3QvtC1INC00L7Qv9C+0LvQvdC10L3QuNC1INC6INC70Y7QsdC+0LzRgyDQ\nv9C+0LTQsNGA0LrRgyDQuCDQsdGD0LrQtdGC0YNyVwsAAFUJaG9yb3Njb3BlclgLAACJVQVwcmlj\nZXJZCwAAigEoVQlpc19hY3RpdmVyWgsAAIhVCnVwZGF0ZWRfYXRyWwsAAGgjVQoH3QIHChY2AAAA\naCQpUnJcCwAAhlJyXQsAAFUIYmlydGhkYXlyXgsAAIhVEGJ1c2luZXNzX2JvdXF1ZXRyXwsAAIlV\nBWNoaWxkcmALAACJVQRzbHVncmELAABYDQAAAHNoYXItcy1nZWxpZW1yYgsAAFUCaGVyYwsAAIlV\nBG5hbWVyZAsAAFgWAAAA0KjQsNGAINGBINCz0LXQu9C40LXQvHJlCwAAVQpjcmVhdGVkX2F0cmYL\nAABoI1UKB90CBwoWNgAAAGpcCwAAhlJyZwsAAFUKcHJvbW9ibG9ja3JoCwAAWJMAAADQkiDQsNGB\n0YHQvtGA0YLQuNC80LXQvdGC0LU8YnIgLz48YnIgLz48c3Ryb25nPtCf0LDRgNCw0LzQtdGC0YDR\nizo8L3N0cm9uZz4g0YjQuNGA0LjQvdCwIDMwINGB0Lw8YnIgLz48YnIgLz48c3Ryb25nPtCQ0YDR\ngtC40LrRg9C7Ojwvc3Ryb25nPiAxNDA1MjFyaQsAAFUHY29uZ3JhdHJqCwAAiVUDc2hlcmsLAACJ\nVQ5pc19yZWNvbW1lbmRlZHJsCwAAiVULY2F0ZWdvcnlfaWRybQsAAIoBNHViSwFoBGhkXWgGh1Jy\nbgsAAH1ybwsAAChVDW1ldGFfa2V5d29yZHNycAsAAFgAAAAAVQRsb3ZlcnELAACJVQd3ZWRkaW5n\ncnILAACJVQZfc3RhdGVycwsAAGgNKYFydAsAAH1ydQsAAChVBmFkZGluZ3J2CwAAiVUCZGJydwsA\nAFUHZGVmYXVsdHJ4CwAAdWJVBmlzX25ld3J5CwAAiVUDdmlwcnoLAACJVQZ0aGFua3NyewsAAIlV\nAmlkcnwLAACKASRVEG1ldGFfZGVzY3JpcHRpb25yfQsAAFgAAAAAVQV0aXRsZXJ+CwAAWAAAAABV\nC2Fubml2ZXJzYXJ5cn8LAACJVQhpbnRlcmlvcnKACwAAiVUFc29ycnlygQsAAIlVDWhvbGlkYXlf\ncm9zZXNyggsAAIlVC2Rlc2NyaXB0aW9ucoMLAABYYAAAANCt0YLQvtGCINCw0LvRjNCx0L7QvCDQ\ntNC70Y8g0YHQvtCx0YDQsNC90LjRjyDQvNC+0LzQtdC90YLQvtCyINGP0YDQutC40YUg0L/RgNC4\n0LrQu9GO0YfQtdC90LjQuXKECwAAVQlob3Jvc2NvcGVyhQsAAIlVBXByaWNlcoYLAACKAiYCVQlp\nc19hY3RpdmVyhwsAAIhVCnVwZGF0ZWRfYXRyiAsAAGgjVQoH3QIHCRgGAAAAaCQpUnKJCwAAhlJy\nigsAAFUIYmlydGhkYXlyiwsAAIlVEGJ1c2luZXNzX2JvdXF1ZXRyjAsAAIlVBWNoaWxkco0LAACJ\nVQRzbHVnco4LAABYGwAAAGZvdG9hbGJvbS1yYXpub29icmF6bnlqLW1pcnKPCwAAVQJoZXKQCwAA\niVUEbmFtZXKRCwAAWDgAAADQpNC+0YLQvtCw0LvRjNCx0L7QvCAi0KDQsNC30L3QvtC+0LHRgNCw\n0LfQvdGL0Lkg0LzQuNGAInKSCwAAVQpjcmVhdGVkX2F0cpMLAABoI1UKB90CBwkRBQAAAGqJCwAA\nhlJylAsAAFUKcHJvbW9ibG9ja3KVCwAAWJEBAADQl9Cw0LzQtdGH0LDRgtC10LvRjNC90YvQuSZu\nYnNwOyDQsNC70YzQsdC+0Lwg0YHQvtGB0YLQvtGP0YnQuNC5INC40LcgNTAg0LvQuNGB0YLQvtCy\nINGBINC/0LvQsNGB0YLQuNC60L7QstGL0LzQuCDQutCw0YDQvNCw0YjQutCw0LzQuCDRhNC+0YDQ\nvNCw0YLQsCAxNdGFMjAg0Lgg0LLQvtC30LzQvtC20L3QvtGB0YLRjNGOINGB0LTQtdC70LDRgtGM\nINC/0LDQvNGP0YLQvdGD0Y4g0L3QsNC00L/QuNGB0Ywg0Log0LrQsNC20LTQvtC5INGE0L7RgtC+\n0LPRgNCw0YTQuNC4LjxiciAvPjxiciAvPtCf0LDRgNCw0LzQtdGC0YDRizog0YjQuNGA0LjQvdCw\nIC0gMjIg0YHQvCwg0LLRi9GB0L7RgtCwIC0gMjQg0YHQvC4gPGJyIC8+PGJyIC8+0JDRgNGC0LjQ\nutGD0Ls6IDEzNDM3NzxiciAvPjxiciAvPjxiciAvPnKWCwAAVQdjb25ncmF0cpcLAACJVQNzaGVy\nmAsAAIlVDmlzX3JlY29tbWVuZGVkcpkLAACJVQtjYXRlZ29yeV9pZHKaCwAAigE3dWJLAWgEaAVd\naAaHUnKbCwAAfXKcCwAAKFUNbWV0YV9rZXl3b3Jkc3KdCwAAWAAAAABVBGxvdmVyngsAAIlVB3dl\nZGRpbmdynwsAAIhVBl9zdGF0ZXKgCwAAaA0pgXKhCwAAfXKiCwAAKFUGYWRkaW5ncqMLAACJVQJk\nYnKkCwAAVQdkZWZhdWx0cqULAAB1YlUGaXNfbmV3cqYLAACJVQN2aXBypwsAAIlVBnRoYW5rc3Ko\nCwAAiVUCaWRyqQsAAIoBGlUQbWV0YV9kZXNjcmlwdGlvbnKqCwAAWAAAAABVBXRpdGxlcqsLAABY\nAAAAAFULYW5uaXZlcnNhcnlyrAsAAIlVCGludGVyaW9ycq0LAACJVQVzb3JyeXKuCwAAiVUNaG9s\naWRheV9yb3Nlc3KvCwAAiVULZGVzY3JpcHRpb25ysAsAAFhUAAAA0JjQt9GL0YHQutCw0L3QvdGL\n0Lkg0LHRg9C60LXRgiDQvdC10LLQtdGB0YLRiyDQsiDQsdC10LvQvi3QutGA0LDRgdC90L7QuSDQ\ns9Cw0LzQvNC1crELAABVCWhvcm9zY29wZXKyCwAAiVUFcHJpY2VyswsAAIoCCAdVCWlzX2FjdGl2\nZXK0CwAAiFUKdXBkYXRlZF9hdHK1CwAAaCNVCgfdAgkLAycAAABoJClScrYLAACGUnK3CwAAVQhi\naXJ0aGRheXK4CwAAiVUQYnVzaW5lc3NfYm91cXVldHK5CwAAiVUFY2hpbGRyugsAAIlVBHNsdWdy\nuwsAAFgUAAAAYnVrZXQtbmV2ZXN0eS1hdnJvcmFyvAsAAFUCaGVyvQsAAIlVBG5hbWVyvgsAAFgo\nAAAA0JHRg9C60LXRgiDQvdC10LLQtdGB0YLRiyAi0JDQstGA0L7RgNCwInK/CwAAVQpjcmVhdGVk\nX2F0csALAABoI1UKB90CCAYtEQAAAGq2CwAAhlJywQsAAFUKcHJvbW9ibG9ja3LCCwAAWJIAAADQ\nk9C+0YDQvNC+0L3QuNGH0L3Ri9C5INCx0YPQutC10YIg0LjQtyAyOSDQutGA0LDRgdC90YvRhSDQ\nuCDQsdC10LvRi9GFINGA0L7Qty48YnIgLz48YnIgLz48c3Ryb25nPtCQ0YDRgtC40LrRg9C7IDEz\nMTAxNjxiciAvPjxiciAvPjxiciAvPjwvc3Ryb25nPnLDCwAAVQdjb25ncmF0csQLAACJVQNzaGVy\nxQsAAIlVDmlzX3JlY29tbWVuZGVkcsYLAACJVQtjYXRlZ29yeV9pZHLHCwAAigFYdWJLAWgEaAVd\naAaHUnLICwAAfXLJCwAAKFUNbWV0YV9rZXl3b3Jkc3LKCwAAWAAAAABVBGxvdmVyywsAAIlVB3dl\nZGRpbmdyzAsAAIhVBl9zdGF0ZXLNCwAAaA0pgXLOCwAAfXLPCwAAKFUGYWRkaW5nctALAACJVQJk\nYnLRCwAAVQdkZWZhdWx0ctILAAB1YlUGaXNfbmV3ctMLAACJVQN2aXBy1AsAAIlVBnRoYW5rc3LV\nCwAAiVUCaWRy1gsAAIoBJlUQbWV0YV9kZXNjcmlwdGlvbnLXCwAAWAAAAABVBXRpdGxlctgLAABY\nAAAAAFULYW5uaXZlcnNhcnly2QsAAIlVCGludGVyaW9yctoLAACJVQVzb3JyeXLbCwAAiVUNaG9s\naWRheV9yb3Nlc3LcCwAAiVULZGVzY3JpcHRpb25y3QsAAFiHAAAA0KHQsNC80YvQtSDQvtGH0LDR\ngNC+0LLQsNGC0LXQu9GM0L3Ri9C1INGG0LLQtdGC0Ysg0LIg0LjQt9GD0LzQuNGC0LXQu9GM0L3Q\nvtC8INCx0YPQutC10YLQtSDQtNC70Y8g0L/QvtC00LDRgNC60LAg0L3QsCDRgdCy0LDQtNGM0LHR\ngyAuct4LAABVCWhvcm9zY29wZXLfCwAAiVUFcHJpY2Vy4AsAAIoCRgVVCWlzX2FjdGl2ZXLhCwAA\niFUKdXBkYXRlZF9hdHLiCwAAaCNVCgfdAgkJMjkAAABoJClScuMLAACGUnLkCwAAVQhiaXJ0aGRh\neXLlCwAAiVUQYnVzaW5lc3NfYm91cXVldHLmCwAAiVUFY2hpbGRy5wsAAIlVBHNsdWdy6AsAAFgO\nAAAAdm8taW15YS1seXVidmly6QsAAFUCaGVy6gsAAIlVBG5hbWVy6wsAAFgXAAAA0JLQviDQuNC8\n0Y8g0LvRjtCx0LLQuCFy7AsAAFUKY3JlYXRlZF9hdHLtCwAAaCNVCgfdAggIFg0AAABq4wsAAIZS\ncu4LAABVCnByb21vYmxvY2ty7wsAAFilAAAA0J3QtdC20L3Ri9C1INC4INC30LDQstC+0YDQsNC2\n0LXQstCw0Y7RidC40LUg0YDQvtC30Ysg0LHRg9C00YPRgiDQuNC00LXQsNC70YzQvdGL0Lwg0L/Q\nvtC00LDRgNC60L7QvCDQvdC10LLQtdGB0YLRizxiciAvPjxiciAvPjxzdHJvbmc+0JDRgNGC0LjQ\nutGD0LsgMTMxMDI4PC9zdHJvbmc+cvALAABVB2NvbmdyYXRy8QsAAIhVA3NoZXLyCwAAiVUOaXNf\ncmVjb21tZW5kZWRy8wsAAIlVC2NhdGVnb3J5X2lkcvQLAACKAVx1YksBaARoBV1oBodScvULAAB9\ncvYLAAAoVQ1tZXRhX2tleXdvcmRzcvcLAABYAAAAAFUEbG92ZXL4CwAAiVUHd2VkZGluZ3L5CwAA\niFUGX3N0YXRlcvoLAABoDSmBcvsLAAB9cvwLAAAoVQZhZGRpbmdy/QsAAIlVAmRicv4LAABVB2Rl\nZmF1bHRy/wsAAHViVQZpc19uZXdyAAwAAIlVA3ZpcHIBDAAAiVUGdGhhbmtzcgIMAACJVQJpZHID\nDAAAigERVRBtZXRhX2Rlc2NyaXB0aW9ucgQMAABYAAAAAFUFdGl0bGVyBQwAAFgAAAAAVQthbm5p\ndmVyc2FyeXIGDAAAiVUIaW50ZXJpb3JyBwwAAIlVBXNvcnJ5cggMAACJVQ1ob2xpZGF5X3Jvc2Vz\ncgkMAACJVQtkZXNjcmlwdGlvbnIKDAAAWD8AAADQmtC70LDRgdGB0LjRh9C10YHQutC40Lkg0L3Q\ntdC20L3Ri9C5INCx0YPQutC10YIg0L3QtdCy0LXRgdGC0YtyCwwAAFUJaG9yb3Njb3BlcgwMAACJ\nVQVwcmljZXINDAAAigLECVUJaXNfYWN0aXZlcg4MAACIVQp1cGRhdGVkX2F0cg8MAABoI1UKB90C\nCQgiNwAAAGgkKVJyEAwAAIZSchEMAABVCGJpcnRoZGF5chIMAACJVRBidXNpbmVzc19ib3VxdWV0\nchMMAACJVQVjaGlsZHIUDAAAiVUEc2x1Z3IVDAAAWA8AAABidWtldC1uZXZlc3R5LTFyFgwAAFUC\naGVyFwwAAIlVBG5hbWVyGAwAAFgeAAAA0JHRg9C60LXRgiDQvdC10LLQtdGB0YLRiyDihJYxchkM\nAABVCmNyZWF0ZWRfYXRyGgwAAGgjVQoH3QIFCCY5AAAAahAMAACGUnIbDAAAVQpwcm9tb2Jsb2Nr\nchwMAABYYQEAANCt0YLQvtGCINGD0LTQuNCy0LjRgtC10LvRjNC90YvQuSDQsdGD0LrQtdGCINC9\n0LAg0L7RgdC90L7QstC1IDI1INC60YDQtdC80L7QstGL0YUg0YDQvtC3INC00L7Qv9C+0LvQvdC1\n0L0g0L3QtdC20L3QvtC5INGE0YDQtdC30LjQtdC5LiDQkdGD0LrQtdGCINCy0YvQv9C+0LvQvdC1\n0L0g0L3QsCDQv9C+0YDRgtCx0YPQutC10YLQvdC40YbQtSwg0L3QvtC20LrQsCDQutC+0YLQvtGA\n0L7QuSDQt9Cw0LTQtdC60L7RgNC40YDQvtCy0LDQvdCwINCw0YLQu9Cw0YHQvdC+0Lkg0LvQtdC9\n0YLQvtC5PGJyIC8+PGJyIC8+PHN0cm9uZz7QkNGA0YLQuNC60YPQuzwvc3Ryb25nPiZuYnNwOzxz\ndHJvbmc+MTMxMDA3PC9zdHJvbmc+ch0MAABVB2NvbmdyYXRyHgwAAIlVA3NoZXIfDAAAiVUOaXNf\ncmVjb21tZW5kZWRyIAwAAIlVC2NhdGVnb3J5X2lkciEMAACKAVh1YksBaARoZF1oBodSciIMAAB9\nciMMAAAoVQ1tZXRhX2tleXdvcmRzciQMAABYAAAAAFUEbG92ZXIlDAAAiFUHd2VkZGluZ3ImDAAA\niVUGX3N0YXRlcicMAABoDSmBcigMAAB9cikMAAAoVQZhZGRpbmdyKgwAAIlVAmRicisMAABVB2Rl\nZmF1bHRyLAwAAHViVQZpc19uZXdyLQwAAIlVA3ZpcHIuDAAAiVUGdGhhbmtzci8MAACJVQJpZHIw\nDAAAigEnVRBtZXRhX2Rlc2NyaXB0aW9ucjEMAABYAAAAAFUFdGl0bGVyMgwAAFgAAAAAVQthbm5p\ndmVyc2FyeXIzDAAAiVUIaW50ZXJpb3JyNAwAAIlVBXNvcnJ5cjUMAACIVQ1ob2xpZGF5X3Jvc2Vz\ncjYMAACJVQtkZXNjcmlwdGlvbnI3DAAAWFsAAADQodCy0LXRgNC60LDRjtGJ0LXQtSDRgdC10YDQ\ntNC10YfQutC+INC00LvRjyDRgdCw0LzQvtCz0L4g0LTQvtGA0L7Qs9C+0LPQviDRh9C10LvQvtCy\n0LXQutCwcjgMAABVCWhvcm9zY29wZXI5DAAAiVUFcHJpY2VyOgwAAIoC+gBVCWlzX2FjdGl2ZXI7\nDAAAiFUKdXBkYXRlZF9hdHI8DAAAaCNVCgfdAgcJLwIAAABoJClScj0MAACGUnI+DAAAVQhiaXJ0\naGRheXI/DAAAiVUQYnVzaW5lc3NfYm91cXVldHJADAAAiVUFY2hpbGRyQQwAAIlVBHNsdWdyQgwA\nAFggAAAAdm96ZHVzaG55ai1zaGFyaWstem9sb3RvZS1zZXJkY2VyQwwAAFUCaGVyRAwAAIlVBG5h\nbWVyRQwAAFg7AAAA0JLQvtC30LTRg9GI0L3Ri9C5INGI0LDRgNC40LogItCX0L7Qu9C+0YLQvtC1\nINGB0LXRgNC00YbQtSJyRgwAAFUKY3JlYXRlZF9hdHJHDAAAaCNVCgfdAgcJLwIAAABqPQwAAIZS\nckgMAABVCnByb21vYmxvY2tySQwAAFgrAQAAPGJyIC8+0KDQsNC00L7RgdGC0L3QvtC1INCy0LvR\njtCx0LvQtdC90L3QvtC1INGB0LXRgNC00LXRh9C60L4gJm5kYXNoOyDQvtGH0LDRgNC+0LLQsNGC\n0LXQu9GM0L3Ri9C5INC/0L7QtNCw0YDQvtC6INCyINC00L7Qv9C+0LvQvdC10L3QuNC1INC6INCx\n0YPQutC10YLRgyDRhtCy0LXRgtC+0LIuPGJyIC8+PGJyIC8+PHN0cm9uZz7Qn9Cw0YDQsNC80LXR\ngtGA0Ys6PC9zdHJvbmc+INC00LjQsNC80LXRgtGAIC0gNDYg0YHQvC4mbmJzcDs8YnIgLz48YnIg\nLz48c3Ryb25nPtCQ0YDRgtC40LrRg9C7Ojwvc3Ryb25nPiAxMzU1MjZySgwAAFUHY29uZ3JhdHJL\nDAAAiVUDc2hlckwMAACJVQ5pc19yZWNvbW1lbmRlZHJNDAAAiVULY2F0ZWdvcnlfaWRyTgwAAIoB\nNHViSwFoBGgFXWgGh1JyTwwAAH1yUAwAAChVDW1ldGFfa2V5d29yZHNyUQwAAFgAAAAAVQRsb3Zl\nclIMAACJVQd3ZWRkaW5nclMMAACIVQZfc3RhdGVyVAwAAGgNKYFyVQwAAH1yVgwAAChVBmFkZGlu\nZ3JXDAAAiVUCZGJyWAwAAFUHZGVmYXVsdHJZDAAAdWJVBmlzX25ld3JaDAAAiVUDdmlwclsMAACJ\nVQZ0aGFua3NyXAwAAIlVAmlkcl0MAACKAR1VEG1ldGFfZGVzY3JpcHRpb25yXgwAAFgAAAAAVQV0\naXRsZXJfDAAAWAAAAABVC2Fubml2ZXJzYXJ5cmAMAACJVQhpbnRlcmlvcnJhDAAAiVUFc29ycnly\nYgwAAIlVDWhvbGlkYXlfcm9zZXNyYwwAAIlVC2Rlc2NyaXB0aW9ucmQMAABYcgAAANCt0LvQtdCz\n0LDQvdGC0L3QsNGPINCx0L7RgNC00L7QstCw0Y8g0YDQvtC30LAg0LfQsNCy0LXRgNGI0LjRgiDR\ngtC+0YDQttC10YHRgtCy0LXQvdC90YvQuSDQvtCx0LvQuNC6INC20LXQvdC40YXQsHJlDAAAVQlo\nb3Jvc2NvcGVyZgwAAIlVBXByaWNlcmcMAACKAsgAVQlpc19hY3RpdmVyaAwAAIhVCnVwZGF0ZWRf\nYXRyaQwAAGgjVQoH3QIJCwUlAAAAaCQpUnJqDAAAhlJyawwAAFUIYmlydGhkYXlybAwAAIlVEGJ1\nc2luZXNzX2JvdXF1ZXRybQwAAIlVBWNoaWxkcm4MAACJVQRzbHVncm8MAABYCQAAAGJ1dG9uZXJr\nYXJwDAAAVQJoZXJxDAAAiVUEbmFtZXJyDAAAWBkAAADQkdGD0YLQvtC90YzQtdGA0LrQsCDihJYx\ncnMMAABVCmNyZWF0ZWRfYXRydAwAAGgjVQoH3QIIBwcIAAAAamoMAACGUnJ1DAAAVQpwcm9tb2Js\nb2NrcnYMAABYvAAAANCt0YLQsCDQsdGD0YLQvtC90YzQtdGA0LrQsCDQv9C+0LTRh9C10YDQutC9\n0LXRgiDQuNC90LTQuNCy0LjQtNGD0LDQu9GM0L3QvtGB0YLRjCDQuCDRjdGE0YTQtdC60YLQvdC+\n0YHRgtGMINC20LXQvdC40YXQsDxiciAvPjxiciAvPjxzdHJvbmc+0JDRgNGC0LjQutGD0LsgMTMx\nMDE5PGJyIC8+PGJyIC8+PGJyIC8+PC9zdHJvbmc+cncMAABVB2NvbmdyYXRyeAwAAIlVA3NoZXJ5\nDAAAiVUOaXNfcmVjb21tZW5kZWRyegwAAIlVC2NhdGVnb3J5X2lkcnsMAACKAVF1YksBaARoZF1o\nBodScnwMAAB9cn0MAAAoVQ1tZXRhX2tleXdvcmRzcn4MAABYAAAAAFUEbG92ZXJ/DAAAiVUHd2Vk\nZGluZ3KADAAAiVUGX3N0YXRlcoEMAABoDSmBcoIMAAB9coMMAAAoVQZhZGRpbmdyhAwAAIlVAmRi\ncoUMAABVB2RlZmF1bHRyhgwAAHViVQZpc19uZXdyhwwAAIlVA3ZpcHKIDAAAiVUGdGhhbmtzcokM\nAACJVQJpZHKKDAAAigEbVRBtZXRhX2Rlc2NyaXB0aW9ucosMAABYAAAAAFUFdGl0bGVyjAwAAFgA\nAAAAVQthbm5pdmVyc2FyeXKNDAAAiVUIaW50ZXJpb3JyjgwAAIlVBXNvcnJ5co8MAACJVQ1ob2xp\nZGF5X3Jvc2VzcpAMAACJVQtkZXNjcmlwdGlvbnKRDAAAWDMAAADQnNGP0LPQutCw0Y8g0LjQs9GA\n0YPRiNC60LAg0JzQuNGI0LrQsCAiSSBsb3ZlIHlvdSJykgwAAFUJaG9yb3Njb3BlcpMMAACJVQVw\ncmljZXKUDAAAigKEA1UJaXNfYWN0aXZlcpUMAACIVQp1cGRhdGVkX2F0cpYMAABoI1UKB90CBwYU\nNAAAAGgkKVJylwwAAIZScpgMAABVCGJpcnRoZGF5cpkMAACJVRBidXNpbmVzc19ib3VxdWV0cpoM\nAACJVQVjaGlsZHKbDAAAiVUEc2x1Z3KcDAAAWBYAAABtaXNoa2EtYm9sc2hheWEtbHl1Ym92cp0M\nAABVAmhlcp4MAACJVQRuYW1lcp8MAABYKAAAANCc0LjRiNC60LAgItCR0L7Qu9GM0YjQsNGPINC7\n0Y7QsdC+0LLRjCJyoAwAAFUKY3JlYXRlZF9hdHKhDAAAaCNVCgfdAgcFLw0AAABqlwwAAIZScqIM\nAABVCnByb21vYmxvY2tyowwAAFheAQAA0JzRj9Cz0LrQsNGPINC40LPRgNGD0YjQutCwINCc0LjR\niNC60LAg0YjQvtC60L7Qu9Cw0LTQvdC+0LPQviDRhtCy0LXRgtCwINGBINC+0LPRgNC+0LzQvdGL\n0Lwg0YHQtdGA0LTRhtC10LwsINCy0YvRgNCw0LfQuNGCINC30LAg0LLQsNGBINGB0LDQvNGL0LUg\n0L3QtdC20L3Ri9C1INGH0YPQstGB0YLQstCwITxiciAvPjxzdHJvbmc+PGJyIC8+0J/QsNGA0LDQ\nvNC10YLRgNGLOjwvc3Ryb25nPiZuYnNwO9GI0LjRgNC40L3QsCAtIDIyINGB0LwsINCy0YvRgdC+\n0YLQsCAtIDQwINGB0LwuPGJyIC8+PGJyIC8+PHN0cm9uZz7QkNGA0YLQuNC60YPQuzo8L3N0cm9u\nZz4mbmJzcDsxODc1MTA8YnIgLz48YnIgLz48YnIgLz5ypAwAAFUHY29uZ3JhdHKlDAAAiVUDc2hl\ncqYMAACJVQ5pc19yZWNvbW1lbmRlZHKnDAAAiVULY2F0ZWdvcnlfaWRyqAwAAIoBM3ViSwFoBGgF\nXWgGh1JyqQwAAH1yqgwAAChVDW1ldGFfa2V5d29yZHNyqwwAAFgAAAAAVQRsb3ZlcqwMAACJVQd3\nZWRkaW5ncq0MAACIVQZfc3RhdGVyrgwAAGgNKYFyrwwAAH1ysAwAAChVBmFkZGluZ3KxDAAAiVUC\nZGJysgwAAFUHZGVmYXVsdHKzDAAAdWJVBmlzX25ld3K0DAAAiVUDdmlwcrUMAACJVQZ0aGFua3Ny\ntgwAAIlVAmlkcrcMAACKARNVEG1ldGFfZGVzY3JpcHRpb25yuAwAAFgAAAAAVQV0aXRsZXK5DAAA\nWAAAAABVC2Fubml2ZXJzYXJ5croMAACJVQhpbnRlcmlvcnK7DAAAiVUFc29ycnlyvAwAAIlVDWhv\nbGlkYXlfcm9zZXNyvQwAAIlVC2Rlc2NyaXB0aW9ucr4MAABYmQAAANCd0LXQvtCx0YvQutC90L7Q\nstC10L3QvdGL0Lkg0LHRg9C60LXRgiDQuNC3INC/0YDQtdC60YDQsNGB0L3Ri9GFINC+0YDRhdC4\n0LTQtdC5INC00LvRjyDRgdCw0LzQvtC5INC+0LHQstC+0YDQvtC20LjRgtC10LvRjNC90L7QuSDQ\nvdC+0LLQvtCx0YDQsNGH0L3QvtC5IXK/DAAAVQlob3Jvc2NvcGVywAwAAIlVBXByaWNlcsEMAACK\nAqwNVQlpc19hY3RpdmVywgwAAIhVCnVwZGF0ZWRfYXRywwwAAGgjVQoH3QIJCCUvAAAAaCQpUnLE\nDAAAhlJyxQwAAFUIYmlydGhkYXlyxgwAAIlVEGJ1c2luZXNzX2JvdXF1ZXRyxwwAAIlVBWNoaWxk\ncsgMAACJVQRzbHVncskMAABYFQAAAGJ1a2V0LW5ldmVzdHktbmF0YWx5YXLKDAAAVQJoZXLLDAAA\niVUEbmFtZXLMDAAAWCoAAADQkdGD0LrQtdGCINC90LXQstC10YHRgtGLICLQndCw0YLQsNC70YzR\njyJyzQwAAFUKY3JlYXRlZF9hdHLODAAAaCNVCgfdAgUJKiIAAABqxAwAAIZScs8MAABVCnByb21v\nYmxvY2ty0AwAAFhPAQAA0J/QvtGC0YDRj9GB0LDRjtGJ0LjQuSDQsdGD0LrQtdGCINC90LXQstC1\n0YHRgtGLINC40Lcg0L3QtdCy0LXRgNC+0Y/RgtC90YvRhSDQuCDQs9GA0LDRhtC40L7Qt9C90YvR\nhSDQvtGA0YXQuNC00LXQuSDRj9GA0LrQvtCz0L4g0YbQstC10YLQsCAmbmJzcDvQv9GA0LjQstC7\n0LXRh9C10YIg0LLQt9Cz0LvRj9C00Ysg0Lgg0L7RgdGC0LDQvdC10YLRgdGPINCyINC/0LDQvNGP\n0YLQuCDRg9GH0LDRgdGC0L3QuNC60L7QsiDRgtC+0YDQttC10YHRgtCy0LAg0L3QsCDQtNC+0LvQ\ns9C40LUg0LPQvtC00YsuPGJyIC8+PGJyIC8+PHN0cm9uZz7QkNGA0YLQuNC60YPQuyAxMzEwMDk8\nL3N0cm9uZz5y0QwAAFUHY29uZ3JhdHLSDAAAiVUDc2hlctMMAACJVQ5pc19yZWNvbW1lbmRlZHLU\nDAAAiVULY2F0ZWdvcnlfaWRy1QwAAIoBWHViSwFoBGhkXWgGh1Jy1gwAAH1y1wwAAChVDW1ldGFf\na2V5d29yZHNy2AwAAFgAAAAAVQRsb3ZlctkMAACJVQd3ZWRkaW5nctoMAACJVQZfc3RhdGVy2wwA\nAGgNKYFy3AwAAH1y3QwAAChVBmFkZGluZ3LeDAAAiVUCZGJy3wwAAFUHZGVmYXVsdHLgDAAAdWJV\nBmlzX25ld3LhDAAAiVUDdmlwcuIMAACJVQZ0aGFua3Ny4wwAAIlVAmlkcuQMAACKARlVEG1ldGFf\nZGVzY3JpcHRpb25y5QwAAFgAAAAAVQV0aXRsZXLmDAAAWAAAAABVC2Fubml2ZXJzYXJ5cucMAACJ\nVQhpbnRlcmlvcnLoDAAAiVUFc29ycnly6QwAAIlVDWhvbGlkYXlfcm9zZXNy6gwAAIlVC2Rlc2Ny\naXB0aW9ucusMAABYZAAAANCc0LjQu9GL0Lkg0L/Qu9GO0YjQtdCy0YvQuSDQvNC40YjQutCwINC/\n0YDQuNC00LXRgtGB0Y8g0L/QviDQstC60YPRgdGDINC60LDQttC00L7QuSDQtNC10LLRg9GI0LrQ\ntSFy7AwAAFUJaG9yb3Njb3Blcu0MAACJVQVwcmljZXLuDAAAigJeAVUJaXNfYWN0aXZlcu8MAACI\nVQp1cGRhdGVkX2F0cvAMAABoI1UKB90CBwYWJAAAAGgkKVJy8QwAAIZScvIMAABVCGJpcnRoZGF5\ncvMMAACJVRBidXNpbmVzc19ib3VxdWV0cvQMAACJVQVjaGlsZHL1DAAAiVUEc2x1Z3L2DAAAWAwA\nAABtaXNoa2EteWFrb3Zy9wwAAFUCaGVy+AwAAIlVBG5hbWVy+QwAAFgTAAAA0JzQuNGI0LrQsCDQ\nr9C60L7QsnL6DAAAVQpjcmVhdGVkX2F0cvsMAABoI1UKB90CBwQyOQAAAGrxDAAAhlJy/AwAAFUK\ncHJvbW9ibG9ja3L9DAAAWMEBAADQodC40LzQv9Cw0YLQuNGH0L3Ri9C5INC80LXQtNCy0LXQttC+\n0L3QvtC6INGBINC80Y/Qs9C60L7QuSDRiNC10YDRgdGC0LrQvtC5INGG0LLQtdGC0LAg0YLQvtC/\n0LvQtdC90L7Qs9C+INC80L7Qu9C+0LrQsCDRgdGC0LDQvdC10YIg0JLQsNGI0LjQvCDQv9C+0LLQ\ntdGA0LXQvdC90YvQvCDQsiDQu9GO0LHQvtCy0L3Ri9GFINC00LXQu9Cw0YUg0Lgg0L/QtdGA0LXQ\ntNCw0YHRgiDRgNC+0LzQsNC90YLQuNGH0L3Ri9C5INC/0YDQuNCy0LXRgiDQktCw0YjQtdC5INC4\n0LfQsdGA0LDQvdC90LjRhtC1ITxiciAvPjxiciAvPjxzdHJvbmc+0J/QsNGA0LDQvNC10YLRgNGL\nOjwvc3Ryb25nPiDRiNC40YDQuNC90LAgLSAyMSDRgdC8LCDQstGL0YHQvtGC0LAgLSAyNCDRgdC8\nLjxiciAvPjxiciAvPjxzdHJvbmc+0JDRgNGC0LjQutGD0Ls6PC9zdHJvbmc+IDE4NTAxMDxiciAv\nPjxiciAvPjxiciAvPnL+DAAAVQdjb25ncmF0cv8MAACJVQNzaGVyAA0AAIlVDmlzX3JlY29tbWVu\nZGVkcgENAACJVQtjYXRlZ29yeV9pZHICDQAAigEzdWJLAWgEaAVdaAaHUnIDDQAAfXIEDQAAKFUN\nbWV0YV9rZXl3b3Jkc3IFDQAAWAAAAABVBGxvdmVyBg0AAIlVB3dlZGRpbmdyBw0AAIhVBl9zdGF0\nZXIIDQAAaA0pgXIJDQAAfXIKDQAAKFUGYWRkaW5ncgsNAACJVQJkYnIMDQAAVQdkZWZhdWx0cg0N\nAAB1YlUGaXNfbmV3cg4NAACJVQN2aXByDw0AAIlVBnRoYW5rc3IQDQAAiVUCaWRyEQ0AAIoBKVUQ\nbWV0YV9kZXNjcmlwdGlvbnISDQAAWAAAAABVBXRpdGxlchMNAABYAAAAAFULYW5uaXZlcnNhcnly\nFA0AAIlVCGludGVyaW9ychUNAACJVQVzb3JyeXIWDQAAiVUNaG9saWRheV9yb3Nlc3IXDQAAiVUL\nZGVzY3JpcHRpb25yGA0AAFg+AAAA0J3QtdC20L3QsNGPINCx0YPRgtC+0L3RjNC10YDQutCwINC4\n0Lcg0YDQvtC30L7QstC+0Lkg0YDQvtC30YtyGQ0AAFUJaG9yb3Njb3BlchoNAACJVQVwcmljZXIb\nDQAAigLIAFUJaXNfYWN0aXZlchwNAACIVQp1cGRhdGVkX2F0ch0NAABoI1UKB90CCQk4HQAAAGgk\nKVJyHg0AAIZSch8NAABVCGJpcnRoZGF5ciANAACJVRBidXNpbmVzc19ib3VxdWV0ciENAACJVQVj\naGlsZHIiDQAAiVUEc2x1Z3IjDQAAWAsAAABidXRvbmVya2EtMnIkDQAAVQJoZXIlDQAAiVUEbmFt\nZXImDQAAWBkAAADQkdGD0YLQvtC90YzQtdGA0LrQsCDihJYycicNAABVCmNyZWF0ZWRfYXRyKA0A\nAGgjVQoH3QIICCksAAAAah4NAACGUnIpDQAAVQpwcm9tb2Jsb2NrcioNAABYtQAAANCd0LXQttC9\n0LDRjyDRgNC+0LfQvtCy0LDRjyDQsdGD0YLQvtC90YzQtdGA0LrQsCDQv9C+0LTRh9C10YDQutC9\n0LXRgiDQstGB0Y4g0L3QtdC20L3QvtGB0YLRjCDRhdCw0YDQsNC60YLQtdGA0LAg0LbQtdC90LjR\nhdCwJm5ic3A7PGJyIC8+PGJyIC8+PHN0cm9uZz7QkNGA0YLQuNC60YPQuyAxMzEwMzE8L3N0cm9u\nZz5yKw0AAFUHY29uZ3JhdHIsDQAAiVUDc2hlci0NAACJVQ5pc19yZWNvbW1lbmRlZHIuDQAAiVUL\nY2F0ZWdvcnlfaWRyLw0AAIoBUXViSwFoBGhkXWgGh1JyMA0AAH1yMQ0AAChVDW1ldGFfa2V5d29y\nZHNyMg0AAFgAAAAAVQRsb3ZlcjMNAACJVQd3ZWRkaW5ncjQNAACJVQZfc3RhdGVyNQ0AAGgNKYFy\nNg0AAH1yNw0AAChVBmFkZGluZ3I4DQAAiVUCZGJyOQ0AAFUHZGVmYXVsdHI6DQAAdWJVBmlzX25l\nd3I7DQAAiVUDdmlwcjwNAACJVQZ0aGFua3NyPQ0AAIlVAmlkcj4NAACKARRVEG1ldGFfZGVzY3Jp\ncHRpb25yPw0AAFgAAAAAVQV0aXRsZXJADQAAWAAAAABVC2Fubml2ZXJzYXJ5ckENAACJVQhpbnRl\ncmlvcnJCDQAAiVUFc29ycnlyQw0AAIlVDWhvbGlkYXlfcm9zZXNyRA0AAIlVC2Rlc2NyaXB0aW9u\nckUNAABYvgAAANCS0LrRgNC+0YjQtdGH0L3Ri9GFINC60YDRg9C20LXQstC90YvRhSDRgdC+0YbQ\nstC10YLQuNGP0YUg0LPQuNC/0YHQvtGE0LjQu9GLINGD0LPQsNC00YvQstCw0Y7RgtGB0Y8g0LzQ\nuNC70LvQuNC+0L3RiyDRgdC+0LfQstC10LfQtNC40LksINGA0LDRgdGB0YvQv9Cw0L3QvdGL0YUg\n0L/QviDQvdC+0YfQvdC+0LzRgyDQvdC10LHRgy5yRg0AAFUJaG9yb3Njb3BlckcNAACJVQVwcmlj\nZXJIDQAAigFGVQlpc19hY3RpdmVySQ0AAIhVCnVwZGF0ZWRfYXRySg0AAGgjVQoH3QIFCCoVAAAA\naCQpUnJLDQAAhlJyTA0AAFUIYmlydGhkYXlyTQ0AAIlVEGJ1c2luZXNzX2JvdXF1ZXRyTg0AAIlV\nBWNoaWxkck8NAACJVQRzbHVnclANAABYCQAAAGdpcHNvZmlsYXJRDQAAVQJoZXJSDQAAiVUEbmFt\nZXJTDQAAWBIAAADQk9C40L/RgdC+0YTQuNC70LByVA0AAFUKY3JlYXRlZF9hdHJVDQAAaCNVCgfd\nAgUIKhUAAABqSw0AAIZSclYNAABVCnByb21vYmxvY2tyVw0AAFhwBQAA0JLQutGA0L7RiNC10YfQ\nvdGL0YUg0LrRgNGD0LbQtdCy0L3Ri9GFINGB0L7RhtCy0LXRgtC40Y/RhSDQs9C40L/RgdC+0YTQ\nuNC70Ysg0YPQs9Cw0LTRi9Cy0LDRjtGC0YHRjyDQvNC40LvQu9C40L7QvdGLINGB0L7Qt9Cy0LXQ\nt9C00LjQuSwg0YDQsNGB0YHRi9C/0LDQvdC90YvRhSDQv9C+INC90L7Rh9C90L7QvNGDINC90LXQ\nsdGDLiDQkdGD0LrQtdGC0Ysg0YEg0Y3RgtC40Lwg0LrRgNC+0YLQutC40Lwg0Lgg0L3QtdC20L3R\ni9C8INGG0LLQtdGC0LrQvtC8INC+0LHQu9Cw0LTQsNGO0YIg0LrQsNC60L7QuS3RgtC+INC90LXQ\nstC10YDQvtGP0YLQvdC+0Lkg0LrQvtGB0LzQuNGH0LXRgdC60L7QuSDRjdC90LXRgNCz0LXRgtC4\n0LrQvtC5LiDQotC+0L3Rh9Cw0LnRiNCw0Y8g0LLRg9Cw0LvRjCDQs9C40L/RgdC+0YTQuNC70Yss\nINGB0LvQvtCy0L3QviDQu9C10LPQutCw0Y8g0YHQstCw0LTQtdCx0L3QsNGPINGE0LDRgtCwLCDQ\nv9GA0LjQtNCw0LXRgiDQt9C90LDQutC+0LzRi9C8INGG0LLQtdGC0LDQvCDQvtGB0L7QsdGD0Y4g\n0L3QtdCz0YMg0Lgg0YLQvtC80L3QvtGB0YLRjC48YnIgLz48YnIgLz7QkdC70LDQs9C+0LTQsNGA\n0Y8g0YHQstC+0LXQuSDRg9C90LjQutCw0LvRjNC90L7QuSDRjdGB0YLQtdGC0LjQutC1LCDQs9C4\n0L/RgdC+0YTQuNC70LAg0L/RgNC40LzQtdC90Y/QtdGC0YHRjyDQtNC70Y8g0YHQvtC30LTQsNC9\n0LjRjyDRgtGA0LXQv9C10YLQvdGL0YUg0YDQvtC80LDQvdGC0LjRh9C10YHQutC40YUg0LrQvtC8\n0L/QvtC30LjRhtC40Lkg0LIg0LrQvtC70LvQtdC60YbQuNC4IEZsb3dlci1zaG9wLnJ1INC4INGP\n0LLQu9GP0LXRgtGB0Y8g0L7QtNC90LjQvCDQuNC3INCz0LvQsNCy0L3Ri9GFINGG0LLQtdGC0L7Q\nsiDRgdCy0LDQtNC10LHQvdC+0Lkg0YTQu9C+0YDQuNGB0YLQuNC60LguINCl0L7RgtGPINGE0LvQ\nvtGA0LjRgdGC0Ysg0L7RgtCy0L7QtNGP0YIg0LPQuNC/0YHQvtGE0LjQu9C1INGA0L7Qu9GMINCy\n0YHQv9C+0LzQvtCz0LDRgtC10LvRjNC90L7Qs9C+INGG0LLQtdGC0L7Rh9C90L7Qs9C+INGN0LvQ\ntdC80LXQvdGC0LAsINC+0L3QsCDQvtGH0LXQvdGMINGC0YDQvtCz0LDRgtC10LvRjNC90L4g0Lgg\n0L3QtdC20L3QviDRgdC80L7RgtGA0LjRgtGB0Y8g0LIg0YHQvtGB0YLQsNCy0LUg0YHQstCw0LTQ\ntdCx0L3QvtCz0L4g0LHRg9C60LXRgtCwLdC00YPQsdC70LXRgNCwLiDQkCDQvtGC0YHRg9GC0YHR\ngtCy0LjQtSDQvtCz0YDQsNC90LjRh9C10L3QuNC5INC/0L4g0YHQtdC30L7QvdGDINC00LXQu9Cw\n0LXRgiDRjdGC0L7RgiDRhtCy0LXRgtC+0Log0LjQtNC10LDQu9GM0L3Ri9C8INC80LDRgtC10YDQ\nuNCw0LvQvtC8INC00LvRjyDRg9C60YDQsNGI0LXQvdC40Y8g0LbQtdC90YHQutC40YUg0LHRg9C6\n0LXRgtC+0LIuclgNAABVB2NvbmdyYXRyWQ0AAIlVA3NoZXJaDQAAiVUOaXNfcmVjb21tZW5kZWRy\nWw0AAIlVC2NhdGVnb3J5X2lkclwNAACKAQ11YksBaARoBV1oBodScl0NAAB9cl4NAAAoVQ1tZXRh\nX2tleXdvcmRzcl8NAABYAAAAAFUEbG92ZXJgDQAAiVUHd2VkZGluZ3JhDQAAiFUGX3N0YXRlcmIN\nAABoDSmBcmMNAAB9cmQNAAAoVQZhZGRpbmdyZQ0AAIlVAmRicmYNAABVB2RlZmF1bHRyZw0AAHVi\nVQZpc19uZXdyaA0AAIlVA3ZpcHJpDQAAiVUGdGhhbmtzcmoNAACJVQJpZHJrDQAAigEoVRBtZXRh\nX2Rlc2NyaXB0aW9ucmwNAABYAAAAAFUFdGl0bGVybQ0AAFgAAAAAVQthbm5pdmVyc2FyeXJuDQAA\niVUIaW50ZXJpb3Jybw0AAIlVBXNvcnJ5cnANAACIVQ1ob2xpZGF5X3Jvc2VzcnENAACIVQtkZXNj\ncmlwdGlvbnJyDQAAWHsAAADQn9C+0YLRgNGP0YHQsNGO0YnQuNC5INCx0YPQutC10YIg0LjQtyDQ\nsdC10LvRi9GFINGA0L7QtyDQvtC70LjRhtC10YLQstC+0YDRj9GO0YnQuNC5Jm5ic3A70YfQuNGB\n0YLQvtGC0YMg0Lgg0LrRgNCw0YHQvtGC0YNycw0AAFUJaG9yb3Njb3BlcnQNAACJVQVwcmljZXJ1\nDQAAigKSCVUJaXNfYWN0aXZlcnYNAACIVQp1cGRhdGVkX2F0cncNAABoI1UKB90CCQ0HAAAAAGgk\nKVJyeA0AAIZScnkNAABVCGJpcnRoZGF5cnoNAACJVRBidXNpbmVzc19ib3VxdWV0cnsNAACJVQVj\naGlsZHJ8DQAAiVUEc2x1Z3J9DQAAWBAAAABrb3JvbGV2ZS1rcmFzb3R5cn4NAABVAmhlcn8NAACJ\nVQRuYW1lcoANAABYHwAAANCa0L7RgNC+0LvQtdCy0LUg0LrRgNCw0YHQvtGC0YtygQ0AAFUKY3Jl\nYXRlZF9hdHKCDQAAaCNVCgfdAggIJQUAAABqeA0AAIZScoMNAABVCnByb21vYmxvY2tyhA0AAFgW\nAQAA0JHQtdC70YvQtSDRgNC+0LfRiyDQvNC+0LPRg9GCINC/0L7QtNC+0LnRgtC4INC6INC70Y7Q\nsdC+0LzRgyDRgdC+0LHRi9GC0LjRjiDQuCDQstGB0LUg0YDQsNCy0L3QviDQvtGB0YLQsNGC0YzR\ngdGPINGB0LDQvNGL0Lwg0LjQvdC00LjQstC40LTRg9Cw0LvRjNC90YvQvCDQuCDQtNC+0YHRgtC+\n0LnQvdGL0Lwg0L/QvtC00LDRgNC60L7QvDxiciAvPjxiciAvPjxzdHJvbmc+0JDRgNGC0LjQutGD\n0LsgMTMxPC9zdHJvbmc+PHN0cm9uZz4wMzA8YnIgLz48YnIgLz48YnIgLz48L3N0cm9uZz5yhQ0A\nAFUHY29uZ3JhdHKGDQAAiVUDc2hlcocNAACJVQ5pc19yZWNvbW1lbmRlZHKIDQAAiVULY2F0ZWdv\ncnlfaWRyiQ0AAIoBXHViSwFoBGhkXWgGh1Jyig0AAH1yiw0AAChVDW1ldGFfa2V5d29yZHNyjA0A\nAFgAAAAAVQRsb3Zlco0NAACJVQd3ZWRkaW5nco4NAACJVQZfc3RhdGVyjw0AAGgNKYFykA0AAH1y\nkQ0AAChVBmFkZGluZ3KSDQAAiVUCZGJykw0AAFUHZGVmYXVsdHKUDQAAdWJVBmlzX25ld3KVDQAA\niVUDdmlwcpYNAACJVQZ0aGFua3Nylw0AAIlVAmlkcpgNAACKARVVEG1ldGFfZGVzY3JpcHRpb25y\nmQ0AAFgAAAAAVQV0aXRsZXKaDQAAWAAAAABVC2Fubml2ZXJzYXJ5cpsNAACJVQhpbnRlcmlvcnKc\nDQAAiVUFc29ycnlynQ0AAIlVDWhvbGlkYXlfcm9zZXNyng0AAIlVC2Rlc2NyaXB0aW9ucp8NAABY\nSwAAANCj0LTQuNCy0LjRgtC10LvRjNC90L4g0L3QtdC20L3QsNGPLCDQuNC30Y/RidC90LDRjyDQ\nuCDQs9GA0LDRhtC40L7Qt9C90LDRj3KgDQAAVQlob3Jvc2NvcGVyoQ0AAIlVBXByaWNlcqINAACK\nATxVCWlzX2FjdGl2ZXKjDQAAiFUKdXBkYXRlZF9hdHKkDQAAaCNVCgfdAgUJODMAAABoJClScqUN\nAACGUnKmDQAAVQhiaXJ0aGRheXKnDQAAiVUQYnVzaW5lc3NfYm91cXVldHKoDQAAiVUFY2hpbGRy\nqQ0AAIlVBHNsdWdyqg0AAFgHAAAAZnJleml5YXKrDQAAVQJoZXKsDQAAiVUEbmFtZXKtDQAAWAwA\nAADQpNGA0LXQt9C40Y9yrg0AAFUKY3JlYXRlZF9hdHKvDQAAaCNVCgfdAgUILi8AAABqpQ0AAIZS\ncrANAABVCnByb21vYmxvY2tysQ0AAFgSBgAA0KPQtNC40LLQuNGC0LXQu9GM0L3QviDQvdC10LbQ\nvdGL0LUsINC40LfRj9GJ0L3Ri9C1INC4INCz0YDQsNGG0LjQvtC30L3Ri9C1INGG0LLQtdGC0LrQ\nuCDRhNGA0LXQt9C40Lgg0L3QsNC/0L7Qu9C90Y/RjtGCINC60L7QvNC/0L7Qt9C40YbQuNC4Jm5i\nc3A7IEFtZWxpYS1zaG9wLnJ1INC90LXQv9C+0LLRgtC+0YDQuNC80YvQvCDRiNCw0YDQvNC+0Lws\nINC70LXQs9C60L7RgdGC0YzRjiDQuCDRjdC70LXQs9Cw0L3RgtC90L7RgdGC0YzRjiwg0LAg0LjR\nhSDQsdC+0LbQtdGB0YLQstC10L3QvdGL0Lkg0LDRgNC+0LzQsNGCINGB0L/QvtGB0L7QsdC10L0g\n0YHQstC10YHRgtC4INGBINGD0LzQsCDQutCw0LbQtNC+0LPQvi4g0JvQtdC/0LXRgdGC0LrQuCDR\nhNGA0LXQt9C40Lgg0LjQvNC10Y7RgiDRgtCw0Log0L3QsNC30YvQstCw0LXQvNGD0Y4gJmxhcXVv\nO9GB0YLQtdC60LvRj9C90L3Rg9GOINGE0LDQutGC0YPRgNGDJnJhcXVvOywg0LrQvtGC0L7RgNCw\n0Y8g0L/RgNC+0Y/QstC70Y/QtdGC0YHRjyDQsiDQvtGA0LjQs9C40L3QsNC70YzQvdC+0YHRgtC4\nINGG0LLQtdGC0L7QstGL0YUg0L/QtdGA0LXRhdC+0LTQvtCyINC4INGB0LvQvtCy0L3QviDQvdC1\n0LrQvtGC0L7RgNC+0Lkg0L/RgNC+0LfRgNCw0YfQvdC+0YHRgtC4LiDQkiDRjdGC0L7QvCDQt9Cw\n0LrQu9GO0YfQsNC10YLRgdGPINC80LDQs9C40YfQtdGB0LrQsNGPINC/0YDQuNCy0LvQtdC60LDR\ngtC10LvRjNC90L7RgdGC0YwsINCy0L3QtdGI0L3Rj9GPINGF0YDRg9C/0LrQvtGB0YLRjCDQuCDR\ng9C90LjQutCw0LvRjNC90L7RgdGC0Ywg0YbQstC10YLQutCwLjxiciAvPjxiciAvPtCSINGB0LDQ\nvNC+0YHRgtC+0Y/RgtC10LvRjNC90L7QvCDQsdGD0LrQtdGC0LUg0LjQu9C4INCyINGG0LLQtdGC\n0L7Rh9C90L7QvCDQsNC90YHQsNC80LHQu9C1INGE0YDQtdC30LjRjyDQvtGH0LXQvdGMINGC0L7Q\nvdC60L4g0L/QtdGA0LXQtNCw0LXRgiDQsNGC0LzQvtGB0YTQtdGA0YMg0L/RgNC+0LHRg9C20LTQ\nsNGO0YnQtdC50YHRjyDQv9C+0YHQu9C1INC30LjQvNGLINC/0YDQuNGA0L7QtNGLLiDQn9C+0Y3R\ngtC+0LzRgyDQtdC1INC20LXQu9GC0YvQtSwg0L7RgNCw0L3QttC10LLRi9C1LCDRgdC40YDQtdC9\n0LXQstGL0LUsINCx0LXQu9GL0LUg0LjQu9C4INGB0LzQtdGI0LDQvdC90YvQtSDRgdC+0YbQstC1\n0YLQuNGPINGB0YLQsNC70Lgg0LLQtdGB0YzQvNCwINCy0L7RgdGC0YDQtdCx0L7QstCw0L3RiyDQ\nv9GA0Lgg0YHQvtC30LTQsNC90LjQuCDRgtGA0L7Qs9Cw0YLQtdC70YzQvdGL0YUg0LLQtdGB0LXQ\nvdC90LjRhSDQutC+0LzQv9C+0LfQuNGG0LjQuS48YnIgLz48YnIgLz7QndC10YHQvNC+0YLRgNGP\nINC90LAg0YHQstC+0Y4g0L3QtdC30LXQvNC90YPRjiDQutGA0LDRgdC+0YLRgywg0YTRgNC10LfQ\nuNGPINC+0YLQutGA0YvRgtCwINGB0YDQsNCy0L3QuNGC0LXQu9GM0L3QviDQvdC10LTQsNCy0L3Q\nvjog0L7QvdCwINGB0YLQsNC70LAg0LTQvtGB0YLQvtGP0L3QuNC10Lwg0YTQu9C+0YDQuNGB0YLQ\nuNC60Lgg0LvQuNGI0Ywg0LIg0LrQvtC90YbQtSBYSVgg0LLQtdC60LAucrINAABVB2NvbmdyYXRy\nsw0AAIlVA3NoZXK0DQAAiVUOaXNfcmVjb21tZW5kZWRytQ0AAIlVC2NhdGVnb3J5X2lkcrYNAACK\nARp1YksBdVUDbHBwcrcNAABLAXUu\n','2013-02-26 06:53:04'),('3969d7b1f17212e00139883301ac96c6','MjQzZDI4OTRiMTM5M2Q5ZmQ1NjlmZGVkNzJkNzZkNDA5Zjc1YjhhMzqAAn1xAS4=\n','2013-02-26 10:41:34'),('baeed867b7685cdab927b9fcac372f7d','MjQzZDI4OTRiMTM5M2Q5ZmQ1NjlmZGVkNzJkNzZkNDA5Zjc1YjhhMzqAAn1xAS4=\n','2013-02-26 07:03:56'),('8634fd2283ff96ae1515bfbd95ae1fa1','MjQzZDI4OTRiMTM5M2Q5ZmQ1NjlmZGVkNzJkNzZkNDA5Zjc1YjhhMzqAAn1xAS4=\n','2013-02-26 08:44:24'),('50a2c848a573f835b2b9a75d3429ba68','MjQzZDI4OTRiMTM5M2Q5ZmQ1NjlmZGVkNzJkNzZkNDA5Zjc1YjhhMzqAAn1xAS4=\n','2013-02-26 09:08:35'),('a88484e0103630e99c5fa99af94b40bf','MjQzZDI4OTRiMTM5M2Q5ZmQ1NjlmZGVkNzJkNzZkNDA5Zjc1YjhhMzqAAn1xAS4=\n','2013-02-26 09:08:36'),('986f4ec03b8d470f2e55c9625b74fa80','MjQzZDI4OTRiMTM5M2Q5ZmQ1NjlmZGVkNzJkNzZkNDA5Zjc1YjhhMzqAAn1xAS4=\n','2013-02-26 09:32:56'),('a21869336e90fba80ed4e050bb2c62e9','MjQzZDI4OTRiMTM5M2Q5ZmQ1NjlmZGVkNzJkNzZkNDA5Zjc1YjhhMzqAAn1xAS4=\n','2013-02-26 10:57:28'),('3c43ab4939cde28556da7c687a2ffc1d','MjQzZDI4OTRiMTM5M2Q5ZmQ1NjlmZGVkNzJkNzZkNDA5Zjc1YjhhMzqAAn1xAS4=\n','2013-02-26 13:43:35'),('16f41f223c78fddd191db27fb4127510','MjQzZDI4OTRiMTM5M2Q5ZmQ1NjlmZGVkNzJkNzZkNDA5Zjc1YjhhMzqAAn1xAS4=\n','2013-02-26 14:04:26'),('e5fc8d8daae5a1b9b4ae853a51012c2c','MjQzZDI4OTRiMTM5M2Q5ZmQ1NjlmZGVkNzJkNzZkNDA5Zjc1YjhhMzqAAn1xAS4=\n','2013-02-26 10:06:31'),('11471c87d16922f003beda454cc4bbf0','MjQzZDI4OTRiMTM5M2Q5ZmQ1NjlmZGVkNzJkNzZkNDA5Zjc1YjhhMzqAAn1xAS4=\n','2013-02-26 10:08:16'),('53936c8cc136e917c33f5c853a02b446','MjQzZDI4OTRiMTM5M2Q5ZmQ1NjlmZGVkNzJkNzZkNDA5Zjc1YjhhMzqAAn1xAS4=\n','2013-02-26 10:09:18'),('27d1cd0291ee211952c47102ea97f4a2','MjQzZDI4OTRiMTM5M2Q5ZmQ1NjlmZGVkNzJkNzZkNDA5Zjc1YjhhMzqAAn1xAS4=\n','2013-02-26 10:09:43'),('3a828c18cfdae4c2787179fec69da737','MjQzZDI4OTRiMTM5M2Q5ZmQ1NjlmZGVkNzJkNzZkNDA5Zjc1YjhhMzqAAn1xAS4=\n','2013-02-26 10:16:07'),('b5c303ff6f3160e75d69f5ccf5373d21','MjQzZDI4OTRiMTM5M2Q5ZmQ1NjlmZGVkNzJkNzZkNDA5Zjc1YjhhMzqAAn1xAS4=\n','2013-02-26 10:16:21'),('3bf9feccd4955bfc8aa0ae5781c91dfa','MjQzZDI4OTRiMTM5M2Q5ZmQ1NjlmZGVkNzJkNzZkNDA5Zjc1YjhhMzqAAn1xAS4=\n','2013-02-26 10:16:43'),('0ce89fdb90e43073dbb132872d1ae499','MjQzZDI4OTRiMTM5M2Q5ZmQ1NjlmZGVkNzJkNzZkNDA5Zjc1YjhhMzqAAn1xAS4=\n','2013-02-26 11:00:28'),('4d20f02f31ea18273bf3753f7af5ec2f','MjQzZDI4OTRiMTM5M2Q5ZmQ1NjlmZGVkNzJkNzZkNDA5Zjc1YjhhMzqAAn1xAS4=\n','2013-02-26 11:03:53'),('21abab9775b84675b47fe7f57d220ac4','MjQzZDI4OTRiMTM5M2Q5ZmQ1NjlmZGVkNzJkNzZkNDA5Zjc1YjhhMzqAAn1xAS4=\n','2013-02-26 11:04:47'),('5bfdca2492e518ca7d53d33dfe88fcd6','MjQzZDI4OTRiMTM5M2Q5ZmQ1NjlmZGVkNzJkNzZkNDA5Zjc1YjhhMzqAAn1xAS4=\n','2013-02-26 11:05:27'),('bc75eb6083bf4ec3c01ef52ec89564ba','MjQzZDI4OTRiMTM5M2Q5ZmQ1NjlmZGVkNzJkNzZkNDA5Zjc1YjhhMzqAAn1xAS4=\n','2013-02-26 11:05:45'),('44f795bff134ee28b64b2b48b0a3dd11','MjQzZDI4OTRiMTM5M2Q5ZmQ1NjlmZGVkNzJkNzZkNDA5Zjc1YjhhMzqAAn1xAS4=\n','2013-02-26 11:06:15'),('eafc5bebb3b5c0ba93df4911a4bb961a','MjQzZDI4OTRiMTM5M2Q5ZmQ1NjlmZGVkNzJkNzZkNDA5Zjc1YjhhMzqAAn1xAS4=\n','2013-02-26 11:07:29'),('8a4e0a90d330ac7bb29ce737c3066c49','MjQzZDI4OTRiMTM5M2Q5ZmQ1NjlmZGVkNzJkNzZkNDA5Zjc1YjhhMzqAAn1xAS4=\n','2013-02-26 11:08:08'),('b713660ff592357892da29c99d9b2590','MjQzZDI4OTRiMTM5M2Q5ZmQ1NjlmZGVkNzJkNzZkNDA5Zjc1YjhhMzqAAn1xAS4=\n','2013-02-26 11:08:35'),('fc30891767eb9be633bfebb28f3c01ea','MjQzZDI4OTRiMTM5M2Q5ZmQ1NjlmZGVkNzJkNzZkNDA5Zjc1YjhhMzqAAn1xAS4=\n','2013-02-26 11:09:15'),('0f1266b0baca994ffff5c13d5596b4d6','M2U2ZTI2ZDY4NWYxZDMwODQwNDI0MDg3Y2U3MGU3N2MzZDQ5ZDlkMzqAAn1xAShVEl9hdXRoX3Vz\nZXJfYmFja2VuZHECVSlkamFuZ28uY29udHJpYi5hdXRoLmJhY2tlbmRzLk1vZGVsQmFja2VuZHED\nVQ1fYXV0aF91c2VyX2lkcQSKAQFVBGNhcnRxBX1xBihjZGphbmdvLmRiLm1vZGVscy5iYXNlCm1v\nZGVsX3VucGlja2xlCnEHY2NhdGFsb2cubW9kZWxzCkJvdXF1ZXQKcQhdY2RqYW5nby5kYi5tb2Rl\nbHMuYmFzZQpzaW1wbGVfY2xhc3NfZmFjdG9yeQpxCYdScQp9cQsoVQ1tZXRhX2tleXdvcmRzcQxY\nAAAAAFUEbG92ZXENiVUHd2VkZGluZ3EOiVUGX3N0YXRlcQ9jZGphbmdvLmRiLm1vZGVscy5iYXNl\nCk1vZGVsU3RhdGUKcRApgXERfXESKFUGYWRkaW5ncROJVQJkYnEUVQdkZWZhdWx0cRV1YlUGaXNf\nbmV3cRaJVQN2aXBxF4lVBnRoYW5rc3EYiVUCaWRxGYoBIFUQbWV0YV9kZXNjcmlwdGlvbnEaWAAA\nAABVBXRpdGxlcRtYAAAAAFULYW5uaXZlcnNhcnlxHIlVCGludGVyaW9ycR2JVQVzb3JyeXEeiVUN\naG9saWRheV9yb3Nlc3EfiVULZGVzY3JpcHRpb25xIFimAAAA0JPRgNCw0YbQuNC+0LfQvdGL0Lkg\n0LHRg9C60LXRgiDQvdCwINC+0YHQvdC+0LLQtSA1INC60YDRg9C/0L3Ri9GFINGA0L7Qty0g0LHQ\ntdGB0L/RgNC+0LjQs9GA0YvRiNC90YvQuSDQstCw0YDQuNCw0L3RgiDRjdC70LXQs9Cw0L3RgtC9\n0L7Qs9C+INC/0L7Qt9C00YDQsNCy0LvQtdC90LjRj3EhVQlob3Jvc2NvcGVxIolVBXByaWNlcSOK\nAhoEVQlpc19hY3RpdmVxJIhVCnVwZGF0ZWRfYXRxJWNkYXRldGltZQpkYXRldGltZQpxJlUKB90C\nCQsGOQAAAGNkamFuZ28udXRpbHMudGltZXpvbmUKVVRDCnEnKVJxKIZScSlVCGJpcnRoZGF5cSqI\nVRBidXNpbmVzc19ib3VxdWV0cSuJVQVjaGlsZHEsiVUEc2x1Z3EtWAcAAAB0YXR5YW5hcS5VAmhl\ncS+JVQRuYW1lcTBYDgAAANCi0LDRgtGM0Y/QvdCwcTFVCmNyZWF0ZWRfYXRxMmgmVQoH3QIIBxwl\nAAAAaCiGUnEzVQpwcm9tb2Jsb2NrcTRYEwEAANCt0YLQvtGCINGN0LrRgdGC0YDQvtCy0L7Qs9Cw\n0L3RgtC90YvQuSDQsdGD0LrQtdGCINC00L7RgdGC0LDQstC40YIg0YPQtNC+0LLQvtC70YzRgdGC\n0LLQuNC1INGB0LDQvNC+0Lkg0Y3RhNGE0LXQutGC0L3QvtC5INC00LXQstGD0YjQutC1Jm5ic3A7\nINC4INC/0L7QtNGH0LXRgNC60L3QtdGCINC10LUg0LjQt9GO0LzQuNC90LrRgzxiciAvPjxzdHJv\nbmc+PGJyIC8+0JDRgNGC0LjQutGD0LsgMTMxMDIyPGJyIC8+PGJyIC8+PGJyIC8+PGJyIC8+PGJy\nIC8+PGJyIC8+PC9zdHJvbmc+cTVVB2NvbmdyYXRxNohVA3NoZXE3iVUOaXNfcmVjb21tZW5kZWRx\nOIlVC2NhdGVnb3J5X2lkcTmKARR1YksDaAdoCF1oCYdScTp9cTsoaAxYAAAAAGgNiGgOiGgPaBAp\ngXE8fXE9KGgTiWgUaBV1YmgWiGgXiGgYiGgZigEDaBpYAAAAAGgbWAAAAABoHIhoHYloHohoH4ho\nIFinAAAA0K3RhNGE0LXQutGC0L3Ri9C5INC20LXQvdGB0YLQstC10L3QvdGL0Lkg0LHRg9C60LXR\ngiAtINGB0LDQvNC+INCy0L7Qv9C70L7RidC10L3QuNC1INC+0YfQsNGA0L7QstCw0L3QuNGPINC4\nINC20LjQt9C90LXQu9GO0LHQuNGPLCDQutGA0LDRgdC+0YLRiyDQuCDQvNC+0LvQvtC00L7RgdGC\n0LhxPmgiiGgjigIkE2gkiGglaCZVCgfdAgkIDAEAAABoKIZScT9oKohoK4loLIloLVgOAAAAdnNl\nLWRseWEtdGVieWFxQGgviWgwWBYAAADQktGB0LUg0LTQu9GPINCi0LXQsdGPcUFoMmgmVQoH3QEQ\nChALAAAAaCiGUnFCaDRYUQEAADxwPtCa0YDRg9C/0L3Ri9C1INCx0YPRgtC+0L3RiyDRgNC+0LfR\niyBFc3BlcmFuemEg0Lgg0L7Rh9C10L3RjCDRj9GA0LrQsNGPINC4INCw0YDQvtC80LDRgtC90LDR\njyDQutGD0YHRgtC+0LLQsNGPINGA0L7Qt9CwINGB0LzQvtGC0YDRj9GC0YHRjyDQvdC10LLQtdGA\n0L7Rj9GC0L3QviDQttC40LLQvtC/0LjRgdC90L4g0L3QsCDRhNC+0L3QtSDQutGA0LDRgdC+0YfQ\nvdGL0YUg0Y3QutC30L7RgtC40YfQtdGB0LrQuNGFINGG0LLQtdGC0L7QsiDQuCDRgdC+0YfQvdC+\n0Lkg0LfQtdC70LXQvdC4LjxiciAvPjxiciAvPjxzdHJvbmc+0JDRgNGC0LjQutGD0Ls8L3N0cm9u\nZz46IDEzMTAwMDwvcD5xQ2g2iGg3iGg4iWg5igEUdWJLAXVVA2xwcHFESwJ1Lg==\n','2013-02-26 09:31:12'),('aa3bb5040156c30e349ba7f772ab956d','MjQzZDI4OTRiMTM5M2Q5ZmQ1NjlmZGVkNzJkNzZkNDA5Zjc1YjhhMzqAAn1xAS4=\n','2013-02-26 10:25:33'),('78f3cc1103f6b3d041b71ce98c77cfb5','MjQzZDI4OTRiMTM5M2Q5ZmQ1NjlmZGVkNzJkNzZkNDA5Zjc1YjhhMzqAAn1xAS4=\n','2013-02-26 10:26:07'),('670baef2e153addef81d59887127680c','MjQzZDI4OTRiMTM5M2Q5ZmQ1NjlmZGVkNzJkNzZkNDA5Zjc1YjhhMzqAAn1xAS4=\n','2013-02-26 10:28:10'),('3f63d3996e3149ffb3f32a88e3c80be4','MjQzZDI4OTRiMTM5M2Q5ZmQ1NjlmZGVkNzJkNzZkNDA5Zjc1YjhhMzqAAn1xAS4=\n','2013-02-26 10:28:13'),('03d3e5de03dedd296dc1f47f528ec66b','MjQzZDI4OTRiMTM5M2Q5ZmQ1NjlmZGVkNzJkNzZkNDA5Zjc1YjhhMzqAAn1xAS4=\n','2013-02-26 10:29:04'),('09bdd7d79f51699a2c97885b24604619','MjQzZDI4OTRiMTM5M2Q5ZmQ1NjlmZGVkNzJkNzZkNDA5Zjc1YjhhMzqAAn1xAS4=\n','2013-02-26 10:30:05'),('e9e17e6ba3477ccf6a3bc0b2f27187cf','MjQzZDI4OTRiMTM5M2Q5ZmQ1NjlmZGVkNzJkNzZkNDA5Zjc1YjhhMzqAAn1xAS4=\n','2013-02-26 10:31:08'),('7c4a721940be4ee72bbd7f8906dd746a','MjQzZDI4OTRiMTM5M2Q5ZmQ1NjlmZGVkNzJkNzZkNDA5Zjc1YjhhMzqAAn1xAS4=\n','2013-02-26 10:32:10'),('5d2f65255a44114d71276103a54faca3','MjQzZDI4OTRiMTM5M2Q5ZmQ1NjlmZGVkNzJkNzZkNDA5Zjc1YjhhMzqAAn1xAS4=\n','2013-02-26 10:32:31'),('c54e43c674b1a543033c7fed275b7c10','MjQzZDI4OTRiMTM5M2Q5ZmQ1NjlmZGVkNzJkNzZkNDA5Zjc1YjhhMzqAAn1xAS4=\n','2013-02-26 10:32:47'),('0e2f7e0aa7cc0a1d58aa83af8abe72ad','MjQzZDI4OTRiMTM5M2Q5ZmQ1NjlmZGVkNzJkNzZkNDA5Zjc1YjhhMzqAAn1xAS4=\n','2013-02-26 10:32:53'),('7cb7532121f01e7cad34aa8363989418','MjQzZDI4OTRiMTM5M2Q5ZmQ1NjlmZGVkNzJkNzZkNDA5Zjc1YjhhMzqAAn1xAS4=\n','2013-02-26 11:10:34'),('849432bf67771eb24b00b96d64376c88','MjQzZDI4OTRiMTM5M2Q5ZmQ1NjlmZGVkNzJkNzZkNDA5Zjc1YjhhMzqAAn1xAS4=\n','2013-02-26 11:12:50'),('bdaf9b09a0fd608f534a6c604bf959ff','MjQzZDI4OTRiMTM5M2Q5ZmQ1NjlmZGVkNzJkNzZkNDA5Zjc1YjhhMzqAAn1xAS4=\n','2013-02-26 11:13:12'),('16cb4b29a53958f43928d7e54db58399','MjQzZDI4OTRiMTM5M2Q5ZmQ1NjlmZGVkNzJkNzZkNDA5Zjc1YjhhMzqAAn1xAS4=\n','2013-02-26 11:14:00'),('612f7b9c4048caaaa3491ebbe6d73784','MjQzZDI4OTRiMTM5M2Q5ZmQ1NjlmZGVkNzJkNzZkNDA5Zjc1YjhhMzqAAn1xAS4=\n','2013-02-26 11:14:22'),('6f876852430c4641e0489bec57c3f131','MjQzZDI4OTRiMTM5M2Q5ZmQ1NjlmZGVkNzJkNzZkNDA5Zjc1YjhhMzqAAn1xAS4=\n','2013-02-26 11:23:32'),('4c988e677a63958c8947c8b948fc0650','MjQzZDI4OTRiMTM5M2Q5ZmQ1NjlmZGVkNzJkNzZkNDA5Zjc1YjhhMzqAAn1xAS4=\n','2013-02-26 11:44:04'),('f5a4662919c91a47a14128dd79aab0c6','MjY5NmZlYjQ0ZWE3ODE2ZDMyMmRkOGI2MjM4YWZlNTc5NTMzOTJmMzqAAn1xAShVEl9hdXRoX3Vz\nZXJfYmFja2VuZHECVSlkamFuZ28uY29udHJpYi5hdXRoLmJhY2tlbmRzLk1vZGVsQmFja2VuZHED\nVQ1fYXV0aF91c2VyX2lkcQSKAQF1Lg==\n','2013-02-26 12:51:08'),('a97d1cbcdcc847de3f91df1f878bcdc7','MjQzZDI4OTRiMTM5M2Q5ZmQ1NjlmZGVkNzJkNzZkNDA5Zjc1YjhhMzqAAn1xAS4=\n','2013-02-26 11:44:55'),('a491e8f7ba4b135f514dea11f08e0a07','MjQzZDI4OTRiMTM5M2Q5ZmQ1NjlmZGVkNzJkNzZkNDA5Zjc1YjhhMzqAAn1xAS4=\n','2013-02-26 11:48:15'),('9490017c68f2e388e59516c3956f4739','MjQzZDI4OTRiMTM5M2Q5ZmQ1NjlmZGVkNzJkNzZkNDA5Zjc1YjhhMzqAAn1xAS4=\n','2013-02-26 11:52:18'),('2ae11e9cd55219d89df77499b8415625','MjQzZDI4OTRiMTM5M2Q5ZmQ1NjlmZGVkNzJkNzZkNDA5Zjc1YjhhMzqAAn1xAS4=\n','2013-02-26 11:52:18'),('f4a4aa2b90bb6254ee151ebea9e087b2','MjQzZDI4OTRiMTM5M2Q5ZmQ1NjlmZGVkNzJkNzZkNDA5Zjc1YjhhMzqAAn1xAS4=\n','2013-02-26 11:56:47'),('39152b7424e2d6d21904384783cc8ed0','MjQzZDI4OTRiMTM5M2Q5ZmQ1NjlmZGVkNzJkNzZkNDA5Zjc1YjhhMzqAAn1xAS4=\n','2013-02-26 11:56:48'),('b8fad671988dd935b73733539c4c8376','MjQzZDI4OTRiMTM5M2Q5ZmQ1NjlmZGVkNzJkNzZkNDA5Zjc1YjhhMzqAAn1xAS4=\n','2013-02-26 12:06:27'),('67a6a0fd4ec4da6625a38f0277cd2809','MjQzZDI4OTRiMTM5M2Q5ZmQ1NjlmZGVkNzJkNzZkNDA5Zjc1YjhhMzqAAn1xAS4=\n','2013-02-26 12:06:31'),('1f062d18645ce07e84f01ffafc48a0cd','MjQzZDI4OTRiMTM5M2Q5ZmQ1NjlmZGVkNzJkNzZkNDA5Zjc1YjhhMzqAAn1xAS4=\n','2013-02-26 12:42:00'),('d73a483e796d20aab0ef3212c4603601','MjQzZDI4OTRiMTM5M2Q5ZmQ1NjlmZGVkNzJkNzZkNDA5Zjc1YjhhMzqAAn1xAS4=\n','2013-02-26 13:01:24'),('e0a2cfee41bea1bb6a0f696fb64997a0','MjQzZDI4OTRiMTM5M2Q5ZmQ1NjlmZGVkNzJkNzZkNDA5Zjc1YjhhMzqAAn1xAS4=\n','2013-02-26 13:13:09'),('9c2c92dab7582e4dd12f6a9b0667b99f','MjQzZDI4OTRiMTM5M2Q5ZmQ1NjlmZGVkNzJkNzZkNDA5Zjc1YjhhMzqAAn1xAS4=\n','2013-02-26 13:14:03'),('bf693a71e5906f685d58216bda9fb177','MjQzZDI4OTRiMTM5M2Q5ZmQ1NjlmZGVkNzJkNzZkNDA5Zjc1YjhhMzqAAn1xAS4=\n','2013-02-26 13:14:34'),('d6615179478b72b224273e80baa42d88','MjQzZDI4OTRiMTM5M2Q5ZmQ1NjlmZGVkNzJkNzZkNDA5Zjc1YjhhMzqAAn1xAS4=\n','2013-02-26 13:15:01'),('db13c282f6ee3dd73c46d816556375b0','MjQzZDI4OTRiMTM5M2Q5ZmQ1NjlmZGVkNzJkNzZkNDA5Zjc1YjhhMzqAAn1xAS4=\n','2013-02-26 13:18:13'),('819b06d326f375ec06405ff30dbf35db','MjQzZDI4OTRiMTM5M2Q5ZmQ1NjlmZGVkNzJkNzZkNDA5Zjc1YjhhMzqAAn1xAS4=\n','2013-02-26 13:22:26'),('5c25a5f4f0661c22abc6040a2def5a00','MjQzZDI4OTRiMTM5M2Q5ZmQ1NjlmZGVkNzJkNzZkNDA5Zjc1YjhhMzqAAn1xAS4=\n','2013-02-26 13:32:39'),('64e5e873133f9ce3b14dece1e879edef','MjQzZDI4OTRiMTM5M2Q5ZmQ1NjlmZGVkNzJkNzZkNDA5Zjc1YjhhMzqAAn1xAS4=\n','2013-02-26 13:34:43'),('71c591d2d2d2f5de1eb653d565b65998','MjQzZDI4OTRiMTM5M2Q5ZmQ1NjlmZGVkNzJkNzZkNDA5Zjc1YjhhMzqAAn1xAS4=\n','2013-02-26 15:26:18'),('b1283db40f189d9df2a2e2b13c5245b5','MjQzZDI4OTRiMTM5M2Q5ZmQ1NjlmZGVkNzJkNzZkNDA5Zjc1YjhhMzqAAn1xAS4=\n','2013-02-26 19:23:22'),('389d568a2c07ede75340f85bf2c481ad','MjQzZDI4OTRiMTM5M2Q5ZmQ1NjlmZGVkNzJkNzZkNDA5Zjc1YjhhMzqAAn1xAS4=\n','2013-02-26 22:20:16'),('964cbe1a4d61a79b4cb0a65b901f20aa','MjQzZDI4OTRiMTM5M2Q5ZmQ1NjlmZGVkNzJkNzZkNDA5Zjc1YjhhMzqAAn1xAS4=\n','2013-02-26 22:40:15'),('6b3709433f27f975c35e699080ca3463','MGMwYmVlM2JlOWFmNGVkM2NiYWI2NDU4YWZlZGVhZDM0ODcwNGM5MDqAAn1xAVUDbHBwcQJLAXMu\n','2013-02-26 22:51:49'),('01e11a8aa43238017c03a8a0f3d010bf','MjQzZDI4OTRiMTM5M2Q5ZmQ1NjlmZGVkNzJkNzZkNDA5Zjc1YjhhMzqAAn1xAS4=\n','2013-02-27 01:01:26'),('01dde2349d58ee37d7629a59e2ec5caf','MjQzZDI4OTRiMTM5M2Q5ZmQ1NjlmZGVkNzJkNzZkNDA5Zjc1YjhhMzqAAn1xAS4=\n','2013-02-27 02:58:49'),('1e2fd8963fb959872c61ed4a167a8e96','MjQzZDI4OTRiMTM5M2Q5ZmQ1NjlmZGVkNzJkNzZkNDA5Zjc1YjhhMzqAAn1xAS4=\n','2013-02-27 04:16:28'),('68ab808a8f41d41dc80ab9549eaf9173','MGMwYmVlM2JlOWFmNGVkM2NiYWI2NDU4YWZlZGVhZDM0ODcwNGM5MDqAAn1xAVUDbHBwcQJLAXMu\n','2013-02-27 04:49:02'),('b4ecf432678c109684c53524bb3f4c1a','MjQzZDI4OTRiMTM5M2Q5ZmQ1NjlmZGVkNzJkNzZkNDA5Zjc1YjhhMzqAAn1xAS4=\n','2013-02-27 05:53:11'),('da6b8993aa50b366df28461c10c2f933','MjQzZDI4OTRiMTM5M2Q5ZmQ1NjlmZGVkNzJkNzZkNDA5Zjc1YjhhMzqAAn1xAS4=\n','2013-02-27 06:39:18'),('e60c34b1c65e724d12fe8aa0b37a3e74','MjQzZDI4OTRiMTM5M2Q5ZmQ1NjlmZGVkNzJkNzZkNDA5Zjc1YjhhMzqAAn1xAS4=\n','2013-02-27 07:12:33'),('56e57c66082f668c3a60d198c4c23dad','MjQzZDI4OTRiMTM5M2Q5ZmQ1NjlmZGVkNzJkNzZkNDA5Zjc1YjhhMzqAAn1xAS4=\n','2013-02-27 07:12:41'),('db1ca5b3c02393960c28ce723a2ae39e','MjQzZDI4OTRiMTM5M2Q5ZmQ1NjlmZGVkNzJkNzZkNDA5Zjc1YjhhMzqAAn1xAS4=\n','2013-02-27 07:20:09'),('4548ffda8489a6de78654ed830c0ba9f','MjY5NmZlYjQ0ZWE3ODE2ZDMyMmRkOGI2MjM4YWZlNTc5NTMzOTJmMzqAAn1xAShVEl9hdXRoX3Vz\nZXJfYmFja2VuZHECVSlkamFuZ28uY29udHJpYi5hdXRoLmJhY2tlbmRzLk1vZGVsQmFja2VuZHED\nVQ1fYXV0aF91c2VyX2lkcQSKAQF1Lg==\n','2013-02-27 07:21:26');
/*!40000 ALTER TABLE `django_session` ENABLE KEYS */;
UNLOCK TABLES;

--
-- Table structure for table `django_site`
--

DROP TABLE IF EXISTS `django_site`;
/*!40101 SET @saved_cs_client     = @@character_set_client */;
/*!40101 SET character_set_client = utf8 */;
CREATE TABLE `django_site` (
  `id` int(11) NOT NULL AUTO_INCREMENT,
  `domain` varchar(100) NOT NULL,
  `name` varchar(50) NOT NULL,
  PRIMARY KEY (`id`)
) ENGINE=MyISAM AUTO_INCREMENT=2 DEFAULT CHARSET=utf8;
/*!40101 SET character_set_client = @saved_cs_client */;

--
-- Dumping data for table `django_site`
--

LOCK TABLES `django_site` WRITE;
/*!40000 ALTER TABLE `django_site` DISABLE KEYS */;
INSERT INTO `django_site` VALUES (1,'example.com','example.com');
/*!40000 ALTER TABLE `django_site` ENABLE KEYS */;
UNLOCK TABLES;

--
-- Table structure for table `flowers`
--

DROP TABLE IF EXISTS `flowers`;
/*!40101 SET @saved_cs_client     = @@character_set_client */;
/*!40101 SET character_set_client = utf8 */;
CREATE TABLE `flowers` (
  `id` int(11) NOT NULL AUTO_INCREMENT,
  `name` varchar(255) NOT NULL,
  `price` int(11) DEFAULT NULL,
  `is_new` tinyint(1) NOT NULL,
  `is_recommended` tinyint(1) NOT NULL,
  `is_active` tinyint(1) NOT NULL,
  `description` longtext NOT NULL,
  `category_id` int(11) NOT NULL,
  `created_at` datetime NOT NULL,
  `updated_at` datetime NOT NULL,
  `meta_description` varchar(255) NOT NULL,
  `meta_keywords` varchar(255) NOT NULL,
  `title` varchar(255) NOT NULL,
  `slug` varchar(50) NOT NULL,
  `promoblock` longtext NOT NULL,
  `vip` tinyint(1) NOT NULL,
  `business_bouquet` tinyint(1) NOT NULL,
  `birthday` tinyint(1) NOT NULL,
  `anniversary` tinyint(1) NOT NULL,
  `love` tinyint(1) NOT NULL,
  `interior` tinyint(1) NOT NULL,
  `congrat` tinyint(1) NOT NULL,
  `sorry` tinyint(1) NOT NULL,
  `child` tinyint(1) NOT NULL,
  `holiday_roses` tinyint(1) NOT NULL,
  `wedding` tinyint(1) NOT NULL,
  `thanks` tinyint(1) NOT NULL,
  `horoscope` tinyint(1) NOT NULL,
  `he` tinyint(1) NOT NULL,
  `she` tinyint(1) NOT NULL,
  PRIMARY KEY (`id`),
  UNIQUE KEY `slug` (`slug`),
  KEY `flowers_42dc49bc` (`category_id`)
) ENGINE=MyISAM AUTO_INCREMENT=75 DEFAULT CHARSET=utf8;
/*!40101 SET character_set_client = @saved_cs_client */;

--
-- Dumping data for table `flowers`
--

LOCK TABLES `flowers` WRITE;
/*!40000 ALTER TABLE `flowers` DISABLE KEYS */;
INSERT INTO `flowers` VALUES (5,'Хризантема кустовая',80,0,0,1,'Хризантема - символ долголетия, счастья и благосостояния.',24,'2013-01-16 10:50:28','2013-01-18 08:37:22','','','','hrizantema-kustovaya','Кустовые хризантемы похожи на ромашки, по этому напоминают нам о лете и солнце.',0,0,0,0,0,0,0,0,0,0,0,0,0,0,0),(4,'Розы',100,0,0,1,'Роза - истинная королева цветов.',20,'2013-01-16 10:45:51','2013-01-16 12:53:06','','','','rozy','<span>Букет роз - это и признание в любви, и знак уважения и благодарности, а так же идиальный подарок, шикарный и выразительный</span><br />Роза с плантаций Эквадора, Колумбии<br />длина стебля 90 см',0,0,0,0,0,0,0,0,0,0,0,0,0,0,0),(6,'Альстромерия',70,0,0,1,'Альстромерии - красивые и стойкие цветы, похожие на маленькие лилии.',42,'2013-01-16 10:59:21','2013-01-18 08:36:28','','','','alstromerii','Они выгодно оттеняют красоту роз и тюльпанов и прикрасно смотрятся отдельно в пышных букетах',0,0,0,0,0,0,0,0,0,0,0,0,0,0,0),(7,'Эустома',90,0,0,1,'Эустома (другое название - Лизиантус) - нежная, трепетная и в то же время стойкая.',26,'2013-01-16 12:29:47','2013-02-05 09:52:57','','','','eustoma','Сделать подарок для девушки, избалованной вниманием, просто, если выбрать необычные цветы. Эустома чем-то похожа и на колокольчик, и на розу, при этом она очень индивидуальна',0,0,0,0,0,0,0,0,0,0,0,0,0,0,0),(11,'Орхидея Ванда',150,0,0,1,'Уникальные орхидеи Ванда имеют насыщенные оттенки, которые можно сравнить с красочными экзотическими бабочками',26,'2013-01-18 08:26:01','2013-01-18 08:33:46','','','','orhideya-vanda','',0,0,0,0,0,0,0,0,0,0,0,0,0,0,0),(10,'Ромашки',70,0,0,1,'Милые и простые ромашки - теплые и родные',25,'2013-01-18 08:16:28','2013-01-18 08:34:37','','','','romashki','',0,0,0,0,0,0,0,0,0,0,0,0,0,0,0),(12,'Гербера',80,0,0,1,'Гербера - солнечные цветы, выражают радость и любовь к жизни',23,'2013-01-18 08:28:08','2013-01-18 08:33:11','','','','gerbera','',0,0,0,0,0,0,0,0,0,0,0,0,0,0,0),(13,'Папоротник',30,0,0,1,'Роскошные зубчатые листья папоротника успешно используются в качестве основной зелени в самых разнообразных букетах',13,'2013-01-18 08:32:26','2013-01-18 08:32:26','','','','paporotnik','',0,0,0,0,0,0,0,0,0,0,0,0,0,0,0),(16,'Беарграсс',30,0,0,1,'Тонкие листья этого растения, похожие на изумрудные нити, добавляют цветочным композициям изысканность, утонченность, пышность и элегантность',13,'2013-01-18 11:25:29','2013-01-18 11:25:29','','','','beargrass','',0,0,0,0,0,0,0,0,0,0,0,0,0,0,0),(15,'Роза кустовая',110,0,0,1,'Яркая красота, грациозность, роскошь и, в то же время, идивительная изящность - вот что отличает кустовые розы',20,'2013-01-18 08:46:48','2013-01-18 08:46:48','','','','roza-kustovaya','',0,0,0,0,0,0,0,0,0,0,0,0,0,0,0),(17,'Эвкалипт Парвифолия',50,0,0,1,'Изумрудные веточки эвкалипта Парвифолия очень изысканно смотрятся в букетах и композициях',13,'2013-01-18 11:36:26','2013-01-18 11:36:26','','','','evkalipt-parvifoliya','',0,0,0,0,0,0,0,0,0,0,0,0,0,0,0),(32,'Альбом для фотографий \"Свадебный\"',700,0,0,1,'Элегантный альбом для собрания незабываемых свадебных фотографий',55,'2013-02-07 08:15:03','2013-02-07 08:15:22','','','','albom-dlya-fotografij-svadebnyj','Прекрасный альбом в коробке поможет сохранить яркие моменты самого важного для Вас дня! Альбом состоит из 20 магнитных листов формата 28х31см<br /><br /><strong>Параметры:</strong> ширина - 31 см, высота - 31 см.&nbsp;<br /><br /><strong>Артикул:</strong> 134330<br /><br />',0,0,0,0,0,0,0,0,0,0,1,0,0,0,0),(19,'Хризантема Анастасия',70,0,0,1,'Хризантема - символ долголетия, счастья и благосостояния.',24,'2013-02-05 08:31:16','2013-02-05 08:33:54','','','','hrizantema-anastasiya','Основное отличие хризантем Анастасия от своих собратьев &ndash; изящные тонкие лепестки, за счет которых цветы кажутся пушистыми и в композициях салона Amelia-shop.ru смотрятся очень трогательно и оригинально.<br /><br />Цветки Анастасии в полном роспуске достигают 17 см! Естественно, что такое чудо флористики вызвало большой ажиотаж в цветочном мире и просто не могло не появиться в нашем каталоге.<br /><br />Элегантные белые, желтые, зеленые или розовые цветки хризантемы Анастасия великолепно смотрятся в качестве самостоятельного букета. Их красота и утонченность, эффектно подчеркнутые флористами Amelia-shop.ru, будут по достоинству оценены истинными эстетами. В аранжировке же с другими цветами Анастасия дарит новое впечатление: вносит нотки торжественности и удивительной легкости.<br /><br />Ежедневно меняя в вазе воду, можно продлить жизнь этих хризантем. Так же эти цветы не рекомендуется выносить на яркое солнце.',0,0,0,0,0,0,0,0,0,0,0,0,0,0,0),(20,'Гипсофила',70,0,0,1,'Вкрошечных кружевных соцветиях гипсофилы угадываются миллионы созвездий, рассыпанных по ночному небу.',13,'2013-02-05 08:42:21','2013-02-05 08:42:21','','','','gipsofila','Вкрошечных кружевных соцветиях гипсофилы угадываются миллионы созвездий, рассыпанных по ночному небу. Букеты с этим кротким и нежным цветком обладают какой-то невероятной космической энергетикой. Тончайшая вуаль гипсофилы, словно легкая свадебная фата, придает знакомым цветам особую негу и томность.<br /><br />Благодаря своей уникальной эстетике, гипсофила применяется для создания трепетных романтических композиций в коллекции Flower-shop.ru и является одним из главных цветов свадебной флористики. Хотя флористы отводят гипсофиле роль вспомогательного цветочного элемента, она очень трогательно и нежно смотрится в составе свадебного букета-дублера. А отсутствие ограничений по сезону делает этот цветок идеальным материалом для украшения женских букетов.',0,0,0,0,0,0,0,0,0,0,0,0,0,0,0),(21,'Фрезия',60,0,0,1,'Удивительно нежная, изящная и грациозная',26,'2013-02-05 08:46:47','2013-02-05 09:56:51','','','','freziya','Удивительно нежные, изящные и грациозные цветки фрезии наполняют композиции&nbsp; Amelia-shop.ru неповторимым шармом, легкостью и элегантностью, а их божественный аромат способен свести с ума каждого. Лепестки фрезии имеют так называемую &laquo;стеклянную фактуру&raquo;, которая проявляется в оригинальности цветовых переходов и словно некоторой прозрачности. В этом заключается магическая привлекательность, внешняя хрупкость и уникальность цветка.<br /><br />В самостоятельном букете или в цветочном ансамбле фрезия очень тонко передает атмосферу пробуждающейся после зимы природы. Поэтому ее желтые, оранжевые, сиреневые, белые или смешанные соцветия стали весьма востребованы при создании трогательных весенних композиций.<br /><br />Несмотря на свою неземную красоту, фрезия открыта сравнительно недавно: она стала достоянием флористики лишь в конце XIX века.',0,0,0,0,0,0,0,0,0,0,0,0,0,0,0),(22,'Калла',120,0,0,1,'Известный также под названиями белокрыльник и зантедеския',30,'2013-02-05 09:45:06','2013-02-05 09:56:35','','','','kalla','Известный также под названиями белокрыльник и зантедеския, стильный и весьма популярный во флористике цветок калла широко используется для создания женских и мужских букетов. Стройные и эффектные каллы способны подчеркнуть вертикаль в линейных композициях или добавить кокетливую нотку классическому круглому букету. А разнообразие их оттенков позволяет более полно раскрыть уникальные декоративные качества экзотического цветка.<br /><br />Родиной каллы считается Южная Африка. И хотя отдельные сорта можно встретить даже в умеренных областях северного полушария, именно на юге африканского континента произрастают культурные виды каллы, которые мы привыкли видеть в изящных цветочных композициях. Тонкий аромат ванили, отличная стойкость и врожденная элегантность удивительного тропического цветка определяют частое появление каллы в букетах от салона Amelia-shop.ru и становятся главным аргументом при выборе подарка для близкого человека.',0,0,0,0,0,0,0,0,0,0,0,0,0,0,0),(23,'Орхидея Фаленопсис',170,0,0,1,'Орхидеи Фаленопсис очень похожи на прекрасных мотыльков',26,'2013-02-05 09:48:19','2013-02-05 10:02:54','','','','orhideya-falenopsis','Существует легенда о том, что голландский ботаник К. Блюме, нашедший эти орхидеи на одном из островов Малайского архипелага, перепутал их со стайкой бабочек, парящих над землей. Подойдя ближе, он был поражен удивительным сходством, а диковинный вид цветов вызвал неподдельное восхищение. Действительно, орхидеи Фаленопсис очень похожи на прекрасных мотыльков, и даже название у них говорящее. Оно произошло от греческих слов &laquo;phalaina&raquo; &mdash; &laquo;ночная бабочка&raquo; и &laquo;opsis&raquo; &mdash; &laquo;сходство&raquo;.<br /><br />Выглядит этот сорт орхидей очень необычно: на длинном стебле красуются изящные цветки самой разной окраски &ndash; от чисто-белой до темно-фиолетовой. Примечательно и круглогодичное цветение Фаленопсис, что позволяет наслаждаться видом этих удивительных цветов независимо от сезона. Орхидея Фаленопсис используется флористами салона Amelia-shop.ru для составления композиций в утонченном восточном стиле.',0,0,0,0,0,0,0,0,0,0,0,0,0,0,0),(24,'Гортензия',500,0,0,1,'Крупные шарообразные соцветия белого, розового, голубого, зеленого оттенков',26,'2013-02-05 10:01:18','2013-02-05 10:01:18','','','','gortenziya','Следуя принципам цветочной иерархии, гортензию можно смело отнести к особам королевского рода. Это роскошное влаголюбивое растение пришло к нам из Японии менее ста лет тому назад и сразу же завоевало огромное количество поклонников. Крупные шарообразные соцветия белого, розового, голубого, зеленого оттенков собираются в исключительные по своей красоте и нежности композиции и зачастую не требуют никаких дополнительных элементов. Гортензии восхитительны сами по себе в любых своих проявлениях.<br /><br />Букеты с гортензией отличаются безупречным аристократизмом и одинаково хорошо подходят в качестве подарка молодой девушке или успешной бизнес-леди. А их пряный медовый аромат как нельзя лучше передает уникальный восточный колорит восхитительных цветов.',0,0,0,0,0,0,0,0,0,0,0,0,0,0,0),(25,'Мишка Яков',350,0,0,1,'Милый плюшевый мишка придется по вкусу каждой девушке!',51,'2013-02-07 04:50:57','2013-02-07 06:22:36','','','','mishka-yakov','Симпатичный медвежонок с мягкой шерсткой цвета топленого молока станет Вашим поверенным в любовных делах и передаст романтичный привет Вашей избраннице!<br /><br /><strong>Параметры:</strong> ширина - 21 см, высота - 24 см.<br /><br /><strong>Артикул:</strong> 185010<br /><br /><br />',0,0,0,0,0,0,0,0,0,0,0,0,0,0,0),(26,'Мишка «Bearington»',450,0,0,1,'Мишка в полосатом джемпере',51,'2013-02-07 05:18:51','2013-02-07 06:22:24','','','','mishka-bearington','Мишка &laquo;Bearington&raquo; в полосатом джемпере&nbsp;<br /><br /><strong>Параметры:</strong>&nbsp;ширина - 23 см, высота - 36 см.<br /><br /><strong>Артикул:</strong>&nbsp;187010<br /><br /><br />',0,0,0,0,0,0,0,0,0,0,0,0,0,0,0),(27,'Мишка \"Большая любовь\"',900,0,0,1,'Мягкая игрушка Мишка \"I love you\"',51,'2013-02-07 05:47:13','2013-02-07 06:20:52','','','','mishka-bolshaya-lyubov','Мягкая игрушка Мишка шоколадного цвета с огромным сердцем, выразит за вас самые нежные чувства!<br /><strong><br />Параметры:</strong>&nbsp;ширина - 22 см, высота - 40 см.<br /><br /><strong>Артикул:</strong>&nbsp;187510<br /><br /><br />',0,0,0,0,0,0,0,0,0,0,0,0,0,0,0),(28,'Пес Зефир',1100,0,0,1,'Обаятельная собачка - большая и нежная!',51,'2013-02-07 06:10:42','2013-02-07 06:22:01','','','','pes-zefir','Удивительная мягкая собачка с нарядным сердцем и очаровательной улыбкой.<br /><br /><strong>Параметры:</strong><br />&nbsp;высота - 60 см.&nbsp;<br /><br /><strong>Артикул:</strong> 132408<br /><br /><br /><br />',0,0,0,0,0,0,0,0,0,0,0,0,0,0,0),(29,'Пес Боби',500,0,0,1,'Очаровательный жизнерадостный пес станет лучшим добрым другом!',51,'2013-02-07 06:19:21','2013-02-07 06:21:47','','','','pes-bobi','Такой замечательный подарок никого не оставит равнодушным!<br /><br /><strong>Параметры:</strong> высота - 37 см.&nbsp;<br /><br /><strong>Артикул:</strong> 132309<br /><br /><br />',0,0,0,0,0,0,0,0,0,0,0,0,0,0,0),(30,'Слоненок Бонни',550,0,0,1,'Очаровательный слоненок с большими ушками!',51,'2013-02-07 06:29:51','2013-02-07 06:29:51','','','','slonenok-bonni','Замечательный мягкий и добрый слоненок, который ищет друзей и предлогает покатать их на спине!<br /><br /><strong>Параметры:</strong> высота - 70 см.&nbsp;<br /><br /><strong>Артикул:</strong> 132308<br /><br /><br />',0,0,0,0,0,0,0,0,0,0,0,0,0,0,0),(31,'Слоненок с бабочкой',700,0,0,1,'Мягкий слоненок с красивым бантиком, похожим на праздничную бабочку!',51,'2013-02-07 06:35:43','2013-02-07 06:36:49','','','','slonenok-s-babochkoj','Слоненк-джентльмен с атласными красным бантом, будет замечательным другом для взрослых и детей!<br /><br /><strong>Параметры:</strong> высота - 50 см.&nbsp;<br /><br /><strong>Артикул:</strong> 136087<br /><br />',0,0,0,0,0,0,0,0,0,0,0,0,0,0,0),(33,'Фотоальбом  \"Первые шаги\"',650,0,0,1,'Нежный и трогательный альбом для собрания первых достижений вашего малыша!',55,'2013-02-07 08:28:24','2013-02-07 08:33:00','','','','fotoalbom-pervye-shagi','Этот альбом станет отличным подарком, который его обладатели будут просматривать снова и снова, веть там будут собраны самые важные, а главное первые достижения малыша!&nbsp;Альбом рассчитан на 180 фотографий, формата 10х15см<br /><br /><strong>Параметры:</strong>&nbsp;ширина - 25 см, высота - 23 см.&nbsp;<br /><br /><strong>Артикул:</strong> 134270',0,0,0,0,0,0,0,0,1,0,0,0,0,0,0),(34,'Фотоальбом \"Детский\"',400,0,0,1,'Отличный альбом для собрания ярких событий',55,'2013-02-07 08:44:55','2013-02-07 08:49:17','','','','fotoalbom-detskij','Замечательный детский альбом с пластиковыми кармашками под фото формата 10х15см, &nbsp;в нем поместится 200 фотографий с самы яркими моментами из жизни ребенка.<br /><br /><strong>Параметры:&nbsp;</strong>ширина - 18 см, высота - 23 см.&nbsp;<br /><br /><strong>Артикул:</strong>&nbsp;134350',0,0,0,0,0,0,0,0,0,0,0,0,0,0,0),(35,'Альбом для фотографий \"Цветы\"',500,0,0,1,'Стильный альбом для Ваших фотографий, украшенный цветами',55,'2013-02-07 08:55:31','2013-02-07 09:23:48','','','','albom-dlya-fotografij-cvety','Нарядный альбом состоящий из 50 листов с пластиковыми кармашками формата 15х20 и возможностью сделать памятную надпись к каждой фотографии.<br /><br /><strong>Параметры:</strong> ширина - 22 см, высота - 24 см.&nbsp;<br /><br /><strong>Артикул:</strong> 134339<br /><br /><br />',0,0,0,0,0,0,0,0,0,0,0,0,0,0,0),(36,'Фотоальбом \"Разнообразный мир\"',550,0,0,1,'Этот альбом для собрания моментов ярких приключений',55,'2013-02-07 09:17:05','2013-02-07 09:24:06','','','','fotoalbom-raznoobraznyj-mir','Замечательный&nbsp; альбом состоящий из 50 листов с пластиковыми кармашками формата 15х20 и возможностью сделать памятную надпись к каждой фотографии.<br /><br />Параметры: ширина - 22 см, высота - 24 см. <br /><br />Артикул: 134377<br /><br /><br />',0,0,0,0,0,0,0,0,0,0,0,0,0,0,0),(37,'Фотоальбом',250,0,0,1,'Классический альбом для фотографий',55,'2013-02-07 09:23:31','2013-02-07 09:23:31','','','','fotoalbom','Классический альбом состоит из 10 магнитных листов формата 20х28см<br /><br />Параметры: ширина - 25 см, высота - 29 см.&nbsp;<br /><br />Артикул: 134358<br /><br />',0,0,0,0,0,0,0,0,0,0,0,0,0,0,0),(38,'Воздушный шарик \"Спанч Боб\"',350,0,0,1,'Забавный шарик в подарок - Спанч Боб',52,'2013-02-07 09:40:20','2013-02-07 09:42:22','','','','vozdushnyj-sharik-spanch-bob','Яркий воздушный шарик в форме забавного Спанч Боба<br /><br /><strong>Параметры: </strong>высота 60см<br /><strong>Артикул:</strong> 182635<br /><br /><br />',0,0,1,1,0,0,0,0,1,0,0,0,0,0,0),(39,'Воздушный шарик \"Золотое сердце\"',250,0,0,1,'Сверкающее сердечко для самого дорогого человека',52,'2013-02-07 09:47:02','2013-02-07 09:47:02','','','','vozdushnyj-sharik-zolotoe-serdce','<br />Радостное влюбленное сердечко &ndash; очаровательный подарок в дополнение к букету цветов.<br /><br /><strong>Параметры:</strong> диаметр - 46 см.&nbsp;<br /><br /><strong>Артикул:</strong> 135526',0,0,0,0,1,0,0,1,0,0,0,0,0,0,0),(40,'Шар с гелием \"Миккимаус\"',250,0,0,1,'Красочный шарик с добрыми и веселыми героями известного мультфильма',52,'2013-02-07 09:51:36','2013-02-07 09:51:36','','','','shar-s-geliem-mikkimaus','Праздничный шар, подаренный вместе с букетом, поднимет настроение и сделает сюрприз незабываемым!<br /><br /><strong>Параметры:</strong> диаметр - 46 см.&nbsp;<br /><br /><strong>Артикул:</strong> 133887',0,0,1,1,0,0,1,0,0,0,0,0,0,0,0),(41,'Шар с гелием \" Сердце\"',50,0,0,1,'Сердце для любимого человека',52,'2013-02-07 10:10:46','2013-02-07 10:13:04','','','','shar-s-geliem-serdce','<strong>Параметры:</strong> ширина 30 см<br /><br /><strong>Артикул:</strong> 140210<br /><br /><br />',0,0,0,0,1,0,0,0,0,0,0,0,0,0,0),(42,'Шар с гелием \"С днем рождения!',50,0,0,1,'Великолепный сюрприз на праздник',52,'2013-02-07 10:15:57','2013-02-07 10:18:22','','','','shar-s-geliem-s-dnem-rozhdeniya','В ассортименте, множество различных надписей и цветов<br /><strong><br />Параметры:</strong> ширина 30 см<br /><br /><strong>Артикул:</strong> 140520<br /><br />',0,0,1,1,0,0,0,0,0,0,0,0,0,0,0),(43,'Шар с гелием',40,0,0,1,'Отличное дополнение к любому подарку и букету',52,'2013-02-07 10:22:54','2013-02-07 10:22:54','','','','shar-s-geliem','В ассортименте<br /><br /><strong>Параметры:</strong> ширина 30 см<br /><br /><strong>Артикул:</strong> 140521',0,0,1,0,0,0,0,0,0,0,0,0,0,0,0),(44,'Ваза напольная \"Цветы\"',1700,0,0,1,'Отлично подойдет к любому интерьеру',59,'2013-02-07 10:48:28','2013-02-07 11:04:46','','','','vaza-napolnaya-cvety','Ваза напольная, керамическая с отверстиями по всей высоте, отлично подойдет для цветочных композиций из сухоцветов или искусственных цветов<br /><br />Высота вазы 60см<br /><br /><strong>Артикул:</strong> 271186<br /><br /><br /><br />',0,0,0,0,0,0,0,0,0,0,0,0,0,0,0),(45,'Ваза Цилиндр №1',420,0,0,1,'Ваза из прозрачного стекла. Высота - 25 см, диаметр - 12 см.',59,'2013-02-07 10:55:36','2013-02-07 10:55:36','','','','vaza-cilindr-1','Ваза из прозрачного стекла (Россия).<br /><br /><strong>Параметры:</strong> высота - 25 см, диаметр - 12 см.&nbsp;<br /><br /><strong>Артикул:</strong> 131646',0,1,1,1,1,1,1,1,1,1,1,1,1,1,1),(46,'Напольная ваза \"Квадрат\"',1700,0,0,1,'Замечательно украсит ваше жилище',59,'2013-02-07 11:01:17','2013-02-07 11:04:24','','','','napolnaya-vaza-kvadrat','Ваза напольная, керамическая с отверстиями по всей высоте, отлично подойдет для цветочных композиций из сухоцветов или искусственных цветов<br /><br />Высота вазы 60см<br /><br /><strong>Артикул:</strong> 090410<br /><br /><br />',0,0,0,0,0,0,0,0,0,0,0,0,0,0,0),(47,'Напольная ваза',1700,0,0,1,'Замечательно украсит ваше жилище',19,'2013-02-07 11:07:12','2013-02-07 11:07:12','','','','napolnaya-vaza','Ваза напольная, керамическая с отверстиями по всей высоте, отлично подойдет для цветочных композиций из сухоцветов или искусственных цветов<br /><br />Высота вазы 60см<br /><br /><strong>Артикул:</strong> 090410',0,0,0,0,0,0,0,0,0,0,0,0,0,0,0),(48,'Альбом для фотографий',700,0,0,1,'Элегантный альбом для собрания незабываемых свадебных фотографий',19,'2013-02-07 11:09:16','2013-02-07 11:09:16','','','','albom-dlya-fotografij','Прекрасный альбом в коробке поможет сохранить яркие моменты самого важного для Вас дня! Альбом состоит из 20 магнитных листов формата 28х31см<br /><br /><strong>Параметры:</strong> ширина - 31 см, высота - 31 см. <br /><br /><strong>Артикул:</strong> 134330',0,0,0,0,0,0,0,0,0,0,0,0,0,0,0),(49,'Воздушный шар с гелием',50,0,0,1,'Сердце для любимого человека',19,'2013-02-07 11:13:33','2013-02-07 11:14:19','','','','shar-s-gelie','<strong>Параметры:</strong> ширина 30 см<br /><br /><strong>Артикул:</strong> 140210<br /><br /><br />',0,0,0,0,0,0,0,0,0,0,0,0,0,0,0),(50,'Мишка \"I love you\"',900,0,0,1,'Мягкая игрушка Мишка \"I love you\"',19,'2013-02-07 11:16:31','2013-02-07 11:17:24','','','','mishka-i-love-you','Мягкая игрушка Мишка шоколадного цвета с огромным сердцем, выразит за вас самые нежные чувства!<br /><br /><strong>Параметры:</strong> ширина - 22 см, высота - 40 см.<br /><br /><strong>Артикул:</strong> 187510<br /><br /><br /><br />',0,0,0,0,0,0,0,0,0,0,0,0,0,0,0),(51,'Ваза стеклянная синяя',400,0,0,1,'Размеры вазы: высота - 26см, диаметр - 8см',59,'2013-02-07 11:21:38','2013-02-07 11:21:38','','','','vaza-steklyannaya-sinyaya','<strong>Артикул:</strong> 181076<br /><br />',0,0,0,0,0,0,0,0,0,0,0,0,0,0,0),(52,'Напольная ваза Черная',1500,0,0,1,'Строгая ваза, классического стиля',59,'2013-02-07 11:27:08','2013-02-07 11:28:02','','','','napolnaya-vaza-chernaya','Ваза напольная, керамическая &nbsp;отлично подойдет для цветочных композиций из сухоцветов или искусственных цветов<br /><br />Высота вазы 50см<br /><br />Артикул: 091010<br /><br />',0,0,0,0,0,0,0,0,0,0,0,0,0,0,0),(53,'Ваза Цилиндр №2',300,0,0,1,'Ваза из прозрачного стекла с красочным рисунком. Высота - 26 см, диаметр - 8см.',59,'2013-02-07 11:30:53','2013-02-07 11:30:53','','','','vaza-cilindr-2','Ваза из прозрачного стекла (Россия).<br /><br />Параметры: высота - 26 см, диаметр - 8 см.&nbsp;<br /><br />Артикул: 131647<br /><br />',0,0,0,0,0,0,0,0,0,0,0,0,0,0,0),(54,'Открытка ручной работы \"Море\"',200,0,0,1,'Авторская открытка в морском стиле',53,'2013-02-07 12:29:02','2013-02-07 12:29:02','','','','otkrytka-ruchnoj-raboty-more','<strong>Параметры:</strong> ширина - 14 см, высота - 18 см.&nbsp;<br /><br /><strong>Артикул:</strong> 132509<br /><br /><br />',0,0,0,0,0,0,0,0,0,0,0,0,0,0,0),(55,'Открытка ручной работы \"Особый стиль\"',200,0,0,1,'Яркая поздравительная открытка в актуальном ретро-стиле с пожеланием достатка',53,'2013-02-07 12:38:23','2013-02-07 12:38:23','','','','otkrytka-ruchnoj-raboty-osobyj-stil','<strong>Параметры:</strong> ширина - 10 см, высота - 15 см.&nbsp;<br /><br /><strong>Артикул:</strong> 135496',0,0,0,0,0,0,0,0,0,0,0,0,0,0,0),(56,'Открытка ручной работы',200,0,0,1,'Яркая поздравительная открытка в актуальном ретро-стиле с пожеланием достатка',19,'2013-02-07 12:40:03','2013-02-07 12:40:03','','','','otkrytka-ruchnoj-raboty','<strong>Параметры:</strong> ширина - 10 см, высота - 15 см. <br /><br /><strong>Артикул:</strong> 135496',0,0,0,0,0,0,0,0,0,0,0,0,0,0,0),(57,'Открытка ручной работы \"Обручальные кольца\"',200,0,0,1,'Изящная открытка, идеально подойдет для поздравления молодоженов!',53,'2013-02-07 12:47:54','2013-02-08 03:39:52','','','','otkrytka-ruchnoj-raboty-obruchalnye-kolca','Чудесная открытка декорирована нежными жемчужинами, обручальными колечками, атласной лентой.<br /><br /><strong>Параметры:</strong> ширина - 10 см, высота - 15 см.&nbsp;<br /><br /><strong>Артикул:</strong> 135242',0,0,0,0,0,0,0,0,0,0,1,0,0,0,0),(58,'Открытка ручной работы \"Самой нежной\"',120,0,0,1,'<p><span style=\"color: #cc4343;\">Открытка идеально подойдет для вашей любимой девушки.</span></p>',53,'2013-02-08 03:52:12','2013-02-08 04:47:57','','','','samoj-nezhnoj','',0,0,1,0,0,0,0,0,0,0,0,0,0,0,1),(59,'Конверт ручной работы \"Поздравляю\"',80,0,0,1,'Красочный конверт с нежными бантиками.',53,'2013-02-08 04:17:52','2013-02-08 04:17:52','','','','konvert-ruchnoj-raboty-pozdravlyayu','',0,0,1,1,1,0,1,1,0,0,0,0,0,0,1),(60,'конверт ручной работы \"С любовью\"',80,0,0,1,'конверт с сердечками',53,'2013-02-08 04:25:59','2013-02-08 04:25:59','','','','konvert-ruchnoj-raboty-s-lyubovyu','',0,0,1,0,0,0,1,1,0,0,0,0,0,0,1),(61,'Конверт ручной работы \"Believe\"',80,0,0,1,'Яркий конверт с бусинками.',53,'2013-02-08 04:38:58','2013-02-08 04:38:58','','','','konvert-ruchnoj-raboty-believe','',0,0,0,0,0,0,1,1,0,0,0,0,0,0,0),(62,'Конверт ручной работы \"Wedding day\"',80,0,0,1,'Конверт с днем свадьбы.',53,'2013-02-08 04:45:51','2013-02-08 04:45:51','','','','konvert-ruchnoj-raboty-wedding-day','',0,0,0,0,0,0,0,0,0,0,1,0,0,0,0),(63,'Валентинка ручной работы  №1',100,0,0,1,'Гормоничная валентинка с милыми сердечками подарит удовольствие получателю.',53,'2013-02-12 11:39:51','2013-02-12 11:39:51','','','','valentinka-ruchnoj-raboty-1','<strong>Артикул 131041</strong>',0,0,0,0,0,0,1,0,0,0,0,0,0,0,0),(64,'Валентинка ручной работы №2',100,0,0,1,'Яркая валентинка передаст все ваши чувства возлюбленному !',53,'2013-02-12 11:44:53','2013-02-12 11:44:53','','','','valentinka-ruchnoj-raboty-2','<br /><strong>Артикул 131042</strong>',0,0,0,0,0,0,1,0,0,0,0,0,0,0,0),(65,'Валентинка ручной работы №3',100,0,0,1,'Нейтральная валентинка , которая может быть адресованна любому получателю.',53,'2013-02-12 11:53:47','2013-02-12 11:53:47','','','','valentinka-ruchnoj-raboty-3','<br /><strong>Артикул 131043</strong>',0,0,0,0,0,0,1,0,0,0,0,0,0,0,0),(66,'Валентинка ручной работы №4',100,0,0,1,'Такую валентинку девушка может преподнести своей второй половинке .',53,'2013-02-12 12:03:06','2013-02-12 12:03:06','','','','valentinka-ruchnoj-raboty-4','<br /><strong>Артикул 131044</strong>',0,0,0,0,0,0,1,0,0,0,0,0,0,0,0),(67,'Валентинка ручной работы №5',100,0,0,1,'Валентинка в розово-голубой гамме самые нежные тона.',53,'2013-02-12 12:09:03','2013-02-12 12:09:03','','','','valentinka-ruchnoj-raboty-5','<strong>Артикул 131045</strong>',0,0,0,0,0,0,1,1,0,0,0,0,0,0,1),(68,'Валентинка ручной работы №6',100,0,0,1,'Элегантный вид валентинки привлечет взгляд щедрых покупателей .',53,'2013-02-12 12:18:41','2013-02-12 12:18:41','','','','valentinka-ruchnoj-raboty-6','<br /><br /><strong>Артикул 131046</strong>',0,0,0,0,0,0,1,1,0,0,0,0,0,0,0),(69,'Валентинка ручной работы №7',100,0,0,1,'Валентинка для самой нежной девушки.',53,'2013-02-12 12:23:59','2013-02-12 12:23:59','','','','valentinka-ruchnoj-raboty-7','<br /><br /><strong>Артикул 131047</strong>',0,0,0,0,0,0,1,1,0,0,0,0,0,0,1),(70,'Валентинка ручной работы№8',100,0,0,1,'Экстровогантная валентинка будет неотъемлемым завершеением вашему букету возлюбленной',53,'2013-02-12 12:29:26','2013-02-12 12:29:26','','','','valentinka-ruchnoj-raboty8','<br /><br /><strong>Артикул 131048</strong>',0,0,0,0,1,0,1,1,0,0,0,0,0,0,0),(71,'Валентинка ручной работы №9',100,0,0,1,'Валентинка с искренними нежными чувствами для вашей второй половинки.',53,'2013-02-12 12:36:05','2013-02-12 12:36:05','','','','valentinka-ruchnoj-raboty-9','<strong>Артикул 131049</strong>',0,0,0,0,1,0,1,1,0,0,0,0,0,0,0),(72,'Валентинка ручной работы №10',100,0,0,1,'Очень орегинальный фон и акцент на большое сердечко &nbsp;дарит ощущение тепла и чувста что тебя кто-то искренне любит.',53,'2013-02-12 12:41:05','2013-02-12 12:41:05','','','','valentinka-ruchnoj-raboty-10','<strong>Артикул 131050</strong>',0,0,0,0,1,0,1,1,0,0,0,0,0,0,0),(73,'Валентинка ручной работы № 11',100,0,0,1,'От любимого человека всегда приятно получать что-то неожиданно , а эта валентинка еще лишний раз напомнит о ваших чувствах.',53,'2013-02-12 12:48:07','2013-02-12 12:48:48','','','','valentinka-ruchnoj-raboty-11','<br /><strong>Артикул 131051</strong>',0,0,0,0,1,0,1,1,0,0,0,0,0,0,0),(74,'Валентинка ручной работы №12',100,0,0,1,'Яркая валентинка можно подарить как другу так и подружке',53,'2013-02-12 12:54:12','2013-02-12 12:54:12','','','','valentinka-ruchnoj-raboty-12','<strong>Артикул 131052</strong>',0,0,0,0,0,0,1,0,0,0,0,0,0,0,0);
/*!40000 ALTER TABLE `flowers` ENABLE KEYS */;
UNLOCK TABLES;

--
-- Table structure for table `flowers_sims`
--

DROP TABLE IF EXISTS `flowers_sims`;
/*!40101 SET @saved_cs_client     = @@character_set_client */;
/*!40101 SET character_set_client = utf8 */;
CREATE TABLE `flowers_sims` (
  `id` int(11) NOT NULL AUTO_INCREMENT,
  `from_flower_id` int(11) NOT NULL,
  `to_flower_id` int(11) NOT NULL,
  PRIMARY KEY (`id`),
  UNIQUE KEY `flowers_sims_from_flower_id_49d02d18b5045434_uniq` (`from_flower_id`,`to_flower_id`),
  KEY `flowers_sims_218862d1` (`from_flower_id`),
  KEY `flowers_sims_f942d22e` (`to_flower_id`)
) ENGINE=MyISAM AUTO_INCREMENT=87 DEFAULT CHARSET=utf8;
/*!40101 SET character_set_client = @saved_cs_client */;

--
-- Dumping data for table `flowers_sims`
--

LOCK TABLES `flowers_sims` WRITE;
/*!40000 ALTER TABLE `flowers_sims` DISABLE KEYS */;
INSERT INTO `flowers_sims` VALUES (24,26,27),(30,27,25),(27,25,26),(28,25,27),(21,28,29),(22,29,28),(29,26,25),(26,27,26),(35,31,30),(36,30,31),(41,36,35),(42,35,36),(46,39,41),(45,41,39),(52,46,44),(51,44,46),(53,47,44),(54,47,46),(55,44,47),(56,46,47),(64,39,49),(63,41,49),(62,49,39),(61,49,41),(76,27,50),(75,26,50),(74,25,50),(73,50,27),(72,50,26),(71,50,25),(84,46,52),(83,44,52),(82,52,46),(81,52,44),(85,53,45),(86,45,53);
/*!40000 ALTER TABLE `flowers_sims` ENABLE KEYS */;
UNLOCK TABLES;

--
-- Table structure for table `items`
--

DROP TABLE IF EXISTS `items`;
/*!40101 SET @saved_cs_client     = @@character_set_client */;
/*!40101 SET character_set_client = utf8 */;
CREATE TABLE `items` (
  `id` int(11) NOT NULL AUTO_INCREMENT,
  `flower_id` int(11) DEFAULT NULL,
  `quantity` int(11) NOT NULL,
  `bouq_id` int(11) NOT NULL,
  PRIMARY KEY (`id`),
  KEY `items_194dbf75` (`flower_id`),
  KEY `items_b06bf451` (`bouq_id`)
) ENGINE=MyISAM AUTO_INCREMENT=46 DEFAULT CHARSET=utf8;
/*!40101 SET character_set_client = @saved_cs_client */;

--
-- Dumping data for table `items`
--

LOCK TABLES `items` WRITE;
/*!40000 ALTER TABLE `items` DISABLE KEYS */;
INSERT INTO `items` VALUES (5,4,9,3),(4,5,5,3),(6,6,20,3),(7,7,10,3),(8,4,25,4),(14,10,6,7),(13,12,3,7),(12,4,9,7),(15,11,5,7),(16,13,6,7),(17,15,6,3),(18,6,29,8),(19,4,25,9),(23,4,65,13),(24,16,5,13),(25,4,33,14),(26,17,7,14),(27,16,1,14),(45,4,101,22),(32,4,25,17),(33,20,3,17),(34,21,9,17),(35,4,17,18),(36,13,5,18),(37,7,5,18),(38,4,7,19),(39,23,9,19),(40,24,1,19),(41,22,5,19),(42,5,7,20),(43,19,1,20),(44,12,17,21);
/*!40000 ALTER TABLE `items` ENABLE KEYS */;
UNLOCK TABLES;

--
-- Table structure for table `news`
--

DROP TABLE IF EXISTS `news`;
/*!40101 SET @saved_cs_client     = @@character_set_client */;
/*!40101 SET character_set_client = utf8 */;
CREATE TABLE `news` (
  `id` int(11) NOT NULL AUTO_INCREMENT,
  `date` varchar(18) NOT NULL,
  `title` varchar(158) NOT NULL,
  `text` longtext NOT NULL,
  `public` tinyint(1) NOT NULL,
  `slug` varchar(50) NOT NULL,
  `date_add` datetime NOT NULL,
  `anounce` longtext NOT NULL,
  PRIMARY KEY (`id`),
  UNIQUE KEY `slug` (`slug`)
) ENGINE=MyISAM AUTO_INCREMENT=6 DEFAULT CHARSET=utf8;
/*!40101 SET character_set_client = @saved_cs_client */;

--
-- Dumping data for table `news`
--

LOCK TABLES `news` WRITE;
/*!40000 ALTER TABLE `news` DISABLE KEYS */;
INSERT INTO `news` VALUES (1,'01.02.2013','Стал известен самый модный оттенок цветов 2013 года','<img src=\"/media/uploads/30012013_1.jpg\" alt=\"\" width=\"230\" height=\"223\" /><br />Весна уже не за горами, и цветоводы об этом помнят лучше многих. Именно по этой причине с середины января по всему миру проходят цветочные шоу и прочие мероприятия, на которых можно увидеть самые модные тенденции флористики и цветоводства 2013 года. Так, на днях в американском городе&nbsp; Сан-Диего известный флорист Майкл Гаффней назвал самую главную тенденцию весенней флористики в наступившем году!<br />По словам Майкла Гаффнея, самая яркая тенденция предстоящего сезона - цветы всех оттенков зеленого. \"Когда я составляю модные весенние композиции, я часто использую зеленые цвета, - рассказывает он. - Вы удивитесь, но есть огромное количество роз, гортензий, орхидей, тюльпанов и некоторых других цветов этого свежего и по-настоящему весеннего оттенка\".<br />Кстати, Майкл Гаффней не только используует зеленый цвет в своих композициях, но и предлагает делать это своим ученикам. \"Каждый букет должен быть оригинальным, необычным и весенним с тем модным, - говорит известный американский флорист. - Флористика - это очень динамичное искусство\".<br /><br /><em>По материалам издания \"SanFrancisco Chronicle\", США</em>',1,'novost','2013-01-09 21:07:10','<p class=\"p_small\"><span style=\"color: #cc4343;\">Итак, приоткроем завесу этой тайны!</span></p>'),(4,'03.02.2013','В феврале пуансеттию сменяют нарциссы','<img src=\"/media/uploads/30012013_2.jpg\" alt=\"\" width=\"270\" height=\"203\" /><br /><br />У многих праздников есть свои цветочные символы. Так, к примеру, Рождество и Новый год в католических странах часто ассоциируется с пуансеттией. А вот в азиатских странах, в свою очередь, отмечают другой, Лунный Новый год, да и цветочным символом этого праздника являются нарциссы!<br />Не знаете, по какой причине жители азиатских стран, а в особенности китайцы, называют нарцисс символом Лунного Нового года? На самом деле, все достаточно просто - нарцисс в этих странах ассоциируется с драгоценными металлами, красотой, роскошью и богатством - самые подходящие слова для этого праздника, не так ли?<br />Неудивительно,&nbsp;что высокая популярность нарциссов в Китае серьезно влияет на объемы производства этих цветов в азиатской стране. Крупнейшая ферма, на которой вы выращивают только нарциссы, находится на острове Чонгминг и занимаетболее 190 гектаров. В прошлом году сдесь было выращено более 250 миллионов нарциссов, чем гордится потомственный владелец фермы Донг Хи. По его словам, первые нарциссы были выращены на острове четыре сотни лет назад, и уже тогда этим занимались далекие предки Донг Хи.<br /><br /><em>По материалам сайта english.peopledaily.com.cn&nbsp;</em>',1,'v-fevrale-puansettiyu-smenyayut-narcissy','2013-01-30 13:46:35','Почему нарциссы считаются символом Лунного Нового года?'),(5,'04.02.2013','\"Лучше всего цветы продаются в \"сезон Валентина\"!\"','<img src=\"/media/uploads/29012013_1.jpg\" alt=\"\" width=\"270\" height=\"171\" /><br /><br />Хотя последние несколько лет были для Колумбии не особенно успешными в смысле реализации цветов, местные бизнесмены до сих пор живут надеждой на восстановление этого важного сектора сельского хозяйства. И главные свои надежды предприниматели возлагают на доходы от доставки цветов в приближающийся \"сезон Валентина\".<br />\"Праздник всех влюбленных, по предварительным оценкам, вызовет небывалый всплеск спроса на колубийские цветы, -говорит президент ассоциации цветочногоэкспорта в Колумбии, Аугусто Солано. - Мы рассчитываем продать за границу порядка 500 млн. цветов в самое ближайшее время. И главным заказчиком будет, конечно, США\".<br />Что же касается самих колумбийских предпринимателей, то они винят в упадке цветочной промышленности переоценку песо - основной государственной валюты. \" Дороговизна наших денежных единиц по отношению к долларуудерживает отдельных американских бизнесменов от покупки местных цветов, - жалуются колумбийцы. - Но мы надеемся, что это не помешает нам реализовать максимальное количество продукции в предверии долгожданного Дня Святого Валентина\".<br /><br /><em>По материалам сайта colombiareports.com</em>',1,'luchshe-vsego-cvety-prodayutsya-v-sezon-valentina','2013-01-31 07:51:20','Колумбийские бизнесмены надеются восполнить потери в цветочном секторе за счет праздника Всех влюбленных');
/*!40000 ALTER TABLE `news` ENABLE KEYS */;
UNLOCK TABLES;

--
-- Table structure for table `orders`
--

DROP TABLE IF EXISTS `orders`;
/*!40101 SET @saved_cs_client     = @@character_set_client */;
/*!40101 SET character_set_client = utf8 */;
CREATE TABLE `orders` (
  `id` int(11) NOT NULL AUTO_INCREMENT,
  `cart_id` varchar(50) NOT NULL,
  `date_added` datetime NOT NULL,
  `fio_ot` varchar(50) NOT NULL,
  `city_ot` varchar(50) NOT NULL,
  `tel_ot` varchar(50) NOT NULL,
  `email` varchar(50) NOT NULL,
  `delivery` longtext NOT NULL,
  `fio_p` varchar(50) NOT NULL,
  `tel_p` varchar(50) NOT NULL,
  `address_p` varchar(50) NOT NULL,
  `ask_address` tinyint(1) NOT NULL,
  `comment` longtext NOT NULL,
  `pred_zvon` tinyint(1) NOT NULL,
  `anon` tinyint(1) NOT NULL,
  `in_hands` tinyint(1) NOT NULL,
  `make_photo` tinyint(1) NOT NULL,
  `pay_method` varchar(50) NOT NULL,
  `postcard_text` longtext NOT NULL,
  `postcard_sign` longtext NOT NULL,
  `customer_notification` varchar(50) NOT NULL,
  `cart` longtext NOT NULL,
  `customer_id` int(11) NOT NULL DEFAULT '0',
  `total_summ` int(11) NOT NULL,
  `eula` tinyint(1) NOT NULL,
  `dop_tel_ot` varchar(50) NOT NULL,
  PRIMARY KEY (`id`),
  UNIQUE KEY `cart_id` (`cart_id`),
  KEY `orders_edc991fc` (`customer_id`)
) ENGINE=MyISAM AUTO_INCREMENT=31 DEFAULT CHARSET=utf8;
/*!40101 SET character_set_client = @saved_cs_client */;

--
-- Dumping data for table `orders`
--

LOCK TABLES `orders` WRITE;
/*!40000 ALTER TABLE `orders` DISABLE KEYS */;
INSERT INTO `orders` VALUES (21,'a2c320be-607b-11e2-a235-00163e000bff','2013-01-17 07:58:15',' ','','','','Самовывоз. \n Дата самовывоза -- . ','Артём','89617916282','Тернопольская, 6',0,'',0,0,0,0,'Безналичный расчет','','','','\n Тестовая позиция -- 1 \n',8,10,1,''),(13,'6ee2c5ee-5f0c-11e2-92bf-00163e000bff','2013-01-15 12:09:58',' ','','','','Самовывоз. \n Дата самовывоза -- . ','dfg','234','sdf',0,'p_comment',0,0,0,0,'Безналичный расчет','','','','\n Букет из роз -- 1 \n',8,500,1,''),(14,'e5c9b712-5f0c-11e2-bb29-00163e000bff','2013-01-15 12:13:09',' ','','','','Самовывоз. \n Дата самовывоза -- . Время самовывоза с 10:00 до 10:00','','','',0,'',0,0,0,0,'','','','','\n Букет из роз -- 1 \n',8,500,0,''),(20,'871ffb68-6079-11e2-af83-00163e000bff','2013-01-17 07:43:21',' Артём','','','','Самовывоз. \n Дата самовывоза -- . ','Артем','89617916282','Тернопольская, 6',0,'',0,0,0,0,'Безналичный расчет','','','','\n Тестовая позиция -- 1 \n',8,10,1,''),(19,'472de666-6077-11e2-baa3-00163e000bff','2013-01-17 07:30:09',' Сокольников Арсений','','','','Доставка курьером. \n Город доставки -- Тернопольская 6, офис 339. Дата доставки -- 18.01.13. Время доставки с 10:00 до 11:00','ФИО','89518179556','Уточнить адрес у получателя',1,'Тест',1,1,1,1,'Безналичный расчет','','','','\n Тестовая позиция -- 1 \n',7,10,0,''),(18,'bb5a7e20-6075-11e2-b143-00163e000bff','2013-01-17 07:20:04','САВ','','','','Доставка курьером. \n Город доставки -- Адрес. Дата доставки -- 10. Время доставки с 10:00 до 11:00','ФИО','89','Уточнить адрес у получателя',1,'камент',1,1,1,1,'Безналичный расчет','','','','\n Каравелла -- 1 \n',7,2050,0,''),(22,'6de7225a-647c-11e2-b651-00163e000bff','2013-01-22 10:13:55','John Doe','','','admin@example.com','Самовывоз. \n Дата самовывоза -- . ','еуые','892','Уточнить адрес у получателя',1,'',0,0,0,0,'Безналичный расчет','','','','\n Альстромерия -- 1 \n\n Все для Тебя -- 1 \n',1,7200,1,''),(23,'6cb0fe48-6480-11e2-90f9-00163e000bff','2013-01-22 10:42:31','John Doe','','','admin@example.com','Доставка курьером. \n Город доставки -- адрес. Дата доставки -- дата. ','фио','телефон','Уточнить адрес у получателя',1,'',0,0,0,0,'Безналичный расчет','','','','\n Все для Тебя -- 1 \n',1,4900,1,''),(24,'2caaa73a-648b-11e2-a022-00163e000bff','2013-01-22 11:59:28','Ritchie Blackmore','','','r@gmail.com','Самовывоз. \n Дата самовывоза -- . ','dfgd','dfgd','Уточнить адрес у получателя',1,'',0,0,0,0,'Наличными курьеру','','','','\n Любящее сердце -- 2 \n',3,5400,1,''),(25,'4ab25424-66a9-11e2-9314-00163e000bff','2013-01-25 04:40:12',' ','','','','Самовывоз. \n Дата самовывоза -- . ','Е','Е','Уточнить адрес у получателя',1,'',0,1,0,0,'','','','','\n Красная роза -- 1 \n\n Каравелла -- 1 \n\n Букет из роз -- 1 \n',7,2600,0,''),(26,'b64db6f6-6a3c-11e2-aebc-00163e000bff','2013-01-29 17:52:56','John Doe','','','admin@example.com','Самовывоз. \n Дата самовывоза -- . ','1','2','3',0,'',0,0,0,0,'Безналичный расчет','','','','\n Все для Тебя -- 1 \n',1,4900,1,''),(27,'081bcab6-6f5d-11e2-82f5-00163e000bff','2013-02-05 06:26:53','John Doe','','','admin@example.com','Самовывоз. \n Дата самовывоза -- . ','йцук','134','ыфва',0,'',0,0,0,0,'Безналичный расчет','','','','\n Хризантема кустовая -- 1 \n',1,80,1,''),(28,'eb4869bc-71e6-11e2-b36d-00163e000bff','2013-02-08 11:58:57','John Doe','','','admin@example.com','Самовывоз. \n Дата самовывоза -- . ','sdf','123','sdf',0,'',0,0,0,0,'Безналичный расчет','','','','\n Папоротник -- 1 \n',1,30,1,''),(29,'60f4892a-74fd-11e2-914e-00163e000bff','2013-02-12 10:17:17','John Doe','','','admin@example.com','Самовывоз. \n Дата самовывоза -- . ','dfg','123','sdf',0,'',0,0,0,0,'Безналичный расчет','','','','\n Позитив -- 1 \n',1,1950,1,''),(30,'604bb93c-7514-11e2-b3fa-00163e000bff','2013-02-12 13:01:55','John Doe','','','admin@example.com','Самовывоз. \n Дата самовывоза -- . ','ert','345','ert',1,'',0,0,0,0,'Наличными курьеру','','','','\n Альстромерия -- 1 \n\n Гипсофила -- 1 \n\n Любимой Маме -- 1 \n',1,7420,0,'');
/*!40000 ALTER TABLE `orders` ENABLE KEYS */;
UNLOCK TABLES;

--
-- Table structure for table `services`
--

DROP TABLE IF EXISTS `services`;
/*!40101 SET @saved_cs_client     = @@character_set_client */;
/*!40101 SET character_set_client = utf8 */;
CREATE TABLE `services` (
  `id` int(11) NOT NULL AUTO_INCREMENT,
  `title` varchar(158) NOT NULL,
  `text` longtext NOT NULL,
  `public` tinyint(1) NOT NULL,
  `slug` varchar(50) NOT NULL,
  `date_add` datetime NOT NULL,
  PRIMARY KEY (`id`),
  UNIQUE KEY `slug` (`slug`)
) ENGINE=MyISAM AUTO_INCREMENT=15 DEFAULT CHARSET=utf8;
/*!40101 SET character_set_client = @saved_cs_client */;

--
-- Dumping data for table `services`
--

LOCK TABLES `services` WRITE;
/*!40000 ALTER TABLE `services` DISABLE KEYS */;
INSERT INTO `services` VALUES (1,'Фитодизайн интерьера','<img src=\"/media/uploads/fitodesign-2.jpg\" alt=\"\" width=\"300\" height=\"376\" />&nbsp;<br /><br />Фитодизайн - это украшение помещения растениями. Многие считают фитодизайн способом \"выпендриться\" и поразить гостей обилием экзотических растений. Но растения в интерьере выполняют не только сугубо эстетическую функцию. Они производят необходимый нам кислород, поэтому благодаря им дома легче дышится. Зеленый цвет помогает дать отдых глазам и успокаивает нервную систему. А вид зеленых растений в холодное время года помогает бороться с осенней и зимней хандрой.<br />С фитодизайном связано ещё одно заблуждение. Некоторым кажется, что фитодизайн непременно подразумевает помещение, полностью заполненное растениями. На самом же деле вопрос тут не в количестве растений, а в грамотном их подборе, сочетании, расположении и использовании. Делать из квартиры джунги все же не стоит.<br /><br /><img src=\"/media/uploads/fitodesign-1.jpg\" alt=\"\" width=\"300\" height=\"377\" /><br /><br />Если вы решили, что вам нужен фитодизайн помещения, определитесь, какую часть вашей квартиры вы готовы выделить под растения. Самым распространенным вариантом все же остается подоконник. Но для него подходят только не слишком высокие светолюбивые растения. Кустистые и высокорослые растения будут загораживать &nbsp;свет. С вьющимися - та же история, если они найдут, за что зацепиться. А если не найдут, они просто упадут под своим весом и засохнут у батареи.<br />Существует ещё множество вариантов размещения растений в помещении. Фитодизайн не только сделает ваш интерьер законченным, но и улучшит воздух и микроклимат в комнате. Главное - выбирать для оформления квартиры самые полезные растения, которые не только производят кислород, но и выделяют в воздух фитонциды - особые вещества, подавляющие рост вредных бактерий или даже убивающие их.<br /><br />Цветочный салон Amelia - shop.ru предлагает свои услуги по фитодизайну интерьера домов и офисов, рабочих залов и кабинетов. Мы также предлагаем услуги по созданию зимних садов для отдыха и приема гостей, озеленению балконов с последующим уходом за растениями.<br /><br /><img src=\"/media/uploads/specialflowers-stone-14.jpg\" alt=\"\" width=\"600\" height=\"450\" /><br /><br />',1,'usluga','2013-01-09 20:32:28'),(2,'Новогоднее оформление','Новый год - самый долгожданный и хлопотный праздник. К нему мы начинаем готовиться за ранее и более ответственно что бы не пропустить самых главных нюансов , которые помогут нам сделать его красивее и интереснее.<br /><br /><img src=\"/media/uploads/897.jpg\" alt=\"\" width=\"300\" height=\"225\" /><br /><br />&nbsp;Поэтому наш цветочный салон <em>Amelia-Shop.ru</em> предлагает Вам свои услуги по <em>новогоднему оформлению&nbsp;</em>офисов , квартир, рестаранов, магазинов и загородных домов , а также:<br /><br /><br />- новогодние композиции, оригинальные букеты и сувениры для подарка Вашим близким, друзьям , сотрудникам и деловым партнерам ;<br />- новогоднюю упаковку подарков в корзинах с использованием новогодних аксессуаров и натуральных еловых веток.<br /><br /><br /><img src=\"/media/uploads/20.jpg\" alt=\"\" width=\"200\" height=\"140\" />&nbsp; &nbsp;<br /><br />&nbsp;Нарядные живые ели, стильные и уютные новогодние композиции с букетами, доставят массу удовольствия и подарят ощущение яркого и незабываемого праздника не только &nbsp;Вашим гостям, но и &nbsp;Вам самим!<br /><br />&nbsp; &nbsp; &nbsp; &nbsp; &nbsp; &nbsp; &nbsp; &nbsp; &nbsp; &nbsp; &nbsp; &nbsp; &nbsp; &nbsp; &nbsp; &nbsp; &nbsp; &nbsp; &nbsp; &nbsp; &nbsp; &nbsp; &nbsp; &nbsp; &nbsp; &nbsp; &nbsp; &nbsp; &nbsp; &nbsp; &nbsp; &nbsp; &nbsp; &nbsp; &nbsp; &nbsp; &nbsp; &nbsp; &nbsp; &nbsp; &nbsp; &nbsp; &nbsp; &nbsp; &nbsp; &nbsp; &nbsp; &nbsp; &nbsp; &nbsp; &nbsp; &nbsp; &nbsp; &nbsp; &nbsp; &nbsp; &nbsp; &nbsp; &nbsp; &nbsp; &nbsp; &nbsp; &nbsp; &nbsp; &nbsp; &nbsp; &nbsp; &nbsp; &nbsp; &nbsp; &nbsp; &nbsp; &nbsp; &nbsp; &nbsp; &nbsp; &nbsp; &nbsp; &nbsp; &nbsp;&nbsp;<br /><br />',1,'novogodnee-oformlenie','2013-01-16 15:58:10'),(3,'Оформление ресторанов','Если вы решили отдохнуть в ресторане, но там не хватает уюта и праздничной обстановки , то наш салон цветов Amelia-Shop.ru спешит предложить Вам свои услуги.<br />Мы поможем Вам создать индивидуальный имидж заведения вместе с композициями из живых цветов , которые умело украсят и озарят светом ваше место отдыха. &nbsp; &nbsp; &nbsp; &nbsp; &nbsp; &nbsp; &nbsp; &nbsp; &nbsp; &nbsp; &nbsp; &nbsp; &nbsp; &nbsp; &nbsp; &nbsp; &nbsp;<br /><br />&nbsp; &nbsp; &nbsp; &nbsp; &nbsp; &nbsp; &nbsp; &nbsp; &nbsp; &nbsp; &nbsp; &nbsp; &nbsp; &nbsp; &nbsp; &nbsp; &nbsp; &nbsp; &nbsp; &nbsp; &nbsp; &nbsp; &nbsp; &nbsp; &nbsp; &nbsp; &nbsp; &nbsp; &nbsp; &nbsp; &nbsp; &nbsp; &nbsp; &nbsp; &nbsp; &nbsp; &nbsp; &nbsp; &nbsp; &nbsp; &nbsp;<br />&nbsp; &nbsp; &nbsp; &nbsp; &nbsp; &nbsp; &nbsp; &nbsp; &nbsp; &nbsp; &nbsp; &nbsp; &nbsp; &nbsp; &nbsp; &nbsp; &nbsp; &nbsp; &nbsp; &nbsp; &nbsp; &nbsp; &nbsp; &nbsp; &nbsp; &nbsp; &nbsp; &nbsp; &nbsp; &nbsp; &nbsp; &nbsp; &nbsp; &nbsp; &nbsp; &nbsp; &nbsp; &nbsp; &nbsp; &nbsp; &nbsp; &nbsp; &nbsp; &nbsp; &nbsp; &nbsp; &nbsp; &nbsp; &nbsp; &nbsp; &nbsp; &nbsp; &nbsp; &nbsp;<img src=\"/media/uploads/626.14.r_0103.jpg\" alt=\"\" width=\"220\" height=\"220\" /><br /><br />Все композиции создаются с учетом индивидуальных стилевых особенностей Вашего интерьера, его цветовой гаммы.&nbsp;<br /><br />&nbsp;<br />&nbsp; &nbsp; &nbsp; &nbsp; &nbsp; &nbsp; &nbsp; &nbsp; &nbsp; &nbsp; &nbsp; &nbsp; &nbsp; &nbsp; &nbsp; &nbsp; &nbsp; &nbsp; &nbsp; &nbsp; &nbsp; &nbsp; &nbsp; &nbsp; &nbsp; &nbsp; &nbsp; &nbsp; &nbsp; &nbsp; &nbsp; &nbsp; &nbsp; &nbsp; &nbsp; &nbsp; &nbsp; &nbsp; &nbsp; &nbsp; &nbsp; &nbsp; &nbsp; &nbsp; &nbsp; &nbsp; &nbsp; &nbsp; &nbsp; &nbsp; &nbsp; &nbsp; &nbsp; &nbsp; &nbsp; &nbsp;<img src=\"/media/uploads/630.14.r_0107.jpg\" alt=\"\" width=\"220\" height=\"220\" /><br /><br />А также наш салон предлагает &nbsp;свои услуги по регулярному обновлению композиций из живых&nbsp; цветов в клубах, ресторанах, салонах красоты .<br />В цветочных композициях могут использоваться только \"стойкие\" цветы , которые будут сохранять свежесть в течении 5-7 дней.<br /><br />&nbsp; &nbsp; &nbsp; &nbsp; &nbsp; &nbsp; &nbsp; &nbsp; &nbsp; &nbsp; &nbsp; &nbsp; &nbsp; &nbsp; &nbsp; &nbsp; &nbsp; &nbsp; &nbsp; &nbsp; &nbsp; &nbsp; &nbsp; &nbsp; &nbsp; &nbsp; &nbsp; &nbsp; &nbsp; &nbsp; &nbsp; &nbsp; &nbsp; &nbsp; &nbsp; &nbsp; &nbsp; &nbsp; &nbsp; &nbsp; &nbsp; &nbsp; &nbsp; &nbsp; &nbsp; &nbsp; &nbsp; &nbsp; &nbsp; &nbsp; &nbsp; &nbsp; &nbsp; &nbsp; &nbsp; &nbsp; &nbsp; &nbsp; &nbsp; &nbsp; &nbsp; &nbsp; &nbsp; &nbsp; &nbsp; &nbsp; &nbsp; &nbsp; &nbsp; &nbsp; &nbsp; &nbsp; &nbsp; &nbsp; &nbsp; &nbsp; &nbsp; &nbsp; &nbsp; &nbsp; &nbsp; &nbsp; &nbsp; &nbsp; &nbsp; &nbsp;&nbsp;',1,'oformlenie-restoranov','2013-01-16 15:58:53'),(4,'Подарочная упаковка','Описание услуги',0,'podarochnaya-upakovka','2013-01-16 15:59:30'),(5,'Оформление свадьбы цветами','Описание услуги',0,'oformlenie-svadby-cvetami','2013-01-16 16:00:05'),(6,'Организация и проведение выездной регистрации','<h3>Почему Вам нужна Выездная Регистрация?<br /><br /></h3>\r\n<h3>Вы хотите быть Свободны и Независимы в Выборе?<br /><br /><img src=\"/media/uploads/igatmbjoon8.jpg\" alt=\"\" width=\"437\" height=\"487\" /><br /><br /><br /></h3>\r\n<h3><strong>1. Любое место проведения!</strong></h3>\r\nВ случае Выездной регистрации вы вольны выбрать что угодно: терраса ресторана на берегу Финского Залива, лесная опушка возле коттеджа на Карельских озерах, палуба белоснежной яхты, идущей на полных парусах по водам Балтики, оранжерея с тропическими растениями, модный ночной клуб и т.д.<br /><br />\r\n<h3><strong>2. Любое время проведения!</strong></h3>\r\nТуманное утро, Яркий полдень, Чарующий вечер, Сказка Белых Ночей! Все делается только и только для Вас! Если вы задерживаетесь и приедите позже оговоренного времени, нет проблем, все будут ждать. Вы полностью избавлены от суеты и спешки, свойственной регистрации в ЗАГСе.<br /><br />\r\n<h3><strong>3.Любое количество участников!</strong></h3>\r\nБудь у Вас свадьба для самого узкого круга друзей и родственников или шумная свадьба на 1000 человек - возможности Выездной регистрации позволяют устроить все таким образом, что все гости будут довольны, а свадьба не будет выглядеть пустой или турецким базаром.<br /><br />\r\n<h3>4.<strong>Любая программа церемонии!<br /><br /></strong></h3>\r\nВсе будет происходить в той последовательности, которую определите Вы. Заветная мечта любой невесты будет осуществлена! &nbsp;Будет и принц на белом коне и волшебник в голубом вертолете!<br /><br />\r\n<h3><strong>5.Любая музыка!</strong></h3>\r\nВам не придется слушать вальс Мендельсона с заезженных загсовых кассет! Самые любимые Ваши мелодии будут звучать в те моменты, когда Вам их захочется услышать. Вы любите живую музыку? Без проблем - любые музыканты к Вашим услугам! А свадебный гимн исполнить акапелло хор ангелочков!<br /><br />\r\n<h3><strong>6.&nbsp;Любой стиль оформления церемонии!</strong></h3>\r\n<br />Долой застиранные банты и пыльные пластмассовые цветы! Только оформление из настоящих, живых цветов и тканевые решения нужной цветовой гаммы, полностью собирающие воедино стиль одежды жениха и невесты, стиль свадебного букета, украшение арки молодоженов и стульев для гостей!<br /><br />\r\n<h3><strong>7. </strong>Седьмое преимущество выездной регистрации перед классической Вы узнаете, позвонив по телефону (351) 777-91-32<br /><br /><br /></h3>\r\n<h3>Мы проведем Свадебную Церемонию так, что Вы запомните её на всю жизнь!</h3>',1,'organizaciya-i-provedenie-vyezdnoj-registracii','2013-01-16 16:04:17'),(7,'Оформление цветами','Описание услуги',0,'oformlenie-cvetami','2013-01-16 16:05:40'),(8,'Оформление шарами','Описание услуги',0,'oformlenie-sharami','2013-01-16 16:07:32'),(9,'Организация и проведение праздников','Описание услуги',0,'organizaciya-i-provedenie-prazdnikov','2013-01-16 16:12:41'),(13,'Траурная флористика','На протяжении всей жизни цветы сопровождают нас.<br /><br />Особенно символичным в траурной флористике является недолговечность цветка, его хрупкость. Все это напоминает о том, что мы на земле - всего лишь гости.<br /><br />Цветы помогают выразить свою любовь и уважение ушедшему, достойно проводить его в последний путь.<br /><br />Салон цветов &nbsp;Amelia-shop.ru предлагает свои услуги по траурной флористике:<br />изготовлениетраурных венков, корзин, композиций и букетов<br />живые и искусственные цветы<br />по желанию заказчика - оформление траурными лентами<br />венки и корзины для возложения к памятникам и монументам<br />срочный заказ венков (24 ч)<br /><br />В нашем интернет-магазине вы можете заказать<br />ритуальные венки, цветы на похороны, траурные венки или оформить индивидуальный заказ в нашем цветочном салоне.<br /><br />По всем вопросам обращайтесь к менеджерам салона Amelia-shop.ru по телефону (351) 777-91-32<br /><img src=\"/media/uploads/131715_2.jpg\" alt=\"\" />',1,'traurnaya-floristika','2013-01-30 11:13:47'),(11,'Свадебный распорядитель','<img src=\"/media/uploads/ufnqjsnfyuk.jpg\" alt=\"\" width=\"500\" height=\"333\" /><br /><br /><br /><br />\r\n<h3><strong>УСЛУГИ В ХОДЕ ПОДГОТОВКИ К СВАДЬБЕ:</strong></h3>\r\nПланирование свадебного дня (check-list) и по необходимости свадебного бюджета.<br />Разработка стиля, концепции, тематики свадьбы, подготовка сценария торжества.<br />Подбор площадки для проведения торжества, помощь в составлении меню, организация выездных банкетов (кейтеринг).<br />Организация выездной церемонии регистрации брака ( подбор места проведения, оформления, атрибутов, регистратора; разработка сценария).<br />Разработка и организация выкупов, встреч, интерактивных прогулок.<br />Подбор ведущего(-их), конферансье, шоу-мена праздничного банкета, фотографа (-ов), видеоператора(-ов).<br />Организация развлекательной программы.<br />Техническое обеспечение праздника.<br />Организация оформления торжеств (флористика, декор, оформление текстилем).<br />Оформление торжества спецэффектами: салюты, фейерверки, фаер-шоу, небесные и водные фонарики.<br />Организация свадебного кортежа и транспортировки гостей.<br />Подбор свадебной полиграфии и аксессуаров в соответствии со стилистикой свадьбы.<br />Подбор, заказ и контроль своевременной доставки свадебного торта, каравая.<br />Помощь в создании образа молодоженов.<br />Организация свадебного путешествия.<br />Психологическая поддержка и помощь жениху, невесте, родителям.<br /><br /><img src=\"/media/uploads/8deox_dt_9s.jpg\" alt=\"\" width=\"500\" height=\"333\" />\r\n<h3>УСЛУГИ НАКАНУНЕ СВАДЬБЫ:</h3>\r\nДоставка в ресторан напитков, фруктов и других продуктов, которые молодожены покупают отдельно.<br />Согласование всех вопросов с рестораном, уточнение меню, количество гостей, времени начала фуршета/банкета, доставка каравая и торта.<br />Согласование действий со всеми, кто будет обслуживать свадьбу, уточнение времени и места прибытия каждого, контроль за выполнением обязательств, координация их совместной работы.<br />Решение многочисленных вопросов накануне свадьбы, на которые не хватило времени и/или сил молодоженам.<br />Помощь невесте в организации собственного времени перед свадьбой для достижения наилучшего внешнего вида и настроения в день свадьбы.<br />Встреча и размещение родственников, прибывающих из других городов.<br /><br /><img src=\"/media/uploads/y4xjoyry8qa.jpg\" alt=\"\" width=\"542\" height=\"447\" /><br /><br />\r\n<h3>УСЛУГИ В ДЕНЬ СВАДЬБЫ:</h3>\r\n<br />Контроль за своевременным прибытием визажиста, стилиста и т.д.<br />Доставка букета(-ов) невесты, лепестков роз, бутоньерки жениха и других цветочных аксессуаров.<br />Контроль за наличием свадебных фужеров и других аксессуаров.<br />Помощь в оформлении дома Невесты, координация выкупа Невесты.<br />Контроль за украшением ресторана, места проведения регистрации, кортежа, номера для новобрачных и т.д.<br />Координация выездной церемонии регистрации (в случае её проведения).<br />Помощь в проведении фотосессии и видеосъемки, координация работы фотографа и видеооператора;<br />Отслеживание тайминга прогулки.<br />Контроль за работой технического обеспечения мероприятия.<br />Пошаговый контроль приготовления блюд в ресторане, согласно оплаты. Строгий подсчет алкогольных и безалкогольных напитков на столах. Контроль обслуживания гостей и работы официантов.<br />Согласование вопросов по сервировке стола.<br />Расстановка банкетных карточек, плана-схемы рассадки гостей, бонбоньерок, книги пожеланий и других мелочей.<br />Подготовка места для подарков молодоженам и цветов.<br />Встреча и размещение творческих коллективов, музыкантов, артистов. Координация их работы, согласно сценарию праздника.<br />Контроль своевременной доставки и выноса свадебного торта, каравая.<br />Встреча и рассадка гостей на банкете.<br />Регулирование подачи блюд на банкете, расходование напитков.<br />Контроль и координация работы всех занятых исполнителей в день свадьбы.<br />Организация питания фотографа, видеоператора, ведущего, артистов и т.д.<br />При необходимости помощь гостям, устранение неприятных ситуаций, недоразумений и т.д.<br /><br /><img src=\"/media/uploads/z_00830da8.jpg\" alt=\"\" width=\"500\" height=\"333\" /><br /><br />\r\n<h3>УСЛУГИ В КОНЦЕ СВАДЕБНОГО БАНКЕТА:</h3>\r\nОрганизация трансферта молодоженов в гостиницу, квартиру и т.д.<br />Развоз гостей, вызов такси, заказ автобусов, построение маршрута движения автобуса.<br />Упаковка продуктов и напитков, оставшихся после банкета.<br />Сбор оставленных или забытых в ресторане вещей (подарки, цветы, украшения, взятые напрокат, книга для пожеланий и т.д.)<br />Контроль за демонтажем украшений свадебного зала.',1,'svadebnyj-rasporyaditel','2013-01-18 08:00:14'),(12,'Корпоративное обслуживание','Корпоративное обслуживание',0,'korporativnoe-obsluzhivanie','2013-01-24 07:42:41'),(14,'Акции','<br /><img src=\"/media/uploads/ugglcjmouok.jpg\" alt=\"\" />',1,'akcii','2013-02-06 04:11:18');
/*!40000 ALTER TABLE `services` ENABLE KEYS */;
UNLOCK TABLES;

--
-- Table structure for table `south_migrationhistory`
--

DROP TABLE IF EXISTS `south_migrationhistory`;
/*!40101 SET @saved_cs_client     = @@character_set_client */;
/*!40101 SET character_set_client = utf8 */;
CREATE TABLE `south_migrationhistory` (
  `id` int(11) NOT NULL AUTO_INCREMENT,
  `app_name` varchar(255) NOT NULL,
  `migration` varchar(255) NOT NULL,
  `applied` datetime NOT NULL,
  PRIMARY KEY (`id`)
) ENGINE=MyISAM AUTO_INCREMENT=42 DEFAULT CHARSET=utf8;
/*!40101 SET character_set_client = @saved_cs_client */;

--
-- Dumping data for table `south_migrationhistory`
--

LOCK TABLES `south_migrationhistory` WRITE;
/*!40000 ALTER TABLE `south_migrationhistory` DISABLE KEYS */;
INSERT INTO `south_migrationhistory` VALUES (1,'catalog','0001_initial','2013-01-08 08:16:00'),(2,'catalog','0002_auto__add_field_product_parent','2013-01-08 08:16:00'),(3,'catalog','0003_auto__chg_field_product_price','2013-01-08 08:16:00'),(4,'catalog','0004_auto__del_field_product_parent__del_field_product_level__del_field_pro','2013-01-08 08:16:00'),(5,'catalog','0005_auto__add_field_product_sims','2013-01-08 08:16:00'),(6,'catalog','0006_auto__del_field_product_sims','2013-01-08 08:16:00'),(7,'catalog','0007_auto__add_field_product_sims','2013-01-08 08:16:00'),(8,'catalog','0008_auto__chg_field_product_sims','2013-01-08 08:16:00'),(9,'catalog','0009_auto__del_field_product_sims','2013-01-08 08:16:00'),(10,'catalog','0010_auto__add_item','2013-01-08 08:16:00'),(11,'catalog','0011_auto__chg_field_item_quant','2013-01-08 08:16:00'),(12,'catalog','0012_auto__del_item','2013-01-08 08:16:00'),(13,'catalog','0013_auto__del_product__add_flower','2013-01-08 08:16:00'),(14,'catalog','0014_auto__add_item__add_bouquet','2013-01-08 08:16:00'),(15,'catalog','0015_auto__chg_field_item_quantity','2013-01-08 08:16:00'),(16,'catalog','0016_auto__chg_field_item_quantity','2013-01-08 08:16:00'),(17,'catalog','0017_auto__del_field_flower_image__add_field_flower_image_first__add_field_','2013-01-08 08:16:01'),(18,'catalog','0018_auto__add_field_flower_promoblock__add_field_bouquet_promoblock','2013-01-08 08:16:01'),(19,'catalog','0019_auto__add_floweimage__add_bouquetimage__del_field_flower_image_second_','2013-01-08 08:16:01'),(20,'catalog','0020_auto__del_floweimage__add_flowerimage','2013-01-08 08:16:01'),(21,'contman','0001_initial','2013-01-08 08:16:14'),(22,'contman','0002_auto__add_indexpage__add_slideritem','2013-01-08 08:16:14'),(23,'contman','0003_auto__del_field_indexpage_slider__add_field_slideritem_pageObject','2013-01-08 08:16:14'),(24,'news','0001_initial','2013-01-08 08:16:27'),(25,'news','0002_auto__del_newimage','2013-01-08 08:16:27'),(26,'news','0003_auto__add_field_news_anounce','2013-01-08 08:16:27'),(27,'services','0001_initial','2013-01-08 08:16:33'),(28,'calls','0001_initial','2013-01-08 08:16:39'),(29,'calls','0002_auto__chg_field_call_text','2013-01-08 08:16:39'),(30,'order','0001_initial','2013-01-08 08:16:45'),(31,'order','0002_auto__add_field_order_customer','2013-01-08 08:16:45'),(32,'order','0003_auto__add_field_order_total_summ','2013-01-08 08:16:45'),(33,'order','0004_auto__chg_field_order_customer_notification','2013-01-08 08:16:45'),(34,'order','0005_auto__chg_field_order_customer_notification','2013-01-08 08:16:45'),(35,'order','0006_auto__del_field_order_sms_ot__chg_field_order_delivery','2013-01-08 08:16:45'),(36,'order','0007_auto__del_field_order_dop_tel_ot','2013-01-08 08:16:45'),(37,'order','0008_auto__del_field_order_dop_tel_p__del_field_order_call_after_delivery__','2013-01-08 08:16:46'),(38,'order','0009_auto__add_field_order_eula','2013-01-08 08:16:46'),(39,'order','0010_auto__add_field_order_dop_tel_ot','2013-01-14 14:45:58'),(40,'contman','0004_auto__add_field_slideritem_link','2013-01-14 14:47:18'),(41,'catalog','0021_auto__add_field_flower_vip__add_field_flower_business_bouquet__add_fie','2013-01-28 13:57:51');
/*!40000 ALTER TABLE `south_migrationhistory` ENABLE KEYS */;
UNLOCK TABLES;

--
-- Table structure for table `thumbnail_kvstore`
--

DROP TABLE IF EXISTS `thumbnail_kvstore`;
/*!40101 SET @saved_cs_client     = @@character_set_client */;
/*!40101 SET character_set_client = utf8 */;
CREATE TABLE `thumbnail_kvstore` (
  `key` varchar(200) NOT NULL,
  `value` longtext NOT NULL,
  PRIMARY KEY (`key`)
) ENGINE=MyISAM DEFAULT CHARSET=utf8;
/*!40101 SET character_set_client = @saved_cs_client */;

--
-- Dumping data for table `thumbnail_kvstore`
--

LOCK TABLES `thumbnail_kvstore` WRITE;
/*!40000 ALTER TABLE `thumbnail_kvstore` DISABLE KEYS */;
/*!40000 ALTER TABLE `thumbnail_kvstore` ENABLE KEYS */;
UNLOCK TABLES;
/*!40103 SET TIME_ZONE=@OLD_TIME_ZONE */;

/*!40101 SET SQL_MODE=@OLD_SQL_MODE */;
/*!40014 SET FOREIGN_KEY_CHECKS=@OLD_FOREIGN_KEY_CHECKS */;
/*!40014 SET UNIQUE_CHECKS=@OLD_UNIQUE_CHECKS */;
/*!40101 SET CHARACTER_SET_CLIENT=@OLD_CHARACTER_SET_CLIENT */;
/*!40101 SET CHARACTER_SET_RESULTS=@OLD_CHARACTER_SET_RESULTS */;
/*!40101 SET COLLATION_CONNECTION=@OLD_COLLATION_CONNECTION */;
/*!40111 SET SQL_NOTES=@OLD_SQL_NOTES */;

-- Dump completed on 2013-02-13 11:21:48
